vid,url,verdict,evidence
V0000,chovaytieudung.online,,
V0001,k24live.xyz,,
V0002,www.crown88v.com,,
V0003,bidv.xyz,,
V0004,www.56hotlive.vip,,
V0005,854107.vip,,
V0006,thanhhoa.nhuxuan.thanhhoa.gov.vn,,
V0007,993.vn,,
V0008,kairyudo.co.jp,,
V0009,shopeevn6.com,,
V0010,www.vn-onlines.xyz,,
V0011,phukiensongtoan.com,,
V0012,grass.io,,
V0013,www.vongquaysieuphamfreefirevn.club,,
V0014,www.vnthanhnien.com,,
V0015,shxycx.com,,
V0016,www.playtogether.com.vn,,
V0017,gpay-mpos-ruttientindung.com,,
V0018,sd1675.xyz,,
V0019,789bet.tel,,
V0020,vidian.vn,,
V0021,cloudflare-gateway.com,,
V0022,www.yd516.com,,
V0023,www.choi789vn.online,,
V0024,www.sd9301.xyz,,
V0025,www.vietnamxcm.vip,,
V0026,vitalfootball.co.uk,,
V0027,blogtamsu.vn,,
V0028,kubetvn.mobi,,
V0029,shophaoquang.com,,
V0030,www.lz002.com,,
V0031,http://exoduuss.online/en/seguranca_validacao.php,,
V0032,khkempf.de,,
V0033,hi-go.org,,
V0034,arroyowhipsnake.com,,
V0035,ku89.bet,,
V0036,www.asj-muenster.de,,
V0037,trianqua4052.com,,
V0038,stvjogs.com,,
V0039,cpmstar.com,,
V0040,iagrai.gialai.gov.vn,,
V0041,trx.la,,
V0042,www.garenamembervipfreefire2021.com,,
V0043,napquare.com,,
V0044,www.eg0084.com,,
V0045,chanle96.net,,
V0046,motcuadientu.backan.gov.vn,,
V0047,www.amazon.amrsd.com,,
V0048,sotttt.caobang.gov.vn,,
V0049,hkpshopee.com,,
V0050,v7bom.com,,
V0051,congluan.vn,,
V0052,0fzj64.cn,,
V0053,hosting.net.np,,
V0054,haugiang.baohiemxahoi.gov.vn,,
V0055,chithao.quanghoa.caobang.gov.vn,,
V0056,now.vn,,
V0057,vnembassy-copenhagen.mofa.gov.vn,,
V0058,denisland.com,,
V0059,ubmttq.hochiminhcity.gov.vn,,
V0060,vdvbnhg6y.com,,
V0061,www.gamesaba.com,,
V0062,ffmenberzship-garena.com,,
V0063,www.vn-tss.top,,
V0064,www.coopmart1.com,,
V0065,756lux.com,,
V0066,www.dienmayxanhantam.com,,
V0067,eso-community.net,,
V0068,asp7890.com,,
V0069,vlute.edu.vn,,
V0070,www.napkimcuong234.com,,
V0071,thcsttcatba.haiphong.edu.vn,,
V0072,nilssonlee.se,,
V0073,nasd8129.com,,
V0074,stp.quangngai.gov.vn,,
V0075,chanlemomo.online,,
V0076,zim.vn,,
V0077,alicdn.com,,
V0078,www.sd1662.xyz,,
V0079,xoso456go.com,,
V0080,b221c.com,,
V0081,shopthureview.com,,
V0082,huongvinh.thuathienhue.gov.vn,,
V0083,www.shopadcoriff2023.tk,,
V0084,www.wnojnwy.cn,,
V0085,www.mpos-quetthevn.com,,
V0086,sd1695.xyz,,
V0087,www.hi88.vin,,
V0088,gream.ltd,,
V0089,www.dream-666.com,,
V0090,valesgratis.com,,
V0091,www.vizonegeek.com,,
V0092,gskygo.com,,
V0093,www.king07.xyz,,
V0094,www.aschumsseafoodab.com,,
V0095,www.xfnyzz.com,,
V0096,smrt.biddv.com,,
V0097,www.las53.com,,
V0098,ysmteam.com,,
V0099,www.moonlive.asia,,
V0100,vn88.ai,,
V0101,www.chongluadao.com,,
V0102,vitemac.com,,
V0103,goldencollections.net,,
V0104,jdpic.bar,,
V0105,www.rent-my-tesla.de,,
V0106,www.vpnsasr.com,,
V0107,ozio.tw,,
V0108,tikione.vip,,
V0109,vn-sg.club,,
V0110,mjh28.com,,
V0111,tamdiep.ninhbinh.gov.vn,,
V0112,www.etyuss.cn,,
V0113,myleague.vn,,
V0114,bfgoodrich.vn,,
V0115,www.oo567.live,,
V0116,http://dawnhollow.life/,,
V0117,ratuliga-ayah.site,,
V0118,www.i-goda.shop,,
V0119,www.knotcriterion.top,,
V0120,vitructuyen24-7.com,,
V0121,nemotech.ru,,
V0122,clmm.win,,
V0123,www.torzilla.de,,
V0124,xoso9988.com,,
V0125,www.qerdxm.com,,
V0126,uscloudminer.com,,
V0127,sd9772.xyz,,
V0128,myshopify.com,,
V0129,nhankhuyenmai.store,,
V0130,lisboa17.com,,
V0131,http://url7124.clearsoundpros.com/ls/click?upn=u001.3QAd2q-2FG8feWXojRZPX4-2Fd3xZx3XuwJjI9K8KbnPJ6LghHSlcNc6GWyqqv3Yj-2FGfGSnh5hiNRWkiT4q5xZMOG6YKlE9YSggb9VMudwBIzeYjFrV9sy8oQMCytLP5H36jEPe4_68If7Fl9L82gxlPCx3BxLyJ9f56UgQ17ThlNAXrS0Xp8rIpTrB2DpRwcp6gqIQLMd-2BRsrfpvyxvTnevc2blo5rYRloIVaDQqmFj4ihy3VN4nGFG07v9AjFpXmKLrjOgwV-2Fuso6hk3bHRua5zJIgjjy3AqWV3blwwIkYJ3dh-2FnxNMD-2BfBQNSh28DG20UadS7QnO0O7wmPf2Pymju1Ykh8WA-3D-3D,,
V0132,www.odlive03.com,,
V0133,www.ngocrongonline.com,,
V0134,www.24d.live,,
V0135,www.luckyfame78.com,,
V0136,mail.az,,
V0137,momovouchers.weebly.com,,
V0138,sailportal.it,,
V0139,tancangwarehousing.com.vn,,
V0140,cayvang.vn,,
V0141,pronovafield.se,,
V0142,www.sukientriankhachhang2021.com,,
V0143,mnlythaito.haiphong.edu.vn,,
V0144,gplxgov.org,,
V0145,ibiblioteka.lt,,
V0146,goshopee.net,,
V0147,mndongtam.haiphong.edu.vn,,
V0148,www.eurowin.top,,
V0149,vnskills.edu.vn,,
V0150,sd9490.xyz,,
V0151,phuonglocson.baoloc.lamdong.gov.vn,,
V0152,catholic-forum.com,,
V0153,napffx10.com,,
V0154,napkimcuongff2022.com,,
V0155,hdndbinhduong.vn,,
V0156,bambooairlines.com.vn,,
V0157,www.hkdbitexchange.com,,
V0158,www.nbnmining14.com,,
V0159,www.vn-iy.life,,
V0160,www.7cybgbw.cfd,,
V0161,senooee.com,,
V0162,mekongasean.vn,,
V0163,pink.rs,,
V0164,www.vn924364shop.com,,
V0165,www.dhl888.net,,
V0166,www.vaynganhangvn.com,,
V0167,www.tianaicn.com,,
V0168,www.vesovn.cc,,
V0169,accgameff.ga,,
V0170,www.lottemart.biz,,
V0171,quyhotro.com,,
V0172,securitytrails.com,,
V0173,www.unlockgarena.com,,
V0174,v12960.com,,
V0175,dichvudienmay-xanh.online,,
V0176,www.sunvip.me,,
V0177,www.lienquanmobilevn.site,,
V0178,vnembassy-jakarta.mofa.gov.vn,,
V0179,garena.mobi,,
V0180,www.newfastloan.cc,,
V0181,nbnmining14.com,,
V0182,mcfhog.id,,
V0183,dienmayxanh-dichvu.com,,
V0184,support-findmyphone.com,,
V0185,hongbienduongpho.com.vn,,
V0186,mnthuchanhkienan.haiphong.edu.vn,,
V0187,game.v99.mobi,,
V0188,xvbwmht.cn,,
V0189,www.twin968.com,,
V0190,meta88.com,,
V0191,www.dtkgam.com,,
V0192,lamson.ngoclac.thanhhoa.gov.vn,,
V0193,www.vsdfdad.icu,,
V0194,petrosains.com.my,,
V0195,jsagb87672.info,,
V0196,benxehoabinh.com.vn,,
V0197,lovelive-app.com,,
V0198,binh-chonthang7.weebly.com,,
V0199,www.vaylientay79.com,,
