domain,sources,fetched_at
100kshopeeepay.gif11.duckdns.org,phishdb,2026-08-12T09:34:46
119.vn,phishdb,2026-08-12T09:34:46
1f7df261265cf5fbc23bcccd55df6942-dot-bles05.wn.r.appspot.com,phishdb,2026-08-12T09:34:46
1ship.vn,phishdb,2026-08-12T09:34:46
1z1vcbdigibank.zvietcombank.com,phishdb,2026-08-12T09:34:46
200kshopeeepay.gif11.duckdns.org,phishdb,2026-08-12T09:34:46
24x7shopmart.weebly.com,phishdb,2026-08-12T09:34:46
345345453.io.vn,phishdb,2026-08-12T09:34:46
3csystem.vn,phishdb,2026-08-12T09:34:46
458094354.io.vn,phishdb,2026-08-12T09:34:46
45ybook.ueh.edu.vn,phishdb,2026-08-12T09:34:46
53ef7abd-cc99-4130-babe-fbff2590987c.id.repl.co,phishdb,2026-08-12T09:34:46
56xj98xvdgxvcbvb.top,phishdb,2026-08-12T09:34:46
5h-fnlkreuifhkvcbfkdjrjejfjdofjf.vercel.app,phishdb,2026-08-12T09:34:46
5k-tkogvbdfvxfvcberfqwedfrwet.vercel.app,phishdb,2026-08-12T09:34:46
70kshopeeepay.gif11.duckdns.org,phishdb,2026-08-12T09:34:46
742.financialdesign.mx,phishdb,2026-08-12T09:34:46
78u03i-heq-tbt-65sg-2co6vb.pages.dev,openphish,2026-08-12T09:34:46
7namtuhao.gaerana.io.vn,phishdb,2026-08-12T09:34:46
7namtuhao.gasenna.id.vn,phishdb,2026-08-12T09:34:46
856rcvryptensrvcbsns89hlpsfty.xyz,phishdb,2026-08-12T09:34:46
99v-zcv-bdgbgfbfgn-fhnghnxdvcbcb.vercel.app,phishdb,2026-08-12T09:34:46
99v-zcv-bdgbgfbfgn-fnghnxdvcbcvb.vercel.app,phishdb,2026-08-12T09:34:46
9x9design.com.vn,phishdb,2026-08-12T09:34:46
abeshalinks.com,phishdb,2026-08-12T09:34:46
abia.vn,phishdb,2026-08-12T09:34:46
acclarted-vyfnonig-scb.ml,phishdb,2026-08-12T09:34:46
account-update.amazon.co.jp.aserryvcbvgrtytuyt14mnbg.monster,phishdb,2026-08-12T09:34:46
account-update.amazon.co.jp.excvvcbjyrtghhjgf13hgtrg.com,phishdb,2026-08-12T09:34:46
account.verifications.io.vn,phishdb,2026-08-12T09:34:46
accountquality-business-home-186615446.id.vn,phishdb,2026-08-12T09:34:46
accounts.maxweb.academy,phishdb,2026-08-12T09:34:46
accounts.maxweb.black,phishdb,2026-08-12T09:34:46
accounts.maxweb.ninja,phishdb,2026-08-12T09:34:46
accounts.maxweb.red,phishdb,2026-08-12T09:34:46
accounts.maxweb.systems,phishdb,2026-08-12T09:34:46
acetax.vn,phishdb,2026-08-12T09:34:46
acrolldesign.fr,phishdb,2026-08-12T09:34:46
activar-tu-cuenta.logan.vn,phishdb,2026-08-12T09:34:46
admin.nap.maixuanthanh.id.vn,phishdb,2026-08-12T09:34:46
admin.timewatch.com.vn,phishdb,2026-08-12T09:34:46
admin.uob.applerewardsstore.com,phishdb,2026-08-12T09:34:46
admin.xana.design,phishdb,2026-08-12T09:34:46
ads.ac.vn,phishdb,2026-08-12T09:34:46
aeon-395.shop,phishdb,2026-08-12T09:34:46
aeon-8uyti.stkfl.net,phishdb,2026-08-12T09:34:46
aeon-9yuet.chinaok.net,phishdb,2026-08-12T09:34:46
aeon-bank.lol,phishdb,2026-08-12T09:34:46
aeon-bytare.com,phishdb,2026-08-12T09:34:46
aeon-cardkkm.tokyo,phishdb,2026-08-12T09:34:46
aeon-cardm.tokyo,phishdb,2026-08-12T09:34:46
aeon-co.jpv45nweiuuo.net,phishdb,2026-08-12T09:34:46
aeon-co.jpv4uiiyuuo.shop,phishdb,2026-08-12T09:34:46
aeon-co.jpv4vqqquuo.club,phishdb,2026-08-12T09:34:46
aeon-co.jpv7bweebyz.shop,phishdb,2026-08-12T09:34:46
aeon-co.jpv7bwerbx.club,phishdb,2026-08-12T09:34:46
aeon-com.top,phishdb,2026-08-12T09:34:46
aeon-denowatech.top,phishdb,2026-08-12T09:34:46
aeon-info.n19x.cn,phishdb,2026-08-12T09:34:46
aeon-iopnsui.com,phishdb,2026-08-12T09:34:46
aeon-j-c.icu,phishdb,2026-08-12T09:34:46
aeon-jp.icu,phishdb,2026-08-12T09:34:46
aeon-kongts.com,phishdb,2026-08-12T09:34:46
aeon-l.xyz,phishdb,2026-08-12T09:34:46
aeon-matuipos.com,phishdb,2026-08-12T09:34:46
aeon-mufgs.com,phishdb,2026-08-12T09:34:46
aeon-mutaon.com,phishdb,2026-08-12T09:34:46
aeon-nfo.com,phishdb,2026-08-12T09:34:46
aeon-paymentverify.com,phishdb,2026-08-12T09:34:46
aeon-poaht.com,phishdb,2026-08-12T09:34:46
aeon-retails.shop,phishdb,2026-08-12T09:34:46
aeon-rusianzji.shop,phishdb,2026-08-12T09:34:46
aeon-service.shop,phishdb,2026-08-12T09:34:46
aeon-shipping.paypal-merchant.ru,phishdb,2026-08-12T09:34:46
aeon-udkxnhan.shop,phishdb,2026-08-12T09:34:46
aeon-update.anqi88.cn,phishdb,2026-08-12T09:34:46
aeon-vatauiop.com,phishdb,2026-08-12T09:34:46
aeon-waon-point.shop,phishdb,2026-08-12T09:34:46
aeon.6cks2.ga,phishdb,2026-08-12T09:34:46
aeon.an8az8.shop,phishdb,2026-08-12T09:34:46
aeon.cn.jp.authorizo.jp,phishdb,2026-08-12T09:34:46
aeon.cn.jp.oojhfcd.top,phishdb,2026-08-12T09:34:46
aeon.cn.jp.otrldfml.click,phishdb,2026-08-12T09:34:46
aeon.co-jp.amnena.top,phishdb,2026-08-12T09:34:46
aeon.co-jp.authorizo.jp,phishdb,2026-08-12T09:34:46
aeon.co-jp.axcno.top,phishdb,2026-08-12T09:34:46
aeon.co-jp.oojhfcd.top,phishdb,2026-08-12T09:34:46
aeon.co-jp.otrldfml.click,phishdb,2026-08-12T09:34:46
aeon.co-jp.zcxvcbn.top,phishdb,2026-08-12T09:34:46
aeon.co.gwhbzn.com,phishdb,2026-08-12T09:34:46
aeon.co.jp.04doc.com,phishdb,2026-08-12T09:34:46
aeon.co.jp.antique-edutainment.com,phishdb,2026-08-12T09:34:46
aeon.co.jp.ccadmin.top,phishdb,2026-08-12T09:34:46
aeon.co.jp.co.doc28.com,phishdb,2026-08-12T09:34:46
aeon.co.jp.doc28.com,phishdb,2026-08-12T09:34:46
aeon.co.jp.doc43.com,phishdb,2026-08-12T09:34:46
aeon.co.jp.doc79.com,phishdb,2026-08-12T09:34:46
aeon.co.jp.glasslu.com,phishdb,2026-08-12T09:34:46
aeon.co.jp.gosgod.com,phishdb,2026-08-12T09:34:46
aeon.co.jp.gwhbzn.com,phishdb,2026-08-12T09:34:46
aeon.co.jp.huiyo.top,phishdb,2026-08-12T09:34:46
aeon.co.jp.login.gosgod.com,phishdb,2026-08-12T09:34:46
aeon.co.jp.miky.top,phishdb,2026-08-12T09:34:46
aeon.co.jp.mm6hfu.cn,phishdb,2026-08-12T09:34:46
aeon.co.jp.mstvuuo.cn,phishdb,2026-08-12T09:34:46
aeon.co.jp.registration.xo176.com,phishdb,2026-08-12T09:34:46
aeon.co.jp.xo176.com,phishdb,2026-08-12T09:34:46
aeon.co.jpa37nvci7vj.com,phishdb,2026-08-12T09:34:46
aeon.co.jpa3xza2cj.club,phishdb,2026-08-12T09:34:46
aeon.co.jpa7akccj.jp,phishdb,2026-08-12T09:34:46
aeon.co.jpa7aktacj.shop,phishdb,2026-08-12T09:34:46
aeon.co.jpjnjws6bju.shop,phishdb,2026-08-12T09:34:46
aeon.co.jpjtyryj79jnk.club,phishdb,2026-08-12T09:34:46
aeon.co.jpoj3474eyop.jp,phishdb,2026-08-12T09:34:46
aeon.co.jpoj35nvzap.shop,phishdb,2026-08-12T09:34:46
aeon.co.jpojin4nklnlx.com,phishdb,2026-08-12T09:34:46
aeon.co.jpregistration.gosgod.com,phishdb,2026-08-12T09:34:46
aeon.co.jpuioovn31aj.club,phishdb,2026-08-12T09:34:46
aeon.co.jpvnrinisnvs.net,phishdb,2026-08-12T09:34:46
aeon.co.jpvnrtu34in4.jp,phishdb,2026-08-12T09:34:46
aeon.co.jpvnrytwevn4.shop,phishdb,2026-08-12T09:34:46
aeon.co.ksucosuie.com,phishdb,2026-08-12T09:34:46
aeon.co.msucoseu.com,phishdb,2026-08-12T09:34:46
aeon.co.ncusmeua.com,phishdb,2026-08-12T09:34:46
aeon.co.nsucosuea.com,phishdb,2026-08-12T09:34:46
aeon.co.nuvmsouas.com,phishdb,2026-08-12T09:34:46
aeon.co.omsncue.com,phishdb,2026-08-12T09:34:46
aeon.co.smcusneo.com,phishdb,2026-08-12T09:34:46
aeon.co.ukvops421dmj.com,phishdb,2026-08-12T09:34:46
aeon.co.uo3nbkdo3s.net,phishdb,2026-08-12T09:34:46
aeon.co.usoueman.com,phishdb,2026-08-12T09:34:46
aeon.co.xicuseoai.com,phishdb,2026-08-12T09:34:46
aeon.com.jp.nrqsou.top,phishdb,2026-08-12T09:34:46
aeon.jp.04doc.com,phishdb,2026-08-12T09:34:46
aeon.jp.07wenku.com,phishdb,2026-08-12T09:34:46
aeon.jp.co.cwblock.com,phishdb,2026-08-12T09:34:46
aeon.jp.co.doc43.com,phishdb,2026-08-12T09:34:46
aeon.jp.co.doc67.com,phishdb,2026-08-12T09:34:46
aeon.jp.co.doc79.com,phishdb,2026-08-12T09:34:46
aeon.jp.co.glasslu.com,phishdb,2026-08-12T09:34:46
aeon.jp.co.xo176.com,phishdb,2026-08-12T09:34:46
aeon.jp.cwblock.com,phishdb,2026-08-12T09:34:46
aeon.jp.doc89.com,phishdb,2026-08-12T09:34:46
aeon.jp.glasslu.com,phishdb,2026-08-12T09:34:46
aeon.jp.xo176.com,phishdb,2026-08-12T09:34:46
aeon.msuneuaos.com,phishdb,2026-08-12T09:34:46
aeon.mvbkxhp.asso.ci,phishdb,2026-08-12T09:34:46
aeon.romomxa.asso.ci,phishdb,2026-08-12T09:34:46
aeon.usociusuyea.com,phishdb,2026-08-12T09:34:46
aeon.yzvjkoq.shop,phishdb,2026-08-12T09:34:46
aeon.zveurl.vip,phishdb,2026-08-12T09:34:46
afcu-0nlinebnking-scp.pages.dev,phishdb,2026-08-12T09:34:46
afrotechcommunity.net,phishdb,2026-08-12T09:34:46
agen-lpgg-onlayy-tabung-gass.madhost.my.id,phishdb,2026-08-12T09:34:46
agimexpharm.com.vn,phishdb,2026-08-12T09:34:46
agustins-van.webflow.io,phishdb,2026-08-12T09:34:46
agutukqxtrixbptwjvvcbatogajuhdkhwckb-dot-gl494903049.wl.r.appspot.com,phishdb,2026-08-12T09:34:46
aita.eventsredeems.com,phishdb,2026-08-12T09:34:46
aivethaibinhchs-jp8t.vercel.app,phishdb,2026-08-12T09:34:46
akareal.com.vn,phishdb,2026-08-12T09:34:46
akhirtahunshopee.weebly.com,phishdb,2026-08-12T09:34:46
akjqwe.shopttno1.vn,phishdb,2026-08-12T09:34:46
aktifkan-dana-shopee.aktivasie-monay.com,phishdb,2026-08-12T09:34:46
alemanautogroup.com,phishdb,2026-08-12T09:34:46
alosh-cccd52.ingress-baronn.ewp.live,phishdb,2026-08-12T09:34:46
amazon.account-update.amazon.co.jp.aserryvcbvgrtytuyt14mnbg.monster,phishdb,2026-08-12T09:34:46
amazon.co.jp.anuirtyvcbnbmoi12oiubmyi.biz,phishdb,2026-08-12T09:34:46
amazon.co.jp.anuirtyvcbnbmoi12oiubmyi.org,phishdb,2026-08-12T09:34:46
amazon.co.jp.aserryvcbvgrtytuyt14mnbg.buzz,phishdb,2026-08-12T09:34:46
amazon.co.jp.aserryvcbvgrtytuyt14mnbg.icu,phishdb,2026-08-12T09:34:46
amazon.co.jp.aserryvcbvgrtytuyt14mnbg.monster,phishdb,2026-08-12T09:34:46
amazon.co.jp.aserryvcbvgrtytuyt14mnbg.xyz,phishdb,2026-08-12T09:34:46
amazon.co.jp.qwezxccveretret1dvcbcvb.monster,phishdb,2026-08-12T09:34:46
amazon.co.jp.sadvbnghteryyu12-vcbcvb.com,phishdb,2026-08-12T09:34:46
amazon.usexpress.com.vn,phishdb,2026-08-12T09:34:46
amoldesign.com,phishdb,2026-08-12T09:34:46
amthucangiang.com,phishdb,2026-08-12T09:34:46
anaca.vn,phishdb,2026-08-12T09:34:46
anbdental.vn,phishdb,2026-08-12T09:34:46
angelshopee.com,phishdb,2026-08-12T09:34:46
anh.tiktokshopx.icu,phishdb,2026-08-12T09:34:46
anhhungphat.vn,phishdb,2026-08-12T09:34:46
another-costume-for-you387941.io.vn,phishdb,2026-08-12T09:34:46
anuuyoxvhvisytzhxkvnnvcbbjnisplsttem-dot-offgl8876899977678.uk.r.appspot.com,phishdb,2026-08-12T09:34:46
anuuyoxvhvisytzhxkvnnvcbbjnisplsttem.offgl8876899977678.uk.r.appspot.com,phishdb,2026-08-12T09:34:46
anzmaz.co.ip.bromomost.club,phishdb,2026-08-12T09:34:46
api.subiz.com.vn,phishdb,2026-08-12T09:34:46
apnashopee.com,phishdb,2026-08-12T09:34:46
app-aeon.top,phishdb,2026-08-12T09:34:46
app.tiktokshopsite.com,phishdb,2026-08-12T09:34:46
app.visualdesign.biz,phishdb,2026-08-12T09:34:46
app2.icontact.vn,phishdb,2026-08-12T09:34:46
appdangky.site,phishdb,2026-08-12T09:34:46
appdown.tiktokshop.cm,phishdb,2026-08-12T09:34:46
appnet897d09da20bcc530dc91e1f1d460cdd2.com,phishdb,2026-08-12T09:34:46
appnetempresapj.com,phishdb,2026-08-12T09:34:46
appnetflixrecadastro.azurewebsites.net,phishdb,2026-08-12T09:34:46
appnetmedya.com,phishdb,2026-08-12T09:34:46
appnetser.com,phishdb,2026-08-12T09:34:46
apps.websecure.lock.mainpage.added94854939.sendoxmix.com,phishdb,2026-08-12T09:34:46
apro.com.vn,phishdb,2026-08-12T09:34:46
apsconsultant.vn,phishdb,2026-08-12T09:34:46
arena.vn,phishdb,2026-08-12T09:34:46
argusendoptics.com,phishdb,2026-08-12T09:34:46
arshopee55.com,phishdb,2026-08-12T09:34:46
artexport.com.vn,phishdb,2026-08-12T09:34:46
association-criteria-27314.neko4gvpn.pro.vn,phishdb,2026-08-12T09:34:46
asxcvbhytrdcv.weeblysite.com,phishdb,2026-08-12T09:34:46
atacadoparis.sobraldesign.com.br,phishdb,2026-08-12T09:34:46
atasteofsaigon.com,phishdb,2026-08-12T09:34:46
att-scb-mail-account-login-screen.weebly.com,phishdb,2026-08-12T09:34:46
attmailvcbh.weebly.com,phishdb,2026-08-12T09:34:46
atttc5vcfdddcvcbxxpvy.weebly.com,phishdb,2026-08-12T09:34:46
aut.dcs.mybluehost.me,phishdb,2026-08-12T09:34:46
auth--app-crypto-dso-web-cdn.webflow.io,phishdb,2026-08-12T09:34:46
authuk88-omomom22.computergerer.org,phishdb,2026-08-12T09:34:46
auvanquoc27.io.vn,phishdb,2026-08-12T09:34:46
avoid-risks253656881.io.vn,phishdb,2026-08-12T09:34:46
avtorization.vov.ru,phishdb,2026-08-12T09:34:46
baca-a62.gq,phishdb,2026-08-12T09:34:46
baca-game.com,phishdb,2026-08-12T09:34:46
bacgau.freefire-gerana.io.vn,phishdb,2026-08-12T09:34:46
bacgiang-school.fpt.edu.vn,phishdb,2026-08-12T09:34:46
bachthaoduoc.vn,phishdb,2026-08-12T09:34:46
backandsportsinjuryclinic.com,phishdb,2026-08-12T09:34:46
backaniang.com,phishdb,2026-08-12T09:34:46
bafybeiap2yx4p7g76csly24wyzpjpypgfmoey3qrx4mbvb5ccllgnvcbtm.ipfs.w3s.link,phishdb,2026-08-12T09:34:46
bafybeiblg3ffocpgi3fmc4eticgxo5tjokrqnq3qjkfnnr54h5kvcb37sy.ipfs.cf-ipfs.com,phishdb,2026-08-12T09:34:46
bafybeiblg3ffocpgi3fmc4eticgxo5tjokrqnq3qjkfnnr54h5kvcb37sy.ipfs.dweb.link,phishdb,2026-08-12T09:34:46
bafybeiblg3ffocpgi3fmc4eticgxo5tjokrqnq3qjkfnnr54h5kvcb37sy.ipfs.nftstorage.link,phishdb,2026-08-12T09:34:46
bafybeievcb5qixuqfexzs5uva3fga4yf6raaz6hnedfagsk3ddjyzbts7m.ipfs.dweb.link,phishdb,2026-08-12T09:34:46
bafybeig6jtdfmpcqd6prtzexcstbsxvcb2reijb2vdzirdy2bs2rc56jz4.ipfs.dweb.link,phishdb,2026-08-12T09:34:46
bafybeigdcfxwvcb36mrnc3qqp4gqqhm3sthrpqpi3pvl457neuqikssl4a.ipfs.dweb.link,phishdb,2026-08-12T09:34:46
baito.vn,phishdb,2026-08-12T09:34:46
bakhai.vn,phishdb,2026-08-12T09:34:46
bankofamerica.com.ctcdn.vn,phishdb,2026-08-12T09:34:46
bankofamerica.com.dhp.net.vn,phishdb,2026-08-12T09:34:46
bankofamerica.com.giatin.vn,phishdb,2026-08-12T09:34:46
bankofamerica.com.gic.net.vn,phishdb,2026-08-12T09:34:46
bankofamerica.com.husc.edu.vn,phishdb,2026-08-12T09:34:46
bankofamerica.com.minhco.com.vn,phishdb,2026-08-12T09:34:46
bankofamerica.com.ngalau.com.vn,phishdb,2026-08-12T09:34:46
bankofamerica.com.vitours.com.vn,phishdb,2026-08-12T09:34:46
bankofamerica.com.xedienquangbinh.com.vn,phishdb,2026-08-12T09:34:46
bao-nguyentien.pages.net.br,phishdb,2026-08-12T09:34:46
bao-tic.com,phishdb,2026-08-12T09:34:46
bao.usdt888.net,phishdb,2026-08-12T09:34:46
baobimocan.vn,phishdb,2026-08-12T09:34:46
baomatfbhihi.000webhostapp.com,phishdb,2026-08-12T09:34:46
baomoi24h-facebook.htw.vn,phishdb,2026-08-12T09:34:46
baomuaban.vn,phishdb,2026-08-12T09:34:46
baucarshopee1418.weebly.com,phishdb,2026-08-12T09:34:46
baucarshopee1433.weebly.com,phishdb,2026-08-12T09:34:46
baucarshopee1439.weebly.com,phishdb,2026-08-12T09:34:46
baucarshopee1441.weebly.com,phishdb,2026-08-12T09:34:46
baucarshopee1442.weebly.com,phishdb,2026-08-12T09:34:46
baucarshopee1444.weebly.com,phishdb,2026-08-12T09:34:46
baucarshopee1446.weebly.com,phishdb,2026-08-12T09:34:46
baucarshopee1448.weebly.com,phishdb,2026-08-12T09:34:46
baucarshopee98.weebly.com,phishdb,2026-08-12T09:34:46
bce.vn,phishdb,2026-08-12T09:34:46
bcshopee.com,phishdb,2026-08-12T09:34:46
bdcadmin.dxmb.vn,phishdb,2026-08-12T09:34:46
bdshungphat.vn,phishdb,2026-08-12T09:34:46
bdsnamlong.com.vn,phishdb,2026-08-12T09:34:46
bdsnghetinh.vn,phishdb,2026-08-12T09:34:46
benhtri.tamduocglophar.vn,phishdb,2026-08-12T09:34:46
bepage.vn,phishdb,2026-08-12T09:34:46
bequynh.grarena.vn,phishdb,2026-08-12T09:34:46
beta-home.accesstrade.vn,phishdb,2026-08-12T09:34:46
bgitopazdowntown.ddireal.vn,phishdb,2026-08-12T09:34:46
bhytwaamtrgomwqjflowdtknog-dot-gloff00403993445.uk.r.appspot.com,phishdb,2026-08-12T09:34:46
biaquangbinh.com,phishdb,2026-08-12T09:34:46
biettaitihonvietnam.000webhostapp.com,phishdb,2026-08-12T09:34:46
bietthutayhotay.com.vn,phishdb,2026-08-12T09:34:46
bigmomo.ru,phishdb,2026-08-12T09:34:46
binhchons.vn,phishdb,2026-08-12T09:34:46
bitlink.vn,phishdb,2026-08-12T09:34:46
bitly.go.vn,phishdb,2026-08-12T09:34:46
bizmas.vn,phishdb,2026-08-12T09:34:46
bkctypxnmvcbusbwwptpuqgsmpixvsxqgijh-dot-cedar-code-289917.nn.r.appspot.com,phishdb,2026-08-12T09:34:46
blog.cloud-ace.vn,phishdb,2026-08-12T09:34:46
blueeagle.com.vn,phishdb,2026-08-12T09:34:46
bois.go.yj.fr,phishdb,2026-08-12T09:34:46
booming-vast-country.glitch.me,phishdb,2026-08-12T09:34:46
bpa.vn,phishdb,2026-08-12T09:34:46
brass-tin-height.glitch.me,phishdb,2026-08-12T09:34:46
brazen-topaz-visage.glitch.me,phishdb,2026-08-12T09:34:46
brothercafehoian.com.vn,phishdb,2026-08-12T09:34:46
brt-eng.lt.emlnk.com,phishdb,2026-08-12T09:34:46
brt-it.store,phishdb,2026-08-12T09:34:46
brt-oyy-italy.top,phishdb,2026-08-12T09:34:46
brt-pacco.20-19-37-230.cprapid.com,phishdb,2026-08-12T09:34:46
brt-spedizioni.com,phishdb,2026-08-12T09:34:46
bt-connecthome.jomalsac.com,phishdb,2026-08-12T09:34:46
bt-connecthome2.jomalsac.com,phishdb,2026-08-12T09:34:46
btbroadbandmailupdate11vgzxvcb.weebly.com,phishdb,2026-08-12T09:34:46
business-home-186615446.id.vn,phishdb,2026-08-12T09:34:46
bvcbe.blogspot.bg,phishdb,2026-08-12T09:34:46
bvcbq.blogspot.com.eg,phishdb,2026-08-12T09:34:46
bvcbvcbrsdgyrdfhghgesygfdg.blogspot.sn,phishdb,2026-08-12T09:34:46
bvtudu.davido.vn,phishdb,2026-08-12T09:34:46
candientu.bkns.biz,phishdb,2026-08-12T09:34:46
careygirldesigns.com,phishdb,2026-08-12T09:34:46
cat-vast-gazelle.glitch.me,phishdb,2026-08-12T09:34:46
catbaparadisehotel.com.vn,urlhaus,2026-08-12T09:34:46
catedu.gcosoftware.vn,phishdb,2026-08-12T09:34:46
cavallo.vn,phishdb,2026-08-12T09:34:46
cavalry.vn,phishdb,2026-08-12T09:34:46
cbtiktokshop.com,phishdb,2026-08-12T09:34:46
ccn2.vn,phishdb,2026-08-12T09:34:46
cdcjsc.vn,phishdb,2026-08-12T09:34:46
cedricshouseofmomos.com,phishdb,2026-08-12T09:34:46
ceshi01.tiktokshop10.xyz,phishdb,2026-08-12T09:34:46
chungcuvinhomessmartcity.com.vn,phishdb,2026-08-12T09:34:46
cjepglzvcbishify-dot-millinium.ey.r.appspot.com,phishdb,2026-08-12T09:34:46
claim-baucar-shopee.mysumber.my.id,phishdb,2026-08-12T09:34:46
clipsexmoivietnam7.ddns.net,phishdb,2026-08-12T09:34:46
cloud-object-storage-pw-cos-static-web-hosting-vcc.s3.us-east.cloud-object-storage.appdomain.cloud,phishdb,2026-08-12T09:34:46
cloud168-105.1hosting.com.vn,phishdb,2026-08-12T09:34:46
cn.vcbjmx.com,phishdb,2026-08-12T09:34:46
cntt-vnpt.vn,phishdb,2026-08-12T09:34:46
codaa-shopee-indonesia-free-a122.duckdns.org,phishdb,2026-08-12T09:34:46
codashop-vietnam.duckdns.org,phishdb,2026-08-12T09:34:46
codx.it,phishdb,2026-08-12T09:34:46
comchaycodo.vn,phishdb,2026-08-12T09:34:46
comomomomom.com,phishdb,2026-08-12T09:34:46
confilimitedserveclie.investgroup.com.vn,phishdb,2026-08-12T09:34:46
confirm.communicationsservicedi.io.vn,phishdb,2026-08-12T09:34:46
confused-delicious-van.glitch.me,phishdb,2026-08-12T09:34:46
cookingstudio.ajinomoto.com.vn,phishdb,2026-08-12T09:34:46
coomomomn.com,phishdb,2026-08-12T09:34:46
copyrightk-instagram.tk,phishdb,2026-08-12T09:34:46
cp.vinaweb.vn,phishdb,2026-08-12T09:34:46
crm.ddn.vn,phishdb,2026-08-12T09:34:46
cumbersome-shorthaired-tin.glitch.me,phishdb,2026-08-12T09:34:46
cvcbcbcvbf.com,phishdb,2026-08-12T09:34:46
cvt.vn,phishdb,2026-08-12T09:34:46
cxzvvbxcvcb.easy.co,phishdb,2026-08-12T09:34:46
da202.bkns.biz,phishdb,2026-08-12T09:34:46
daddy.com.vn,phishdb,2026-08-12T09:34:46
daihunglong.vn,phishdb,2026-08-12T09:34:46
dalyfloraldesigns.com.usrfiles.com,phishdb,2026-08-12T09:34:46
danang11806.ubpages.com,phishdb,2026-08-12T09:34:46
dangnhapios.mine.nu,phishdb,2026-08-12T09:34:46
dangnhapnhanquamuadich.glitch.me,phishdb,2026-08-12T09:34:46
dangnhapxutiktok.com,phishdb,2026-08-12T09:34:46
daohannganhang.com.vn,phishdb,2026-08-12T09:34:46
daotaoquoctedhxd.edu.vn,phishdb,2026-08-12T09:34:46
dappnetwork.pages.dev,phishdb,2026-08-12T09:34:46
datco.vn,phishdb,2026-08-12T09:34:46
datphong.iae.edu.vn,phishdb,2026-08-12T09:34:46
datvungven.com.vn,phishdb,2026-08-12T09:34:46
dbs-vn.club,phishdb,2026-08-12T09:34:46
dear-prong-van.glitch.me,phishdb,2026-08-12T09:34:46
defiantdarrelle-shb-danang34534.pages.dev,phishdb,2026-08-12T09:34:46
demo.giangtran.vn,phishdb,2026-08-12T09:34:46
demo.nhanqua-freefire.io.vn,phishdb,2026-08-12T09:34:46
demo08.vinaweb.vn,phishdb,2026-08-12T09:34:46
demo16.bicweb.vn,phishdb,2026-08-12T09:34:46
demxnusrughtkbhf-dot-millinium.ey.r.appspot.com,phishdb,2026-08-12T09:34:46
denngu.vn,phishdb,2026-08-12T09:34:46
dhl-vietnam.com,phishdb,2026-08-12T09:34:46
dhlvietnam-express.vn,phishdb,2026-08-12T09:34:46
diadem.vn,phishdb,2026-08-12T09:34:46
diamondacademy.vn,phishdb,2026-08-12T09:34:46
diamondshopee.com,phishdb,2026-08-12T09:34:46
dichthuathatinh.vn,phishdb,2026-08-12T09:34:46
dichthuatvietuc.com.vn,phishdb,2026-08-12T09:34:46
dichvuvinaphone.vn,phishdb,2026-08-12T09:34:46
die-post.ch.informaticarosendo.es,phishdb,2026-08-12T09:34:46
diemdanh.fo4.gerana.vn,phishdb,2026-08-12T09:34:46
dienlanhththinhphat.com.vn,phishdb,2026-08-12T09:34:46
dienmaygiasi.vn,phishdb,2026-08-12T09:34:46
dieuhoadidong.info,phishdb,2026-08-12T09:34:46
dncvietnam.com,phishdb,2026-08-12T09:34:46
dochoiphuchung.com.vn,phishdb,2026-08-12T09:34:46
dongnammedia.com.vn,phishdb,2026-08-12T09:34:46
dongtam.com.vn,phishdb,2026-08-12T09:34:46
donhang.loza.vn,phishdb,2026-08-12T09:34:46
download.htsoft.vn,phishdb,2026-08-12T09:34:46
dropshopee.com.br,phishdb,2026-08-12T09:34:46
dulichduchung.vn,phishdb,2026-08-12T09:34:46
dungcudiencamtay.vn,phishdb,2026-08-12T09:34:46
duongsatthanhhoa.vn,phishdb,2026-08-12T09:34:46
dvcvcbvbvczxcsda.agilecrm.com,phishdb,2026-08-12T09:34:46
dymmedicalcenter.com.vn,phishdb,2026-08-12T09:34:46
e-kart-aidat-kontrol-trt-edevlet.org,phishdb,2026-08-12T09:34:46
e-kart-iade-kontrol-trt-edevlet.org,phishdb,2026-08-12T09:34:46
e3yui7u6y5t4rrty84498059003169045706.noithatchauau.vn,phishdb,2026-08-12T09:34:46
eah.vn,phishdb,2026-08-12T09:34:46
easy-get-money-home-vietnam-18274.vip,phishdb,2026-08-12T09:34:46
ecodrink.vn,phishdb,2026-08-12T09:34:46
ectc.lin.uob.info,phishdb,2026-08-12T09:34:46
edutech.com.vn,phishdb,2026-08-12T09:34:46
eecovid19-support150.hyundaigiadinhsaigon.com,phishdb,2026-08-12T09:34:46
email.only.vn,phishdb,2026-08-12T09:34:46
eminent-tin-tarn.glitch.me,phishdb,2026-08-12T09:34:46
emitech.vn,phishdb,2026-08-12T09:34:46
en.ufm.edu.vn,phishdb,2026-08-12T09:34:46
encontrar.vn-ws.com,phishdb,2026-08-12T09:34:46
enforcementtrackeradshifters-topaz.vercel.app,phishdb,2026-08-12T09:34:46
entregador-shopee.shop,phishdb,2026-08-12T09:34:46
et.interac.van-ca.info,phishdb,2026-08-12T09:34:46
ethereum.org.giveaway.claim-youre-eth.21235-3848.s3.webspace.re,phishdb,2026-08-12T09:34:46
etin.vn,phishdb,2026-08-12T09:34:46
etoro.investing.vn,phishdb,2026-08-12T09:34:46
events.gs1-germany.de,phishdb,2026-08-12T09:34:46
extratora.shopeebr.app,phishdb,2026-08-12T09:34:46
ezdrivcbau.top,phishdb,2026-08-12T09:34:46
ezdrivcbaw.top,phishdb,2026-08-12T09:34:46
f.garcna.vn,phishdb,2026-08-12T09:34:46
f24-zfcloud.zdn.vn,urlhaus,2026-08-12T09:34:46
f7e96adbab170797a22b.k86u8lcp-3j8-bod-g9r-ofth.usrfiles.com,phishdb,2026-08-12T09:34:46
faccebook.com.vn,phishdb,2026-08-12T09:34:46
faceb00k.com.vn,phishdb,2026-08-12T09:34:46
facebbook-com-vn.glitch.me,phishdb,2026-08-12T09:34:46
facebocks.com.vn,phishdb,2026-08-12T09:34:46
facebook-login.tbit.vn,phishdb,2026-08-12T09:34:46
facebook-pagesquets-19839.pro.vn,phishdb,2026-08-12T09:34:46
facebook.diendanviet.pro,phishdb,2026-08-12T09:34:46
facebook.id.vn,phishdb,2026-08-12T09:34:46
facebook.pages-review-59641235.id.vn,phishdb,2026-08-12T09:34:46
facebook.pages-review-59641235.io.vn,phishdb,2026-08-12T09:34:46
facebookcheck.helps-reviewer-fanpage-number-1712598556.id.vn,phishdb,2026-08-12T09:34:46
facebooks-com.vn,phishdb,2026-08-12T09:34:46
facebooks-vn.tk,phishdb,2026-08-12T09:34:46
facebooks.com.vn,phishdb,2026-08-12T09:34:46
facebookspoint.pagereviewer-no13569745.id.vn,phishdb,2026-08-12T09:34:46
facebooksquets.fb.pages-fb136iwar08fknk7595748.io.vn,phishdb,2026-08-12T09:34:46
faceboosqs-pagesquets-19683.info.vn,phishdb,2026-08-12T09:34:46
faecbook.vn,phishdb,2026-08-12T09:34:46
fakeserhelpsreivew-facesonseriengoies-16836.io.vn,phishdb,2026-08-12T09:34:46
fakeserhelpsreivew-facesonseriengoies-16837.io.vn,phishdb,2026-08-12T09:34:46
fakeserhelpsreivew-facesonseriengoies-16838.io.vn,phishdb,2026-08-12T09:34:46
fakeserhelpsreivew-facesonseriengoies-16839.io.vn,phishdb,2026-08-12T09:34:46
farm.sharingeconomy.vn,phishdb,2026-08-12T09:34:46
fat-van-echoing.on-fleek.app,phishdb,2026-08-12T09:34:46
fbb.id.vn,phishdb,2026-08-12T09:34:46
fbdangnhapwebga.000webhostapp.com,phishdb,2026-08-12T09:34:46
fed-zz-vn.com,phishdb,2026-08-12T09:34:46
fed-zz-vn.org,phishdb,2026-08-12T09:34:46
ff-member-garena-vn.tokyo,phishdb,2026-08-12T09:34:46
ff-member-garena.vn,phishdb,2026-08-12T09:34:46
ff-member-garenas-vn.xyz,phishdb,2026-08-12T09:34:46
ff-member-garene.vn,phishdb,2026-08-12T09:34:46
ff-member.gaerna.io.vn,phishdb,2026-08-12T09:34:46
ff-member.garema.vn,phishdb,2026-08-12T09:34:46
ff-member.garenaa.vn,phishdb,2026-08-12T09:34:46
ff-member.garenae.vn,phishdb,2026-08-12T09:34:46
ff-member.gearena.vn,phishdb,2026-08-12T09:34:46
ff-member.gerana.vn,phishdb,2026-08-12T09:34:46
ff-memberr-garezna-vn.com,phishdb,2026-08-12T09:34:46
ff-memberr.garane.vn,phishdb,2026-08-12T09:34:46
ff-memberr.garenae.io.vn,phishdb,2026-08-12T09:34:46
ff-memberr.garenae.vn,phishdb,2026-08-12T09:34:46
ff-memberrgarena-vn.com,phishdb,2026-08-12T09:34:46
ff-memberrshiip-vn.tk,phishdb,2026-08-12T09:34:46
ff-memberrshipgarrena-vn.com,phishdb,2026-08-12T09:34:46
ff-members-garera.vn,phishdb,2026-08-12T09:34:46
ff-members.gaarene.vn,phishdb,2026-08-12T09:34:46
ff-members.gaerna.io.vn,phishdb,2026-08-12T09:34:46
ff-members.garenae.vn,phishdb,2026-08-12T09:34:46
ff-members.garenav.vn,phishdb,2026-08-12T09:34:46
ff-members.grarena.vn,phishdb,2026-08-12T09:34:46
ff-membership-garena-vn-com.ml,phishdb,2026-08-12T09:34:46
ff-membership-garena-vn.ducst.ga,phishdb,2026-08-12T09:34:46
ff-membership-garena.vn,phishdb,2026-08-12T09:34:46
ff-membership-garera.vn,phishdb,2026-08-12T09:34:46
ff-membership.garenaa.vn,phishdb,2026-08-12T09:34:46
ff-membership.grarena.io.vn,phishdb,2026-08-12T09:34:46
ff-membership.grarena.vn,phishdb,2026-08-12T09:34:46
ff-membership.id.vn,phishdb,2026-08-12T09:34:46
ff-membershipgarena.io.vn,phishdb,2026-08-12T09:34:46
ff-membershipp-garena.vn,phishdb,2026-08-12T09:34:46
ff-memberships-garena-vn.tk,phishdb,2026-08-12T09:34:46
ff-memberz.garerana.io.vn,phishdb,2026-08-12T09:34:46
ff-memnber-garena.vn,phishdb,2026-08-12T09:34:46
ff-menber-garena.vn,phishdb,2026-08-12T09:34:46
ff-menber.gearena.vn,phishdb,2026-08-12T09:34:46
ff-menberrship-garena.vn,phishdb,2026-08-12T09:34:46
ff-menmber-garena.vn,phishdb,2026-08-12T09:34:46
ff.garana.menber.vn,phishdb,2026-08-12T09:34:46
ff.garenav.vn,phishdb,2026-08-12T09:34:46
ff.membe.rgarena.vn,phishdb,2026-08-12T09:34:46
ff.membeer.gearena.vn,phishdb,2026-08-12T09:34:46
ff.member.gaarana.vn,phishdb,2026-08-12T09:34:46
ff.member.gaerana.io.vn,phishdb,2026-08-12T09:34:46
ff.member.gaerna.io.vn,phishdb,2026-08-12T09:34:46
ff.member.gaerna.vn,phishdb,2026-08-12T09:34:46
ff.member.ganera.vn,phishdb,2026-08-12T09:34:46
ff.member.gareaa.io.vn,phishdb,2026-08-12T09:34:46
ff.member.garean.vn,phishdb,2026-08-12T09:34:46
ff.member.gareena.vn,phishdb,2026-08-12T09:34:46
ff.member.garema.id.vn,phishdb,2026-08-12T09:34:46
ff.member.garenaa.id.vn,phishdb,2026-08-12T09:34:46
ff.member.garenaa.io.vn,phishdb,2026-08-12T09:34:46
ff.member.garenaa.vn,phishdb,2026-08-12T09:34:46
ff.member.garenat.vn,phishdb,2026-08-12T09:34:46
ff.member.garenav.vn,phishdb,2026-08-12T09:34:46
ff.member.garenea.vn,phishdb,2026-08-12T09:34:46
ff.member.garerna.vn,phishdb,2026-08-12T09:34:46
ff.member.gareza.vn,phishdb,2026-08-12T09:34:46
ff.member.gazena.vn,phishdb,2026-08-12T09:34:46
ff.member.gazrena.vn,phishdb,2026-08-12T09:34:46
ff.member.gearena.vn,phishdb,2026-08-12T09:34:46
ff.member.gerana.io.vn,phishdb,2026-08-12T09:34:46
ff.member.gerana.vn,phishdb,2026-08-12T09:34:46
ff.member.grarena.io.vn,phishdb,2026-08-12T09:34:46
ff.member.grarena.vn,phishdb,2026-08-12T09:34:46
ff.member.grerena.vn,phishdb,2026-08-12T09:34:46
ff.memberi.gearena.vn,phishdb,2026-08-12T09:34:46
ff.memberr.garema.vn,phishdb,2026-08-12T09:34:46
ff.memberr.garenaa.vn,phishdb,2026-08-12T09:34:46
ff.memberr.garenae.io.vn,phishdb,2026-08-12T09:34:46
ff.memberr.garenae.vn,phishdb,2026-08-12T09:34:46
ff.memberr.garenav.vn,phishdb,2026-08-12T09:34:46
ff.memberr.gearena.vn,phishdb,2026-08-12T09:34:46
ff.memberr.gerana.vn,phishdb,2026-08-12T09:34:46
ff.memberr.grarena.vn,phishdb,2026-08-12T09:34:46
ff.memberr.grerena.vn,phishdb,2026-08-12T09:34:46
ff.memberrs.garcna.vn,phishdb,2026-08-12T09:34:46
ff.members-garena.vn,phishdb,2026-08-12T09:34:46
ff.members.garcna.vn,phishdb,2026-08-12T09:34:46
ff.members.garenaa.vn,phishdb,2026-08-12T09:34:46
ff.members.garenav.vn,phishdb,2026-08-12T09:34:46
ff.members.garene.vn,phishdb,2026-08-12T09:34:46
ff.members.garenea.vn,phishdb,2026-08-12T09:34:46
ff.members.gerana.vn,phishdb,2026-08-12T09:34:46
ff.members.gerane.vn,phishdb,2026-08-12T09:34:46
ff.members.grarena.vn,phishdb,2026-08-12T09:34:46
ff.membership.gaerna.io.vn,phishdb,2026-08-12T09:34:46
ff.membership.gaerna.vn,phishdb,2026-08-12T09:34:46
ff.membership.garenaj.vn,phishdb,2026-08-12T09:34:46
ff.membership.garenav.vn,phishdb,2026-08-12T09:34:46
ff.membership.garene.vn,phishdb,2026-08-12T09:34:46
ff.membership.gcrena.vn,phishdb,2026-08-12T09:34:46
ff.membership.gearena.vn,phishdb,2026-08-12T09:34:46
ff.membership.gerana.vn,phishdb,2026-08-12T09:34:46
ff.membershipp.garane.vn,phishdb,2026-08-12T09:34:46
ff.memberships-garena.io.vn,phishdb,2026-08-12T09:34:46
ff.memberships.gearena.vn,phishdb,2026-08-12T09:34:46
ff.membersship.garrena.vn,phishdb,2026-08-12T09:34:46
ff.membeship-garena.io.vn,phishdb,2026-08-12T09:34:46
ff.membesr.gaerna.io.vn,phishdb,2026-08-12T09:34:46
ff.memnber.gareza.vn,phishdb,2026-08-12T09:34:46
ff.menber.garena2022.vn,phishdb,2026-08-12T09:34:46
ff.menber.gareza.vn,phishdb,2026-08-12T09:34:46
ff.menbership.gaerna.vn,phishdb,2026-08-12T09:34:46
ffmember.garenaa.vn,phishdb,2026-08-12T09:34:46
figift.c5group.com.vn,phishdb,2026-08-12T09:34:46
fileshare-pdf-vista.herokuapp.com,phishdb,2026-08-12T09:34:46
finglobaltechcom.com,phishdb,2026-08-12T09:34:46
fixmainappnet.top,phishdb,2026-08-12T09:34:46
fldesignz.com,phishdb,2026-08-12T09:34:46
flightkaart.com,phishdb,2026-08-12T09:34:46
flndmy.vn-ew.com,phishdb,2026-08-12T09:34:46
focar.vn,phishdb,2026-08-12T09:34:46
footballvietnam.net,phishdb,2026-08-12T09:34:46
foret-bois.mongrandparternariat.com,phishdb,2026-08-12T09:34:46
fpt-telecom-8767.pages.dev,phishdb,2026-08-12T09:34:46
free-us-mobile-verification.momolimo.5gbfree.com,phishdb,2026-08-12T09:34:46
freefire-member.gaerna.io.vn,phishdb,2026-08-12T09:34:46
freefire-memberships-garena-vn.com,phishdb,2026-08-12T09:34:46
freefire-sukien.garenne.io.vn,phishdb,2026-08-12T09:34:46
freefire-sukien.grarena.vn,phishdb,2026-08-12T09:34:46
freefire.gaarene.vn,phishdb,2026-08-12T09:34:46
freefire.members.gearena.vn,phishdb,2026-08-12T09:34:46
freefire.menber.garena.id.vn,phishdb,2026-08-12T09:34:46
freefire.menber.garenaz.vn,phishdb,2026-08-12T09:34:46
freefirelimited-vip.gazrena.io.vn,phishdb,2026-08-12T09:34:46
freefirenhanqua.elementfx.com,phishdb,2026-08-12T09:34:46
fucons.com.vn,phishdb,2026-08-12T09:34:46
fujiip.vn,phishdb,2026-08-12T09:34:46
ganesh15-gani.github.io,phishdb,2026-08-12T09:34:46
garage.vn,phishdb,2026-08-12T09:34:46
garama.vn,phishdb,2026-08-12T09:34:46
garema.id.vn,phishdb,2026-08-12T09:34:46
garena-membershipff-vn.com,phishdb,2026-08-12T09:34:46
garenaaa.vn,phishdb,2026-08-12T09:34:46
garenanapthe.vn,phishdb,2026-08-12T09:34:46
garenavn.vn,phishdb,2026-08-12T09:34:46
garenna.info.vn,phishdb,2026-08-12T09:34:46
garrena.vn,phishdb,2026-08-12T09:34:46
gdbdhbdgfhdfbvcbv.agilecrm.com,phishdb,2026-08-12T09:34:46
gearena.vn,phishdb,2026-08-12T09:34:46
giacongcokhi.tpsofts.vn,phishdb,2026-08-12T09:34:46
giaidaulmht.vn,phishdb,2026-08-12T09:34:46
giaidauonline.vn,phishdb,2026-08-12T09:34:46
giaipadpro.com.vn,phishdb,2026-08-12T09:34:46
giaxenhapkhau.vn,phishdb,2026-08-12T09:34:46
giayphepwebsite.vn,phishdb,2026-08-12T09:34:46
giftcode-freefire.id.vn,phishdb,2026-08-12T09:34:46
giftcode.lienquanmobile.gerana.vn,phishdb,2026-08-12T09:34:46
giftsforme.info.vn,phishdb,2026-08-12T09:34:46
girlhungvuongbinhthuan.000webhostapp.com,phishdb,2026-08-12T09:34:46
globaltiktokshopmall.top,phishdb,2026-08-12T09:34:46
go-tiktokshop.qpon,phishdb,2026-08-12T09:34:46
gotecland.vn,phishdb,2026-08-12T09:34:46
greenmat.com.vn,phishdb,2026-08-12T09:34:46
grizzly-shrub-van.glitch.me,phishdb,2026-08-12T09:34:46
gso.gso.tahtakaletoptanmerkezi.com,phishdb,2026-08-12T09:34:46
gtqvbscypvvhtsudelnxdfuspqcicuvcbepk-dot-cedar-code-289917.nn.r.appspot.com,phishdb,2026-08-12T09:34:46
guihangdithailan.com.linhlt.id.vn,phishdb,2026-08-12T09:34:46
hai.norajscloset.com,phishdb,2026-08-12T09:34:46
haithang.vn,phishdb,2026-08-12T09:34:46
hanphongkhangvietnam.com,phishdb,2026-08-12T09:34:46
harriet.com.vn,phishdb,2026-08-12T09:34:46
hazel-meteor-yamamomo.glitch.me,phishdb,2026-08-12T09:34:46
hb-red-link-vcc.support2110.repl.co,phishdb,2026-08-12T09:34:46
hearticaldesigns.uk,phishdb,2026-08-12T09:34:46
helis.vn,phishdb,2026-08-12T09:34:46
helpcenter-pagereview-19000.io.vn,phishdb,2026-08-12T09:34:46
helpcenter-pagereview-19002.io.vn,phishdb,2026-08-12T09:34:46
helps-reviewer-fanpage-number-1712598556.id.vn,phishdb,2026-08-12T09:34:46
helps-reviewer-fanpage-number-1712598556.io.vn,phishdb,2026-08-12T09:34:46
helpsreivew-facesobookserienew-198214.io.vn,phishdb,2026-08-12T09:34:46
hjldesigns.com,phishdb,2026-08-12T09:34:46
hoa.tiktokshopx.vip,phishdb,2026-08-12T09:34:46
hoangphucvietnam.com,phishdb,2026-08-12T09:34:46
hoantrungdanang.com,phishdb,2026-08-12T09:34:46
hoatdong.ufm.edu.vn,phishdb,2026-08-12T09:34:46
hockemdanang.com,phishdb,2026-08-12T09:34:46
hoihuongdanvien.vn,phishdb,2026-08-12T09:34:46
hoithainguyen.net,phishdb,2026-08-12T09:34:46
hoitinhocxaydung.vn,phishdb,2026-08-12T09:34:46
holbwwjbodgpjigfuwmegwlghovvcbsqnznxwlawsyrxkvdlpn.followupglobal.com,phishdb,2026-08-12T09:34:46
homomomo0000000a.000webhostapp.com,phishdb,2026-08-12T09:34:46
hongsam365.vn,phishdb,2026-08-12T09:34:46
hotrotaichinh24h.gcosoftware.vn,phishdb,2026-08-12T09:34:46
hrcantho.com,phishdb,2026-08-12T09:34:46
hsb-vn.top,phishdb,2026-08-12T09:34:46
hsbc.hotro247-khuyenmaidacbiet-thang12.com.vn,phishdb,2026-08-12T09:34:46
hsbc.hotrodacbiet-uudaithang-capnhatuudai-thang01.com.vn,phishdb,2026-08-12T09:34:46
hsbc.khuyenmaicuoinam-capnhatuudai-thang12.com.vn,phishdb,2026-08-12T09:34:46
hsbc.khuyenmaicuoinam-hotrodacbietthang12.com.vn,phishdb,2026-08-12T09:34:46
hsbc.khuyenmaicuoinam-hotrotructuyenthang12.com.vn,phishdb,2026-08-12T09:34:46
htseafood.com.vn,phishdb,2026-08-12T09:34:46
httppagesoeir-reveierotofer-fackbookseri-19984.io.vn,phishdb,2026-08-12T09:34:46
https.security.account.verfy.goldenbridgetourdanang.com,phishdb,2026-08-12T09:34:46
https.webmail.office.edv8lvhournvu3twgcwkr7ljpgmzn.iyfkrxh9ssulm3jdlmqcj.qmofsapd84jyk0au2dq.hbhs6x25qzn1zshnpmqfkcf4e.ilpw92921oh96o7ms.v9d6cnmavcbas1aywk2qb2u3v9oq9.dwfdknhlrus2h4cncnqlu343a4.sndsmdhjdjmd.duckdns.org,phishdb,2026-08-12T09:34:46
httpwhvsvmhbhxhn.wcnv20.cn,phishdb,2026-08-12T09:34:46
hueids.vn,phishdb,2026-08-12T09:34:46
hungakira.garerna.io.vn,phishdb,2026-08-12T09:34:46
hungakira20k-ff.garerana.io.vn,phishdb,2026-08-12T09:34:46
hungphatinvest.vn,phishdb,2026-08-12T09:34:46
hungphatjsc.com.vn,phishdb,2026-08-12T09:34:46
huong.tiktokshopx.icu,phishdb,2026-08-12T09:34:46
huongan.com.vn,phishdb,2026-08-12T09:34:46
hyundaibinhduongoto.com,phishdb,2026-08-12T09:34:46
ict-backan.gov.vn,phishdb,2026-08-12T09:34:46
id.telagram-vn.com,phishdb,2026-08-12T09:34:46
idatnen.vn,phishdb,2026-08-12T09:34:46
idealdesigninterior.com,phishdb,2026-08-12T09:34:46
identity-purification361298.io.vn,phishdb,2026-08-12T09:34:46
idhlpsrvcbsns01.my.id,phishdb,2026-08-12T09:34:46
idp.vn,phishdb,2026-08-12T09:34:46
ilp.9e.cz,phishdb,2026-08-12T09:34:46
imagensderoupasdemeninasdojogoroblox.blogspot.com,phishdb,2026-08-12T09:34:46
imma.vn,phishdb,2026-08-12T09:34:46
implement-quick-protection61538.io.vn,phishdb,2026-08-12T09:34:46
implement-quick-protection61539.io.vn,phishdb,2026-08-12T09:34:46
implement-quick-protection69743.io.vn,phishdb,2026-08-12T09:34:46
implement-quick-protection69751.io.vn,phishdb,2026-08-12T09:34:46
implement-quick-protection69752.io.vn,phishdb,2026-08-12T09:34:46
inbus.com.vn,phishdb,2026-08-12T09:34:46
information.confirrm-information-6468534.io.vn,phishdb,2026-08-12T09:34:46
infovina.com.vn,phishdb,2026-08-12T09:34:46
inphuongdong.com,phishdb,2026-08-12T09:34:46
instagram-clone-topaz-two.vercel.app,phishdb,2026-08-12T09:34:46
instagram-copyrightk.tk,phishdb,2026-08-12T09:34:46
international.ueh.edu.vn,phishdb,2026-08-12T09:34:46
intldrive-mationaccept65621561.io.vn,phishdb,2026-08-12T09:34:46
itfix.vn,phishdb,2026-08-12T09:34:46
ivad.com.vn,phishdb,2026-08-12T09:34:46
jeeker.doiqua-garena.io.vn,phishdb,2026-08-12T09:34:46
jess-van.com,phishdb,2026-08-12T09:34:46
jetmaster.vn,phishdb,2026-08-12T09:34:46
jewel-tin-vanilla.glitch.me,phishdb,2026-08-12T09:34:46
jjtechcompany.org,phishdb,2026-08-12T09:34:46
jp-aeon.merrissawilliams.com,phishdb,2026-08-12T09:34:46
jp-aeon.oruistmn.info,phishdb,2026-08-12T09:34:46
jp.abot.vn,phishdb,2026-08-12T09:34:46
jpmdvlzxkgvcbujw-dot-millinium.ey.r.appspot.com,phishdb,2026-08-12T09:34:46
kaizenhr.vn,phishdb,2026-08-12T09:34:46
kanny.com.vn,phishdb,2026-08-12T09:34:46
kanny.vn,phishdb,2026-08-12T09:34:46
karahome.vn,phishdb,2026-08-12T09:34:46
kawaimono.vn,phishdb,2026-08-12T09:34:46
kbhvcb.weebly.com,phishdb,2026-08-12T09:34:46
kela.edu.vn,phishdb,2026-08-12T09:34:46
kemsaigon.vn,phishdb,2026-08-12T09:34:46
ketnoiso.vn,phishdb,2026-08-12T09:34:46
kgcustoms.gov.vn,phishdb,2026-08-12T09:34:46
khachhang.obdvietnam.vn,phishdb,2026-08-12T09:34:46
khoavantaycaocap.vn,phishdb,2026-08-12T09:34:46
khosonlamdong.vn,phishdb,2026-08-12T09:34:46
khtl.vn,phishdb,2026-08-12T09:34:46
khuyenmai.xn--napth-351b.vn,phishdb,2026-08-12T09:34:46
khuyenmai.xn--napth-fsa.vn,phishdb,2026-08-12T09:34:46
kienthucmarketing.edu.vn,phishdb,2026-08-12T09:34:46
kientrung.vn,phishdb,2026-08-12T09:34:46
kieuthuanphat.com.vn,phishdb,2026-08-12T09:34:46
kinhtetv.com,phishdb,2026-08-12T09:34:46
kjgkjgffdxbvcbncgfs.web.app,phishdb,2026-08-12T09:34:46
koala.softech.edu.vn,phishdb,2026-08-12T09:34:46
koithe.vn,phishdb,2026-08-12T09:34:46
konfirmasigratisongkir-lazada.com,phishdb,2026-08-12T09:34:46
kosmen-nada136.com,phishdb,2026-08-12T09:34:46
kumhosamco.com.vn,phishdb,2026-08-12T09:34:46
l1btp0jvarmomovoibd7rdpdsj8w.richardl.xyz,phishdb,2026-08-12T09:34:46
labo.bravesoft.vn,phishdb,2026-08-12T09:34:46
lannhi.id.vn,phishdb,2026-08-12T09:34:46
laptopgiare.vn,phishdb,2026-08-12T09:34:46
laptopquangninh.com,phishdb,2026-08-12T09:34:46
latam-pi-topaz.vercel.app,phishdb,2026-08-12T09:34:46
lazada.2g1a.shop,phishdb,2026-08-12T09:34:46
lazadasmuxua.top,phishdb,2026-08-12T09:34:46
ledsaigon.com,phishdb,2026-08-12T09:34:46
legendary-rumbling-yamamomo.glitch.me,phishdb,2026-08-12T09:34:46
licogi18.com.vn,phishdb,2026-08-12T09:34:46
lienthong.vn,phishdb,2026-08-12T09:34:46
lightkeeperspublishing.com,phishdb,2026-08-12T09:34:46
limota.vn,phishdb,2026-08-12T09:34:46
lingoldesign.com,phishdb,2026-08-12T09:34:46
link.fpo.vn,phishdb,2026-08-12T09:34:46
linkme.vn,phishdb,2026-08-12T09:34:46
lirc.cep.edu.vn,phishdb,2026-08-12T09:34:46
liseugonkdpzmomo-dot-millinium.ey.r.appspot.com,phishdb,2026-08-12T09:34:46
livecare.vn,phishdb,2026-08-12T09:34:46
llux.vn,phishdb,2026-08-12T09:34:46
login.ff-gerana.io.vn,phishdb,2026-08-12T09:34:46
login.microsoftonline.com.cscvn.vn,phishdb,2026-08-12T09:34:46
login.microsoftonline.com.jrd.com.vn,phishdb,2026-08-12T09:34:46
loginmicrosoftonlinesettings.camco.hasuva.com.vn,phishdb,2026-08-12T09:34:46
loginmicrosoftonlinesettings.jabil.hasuva.com.vn,phishdb,2026-08-12T09:34:46
loginmicrosoftonlinesettings.jsw.hasuva.com.vn,phishdb,2026-08-12T09:34:46
loginmicrosoftonlinesettings.moodydirect.hasuva.com.vn,phishdb,2026-08-12T09:34:46
loginmicrosoftonlinesettings.sinclair-intl.hasuva.com.vn,phishdb,2026-08-12T09:34:46
loginmicrosoftonlinesettings.tomreddittfoodservice.hasuva.com.vn,phishdb,2026-08-12T09:34:46
loginmicrosoftonlinesettings.universalshipping.hasuva.com.vn,phishdb,2026-08-12T09:34:46
logln.vn-sl.com,phishdb,2026-08-12T09:34:46
lucrecomashopee.com,phishdb,2026-08-12T09:34:46
luyenthinguyentriphuong.vn,phishdb,2026-08-12T09:34:46
lwdlwxcntlryfgzxauplmegtmvyhhvcbohax-dot-cryptic-now-290917.ey.r.appspot.com,phishdb,2026-08-12T09:34:46
m-facebook.com.vn,phishdb,2026-08-12T09:34:46
m-facebook.vn,phishdb,2026-08-12T09:34:46
m-facebookk.com.vn,phishdb,2026-08-12T09:34:46
m-faecbook.com.vn,phishdb,2026-08-12T09:34:46
m.facabook.vn,phishdb,2026-08-12T09:34:46
madsendolin.com,phishdb,2026-08-12T09:34:46
magaluizapromomocional.000webhostapp.com,phishdb,2026-08-12T09:34:46
mahena.vn,phishdb,2026-08-12T09:34:46
maigallery-vietnam.com,phishdb,2026-08-12T09:34:46
mail-mof-gov-np.netlify.app,phishdb,2026-08-12T09:34:46
mail-moha-gov-np-project-sketch-nepal-netherland-download.netlify.app,phishdb,2026-08-12T09:34:46
mail-vietnamairlines-online-id-network-common2-aj4myna0v.a-c-c.co,phishdb,2026-08-12T09:34:46
mail.business-support.info.vn,phishdb,2026-08-12T09:34:46
mail.confirmationhelpmeta.io.vn,phishdb,2026-08-12T09:34:46
mail.dangnhap.info,phishdb,2026-08-12T09:34:46
mail.facebooks.confirmationhelppage.io.vn,phishdb,2026-08-12T09:34:46
mail.faceboook.com.vn,phishdb,2026-08-12T09:34:46
mail.fsoft.com.vn,phishdb,2026-08-12T09:34:46
mail.kimsinh.vn,phishdb,2026-08-12T09:34:46
mail.ldesignweblog.cu.ma,phishdb,2026-08-12T09:34:46
mail.mbbank.com.kh,phishdb,2026-08-12T09:34:46
mail.pagereviewer-no13569745.io.vn,phishdb,2026-08-12T09:34:46
mail.phongvuexpress.vn,phishdb,2026-08-12T09:34:46
mail.shopeee77free77k.topup1.duckdns.org,phishdb,2026-08-12T09:34:46
mail.xuq.sbv.mybluehost.me,phishdb,2026-08-12T09:34:46
mailgcccdeduowa.my-free.website,phishdb,2026-08-12T09:34:46
mamnonkhanhhoi.edu.vn,phishdb,2026-08-12T09:34:46
mangviettelhanoi.com,phishdb,2026-08-12T09:34:46
marketing.di4l.vn,phishdb,2026-08-12T09:34:46
masterchef.com.vn,phishdb,2026-08-12T09:34:46
mauchupanh.vn,phishdb,2026-08-12T09:34:46
maycaphe.vn,phishdb,2026-08-12T09:34:46
mbavungtau.ubis-geneva.org,phishdb,2026-08-12T09:34:46
mebin.tiktokshopx.icu,phishdb,2026-08-12T09:34:46
medicvanphuc.vn,phishdb,2026-08-12T09:34:46
megatron.pancake.vn,phishdb,2026-08-12T09:34:46
meinvoices-vn.freewebhostmost.com,phishdb,2026-08-12T09:34:46
member-freefire.io.vn,phishdb,2026-08-12T09:34:46
member-garena-vn.ml,phishdb,2026-08-12T09:34:46
member-garena.vn,phishdb,2026-08-12T09:34:46
member-lazada.com,phishdb,2026-08-12T09:34:46
member.ff.garenan.vn,phishdb,2026-08-12T09:34:46
member.freefiregarena.id.vn,phishdb,2026-08-12T09:34:46
member.garane.vn,phishdb,2026-08-12T09:34:46
member.garena.io.vn,phishdb,2026-08-12T09:34:46
member.garenaa.vn,phishdb,2026-08-12T09:34:46
member.lienquan.gaarana.vn,phishdb,2026-08-12T09:34:46
member.lienquan.garema.vn,phishdb,2026-08-12T09:34:46
membergarena.vn,phishdb,2026-08-12T09:34:46
memberrship.gaerna.io.vn,phishdb,2026-08-12T09:34:46
membership.freefire.garenaw.vn,phishdb,2026-08-12T09:34:46
membership.gaerna.io.vn,phishdb,2026-08-12T09:34:46
membership.garena.io.vn,phishdb,2026-08-12T09:34:46
membership.garenav.vn,phishdb,2026-08-12T09:34:46
membershipff.vn,phishdb,2026-08-12T09:34:46
meninaguapa.com.br,phishdb,2026-08-12T09:34:46
mesubeo.tiktokshopx.icu,phishdb,2026-08-12T09:34:46
meta-accessibility.io.vn,phishdb,2026-08-12T09:34:46
meta-radiant-fpt.pages.dev,phishdb,2026-08-12T09:34:46
meta-vista-edd.pages.dev,phishdb,2026-08-12T09:34:46
meta-vista.pages.dev,phishdb,2026-08-12T09:34:46
metadata.com.tambooks.vn,phishdb,2026-08-12T09:34:46
metaverify.org.tambooks.vn,phishdb,2026-08-12T09:34:46
metta-auskme-asign0nn.godaddysites.com,phishdb,2026-08-12T09:34:46
metta-logg-massk-sin.godaddysites.com,phishdb,2026-08-12T09:34:46
metta-maske-logyz.godaddysites.com,phishdb,2026-08-12T09:34:46
metta-masklugiyscuu.godaddysites.com,phishdb,2026-08-12T09:34:46
metta-massk-lggoinng.godaddysites.com,phishdb,2026-08-12T09:34:46
metta-mixk-log.godaddysites.com,phishdb,2026-08-12T09:34:46
metta-mskaloggsin.godaddysites.com,phishdb,2026-08-12T09:34:46
metta-signal.pages.dev,phishdb,2026-08-12T09:34:46
metta-signnuexmask.godaddysites.com,phishdb,2026-08-12T09:34:46
metta-vault.pages.dev,phishdb,2026-08-12T09:34:46
metttter-musk-wall-iet.netlify.app,phishdb,2026-08-12T09:34:46
mfacebock.com.vn,phishdb,2026-08-12T09:34:46
mfacebook-com.vn,phishdb,2026-08-12T09:34:46
mfacebook.com.vn,phishdb,2026-08-12T09:34:46
mfacebook.vn,phishdb,2026-08-12T09:34:46
midlandrubber.vn,phishdb,2026-08-12T09:34:46
milanostore.vn,phishdb,2026-08-12T09:34:46
mimosawedding.vn,phishdb,2026-08-12T09:34:46
mis-energy.com.vn,phishdb,2026-08-12T09:34:46
misa-12a.pages.dev,phishdb,2026-08-12T09:34:46
mkoiujnbhytgv.diskstation.eu,phishdb,2026-08-12T09:34:46
mne.edu.vn,phishdb,2026-08-12T09:34:46
mobile-facebook.com.vn,phishdb,2026-08-12T09:34:46
mobily.sa-moc.cc,phishdb,2026-08-12T09:34:46
moj.aktiv.rs,phishdb,2026-08-12T09:34:46
momo.pardeepdlla.com,phishdb,2026-08-12T09:34:46
momobet77.net,phishdb,2026-08-12T09:34:46
momobullyoper.duckdns.org,phishdb,2026-08-12T09:34:46
momod.tyddy.xyz,phishdb,2026-08-12T09:34:46
momoking.in,phishdb,2026-08-12T09:34:46
momols.homeunix.com,phishdb,2026-08-12T09:34:46
momoni.net,phishdb,2026-08-12T09:34:46
motoristas-shopee.com,phishdb,2026-08-12T09:34:46
mover.vn,phishdb,2026-08-12T09:34:46
msb-10038622.nexalabs5081.click,phishdb,2026-08-12T09:34:46
msb-11118574.maxicode7765.click,phishdb,2026-08-12T09:34:46
msb-11153688.maxicode7765.click,phishdb,2026-08-12T09:34:46
msb-11174752.maxicode7765.click,phishdb,2026-08-12T09:34:46
mtvcb.blogspot.bg,phishdb,2026-08-12T09:34:46
muaightk.com,phishdb,2026-08-12T09:34:46
musk-party-gifts.updog.co,phishdb,2026-08-12T09:34:46
mutrom.vn,phishdb,2026-08-12T09:34:46
mylan104376688pt368hotro79687bhvcbjghy.ubpages.com,phishdb,2026-08-12T09:34:46
myphamso1saigon.com,phishdb,2026-08-12T09:34:46
myserver.sendo.workers.dev,phishdb,2026-08-12T09:34:46
mythuatduccuong.gcosoftware.vn,phishdb,2026-08-12T09:34:46
mythuatvietnam.edu.vn,phishdb,2026-08-12T09:34:46
myungtech.vn,phishdb,2026-08-12T09:34:46
namthaijsc.vn,phishdb,2026-08-12T09:34:46
nang-han-muc-the.khcn-vpbank.com,phishdb,2026-08-12T09:34:46
napfo4.vn,phishdb,2026-08-12T09:34:46
napgamefreefire.vn,phishdb,2026-08-12T09:34:46
napgarena.vn,phishdb,2026-08-12T09:34:46
nappxutiktok.vn,phishdb,2026-08-12T09:34:46
naproblox.vn,phishdb,2026-08-12T09:34:46
napthefreefire.id.vn,phishdb,2026-08-12T09:34:46
napthepubg.mobi,phishdb,2026-08-12T09:34:46
napthepubgmobile.com,phishdb,2026-08-12T09:34:46
napthetet.com,phishdb,2026-08-12T09:34:46
nbam.hqa.shadamstoncollege.co.za,phishdb,2026-08-12T09:34:46
nchdanang.com.vn,phishdb,2026-08-12T09:34:46
ncvh.utb.edu.vn,phishdb,2026-08-12T09:34:46
netflix-clone-topaz-kappa.vercel.app,phishdb,2026-08-12T09:34:46
netflix-vn.com,phishdb,2026-08-12T09:34:46
netflix.taikhoanvip.net,phishdb,2026-08-12T09:34:46
news.thuocsi.com.vn,phishdb,2026-08-12T09:34:46
news24tv.pancake.vn,phishdb,2026-08-12T09:34:46
newyear2023.xn--napth-351b.vn,phishdb,2026-08-12T09:34:46
next-member-garena.vn,phishdb,2026-08-12T09:34:46
nganhangtpbank68.com,phishdb,2026-08-12T09:34:46
nghiepvu.udicmanpower.vn,phishdb,2026-08-12T09:34:46
nguoidepxumuong.vn,phishdb,2026-08-12T09:34:46
nguyen.tiktokshopx.icu,phishdb,2026-08-12T09:34:46
nguyenhoangyendangnhapnhanquafreefire.000webhostapp.com,phishdb,2026-08-12T09:34:46
nguyenhuuduc.com.vn,phishdb,2026-08-12T09:34:46
nhahatcailuonghanoi.com.vn,phishdb,2026-08-12T09:34:46
nhanqua-ff.garaena.vn,phishdb,2026-08-12T09:34:46
nhanqua-ff.id.vn,phishdb,2026-08-12T09:34:46
nhanqua-freefire-gerana.x10.mx,phishdb,2026-08-12T09:34:46
nhanqua-membership.com,phishdb,2026-08-12T09:34:46
nhanqua-pubgmobile2021.com,phishdb,2026-08-12T09:34:46
nhanqua.ff.gerean.vn,phishdb,2026-08-12T09:34:46
nhanqua.freefire.2022.garerra.vn,phishdb,2026-08-12T09:34:46
nhanqua.freefire.grarena.vn,phishdb,2026-08-12T09:34:46
nhanqua.freeflre-garena.io.vn,phishdb,2026-08-12T09:34:46
nhanqua1s.shop,phishdb,2026-08-12T09:34:46
nhanqua24h.cf,phishdb,2026-08-12T09:34:46
nhanquabacgau.ff-garena.vn,phishdb,2026-08-12T09:34:46
nhanquaff.garenav.vn,phishdb,2026-08-12T09:34:46
nhanquaffob31.com,phishdb,2026-08-12T09:34:46
nhanquaffob40.dssddns.com,phishdb,2026-08-12T09:34:46
nhanquaffvipp.000webhostapp.com,phishdb,2026-08-12T09:34:46
nhanquafreefire-mienphi.tk,phishdb,2026-08-12T09:34:46
nhanquafreefire.gaerna.io.vn,phishdb,2026-08-12T09:34:46
nhanquafreefire.garema.io.vn,phishdb,2026-08-12T09:34:46
nhanquafreefireob41.garenaaa.vn,phishdb,2026-08-12T09:34:46
nhanquafreefirevn.sg,phishdb,2026-08-12T09:34:46
nhanquahot.garesna.vn,phishdb,2026-08-12T09:34:46
nhanqualienquan.anhhoang62.repl.co,phishdb,2026-08-12T09:34:46
nhanquamienphi.gerean.vn,phishdb,2026-08-12T09:34:46
nhanquamienphif.000webhostapp.com,phishdb,2026-08-12T09:34:46
nhanquapubg2022.xyz,phishdb,2026-08-12T09:34:46
nhanquapubgfree2022.xyz,phishdb,2026-08-12T09:34:46
nhanquasukien.ff-garena.io.vn,phishdb,2026-08-12T09:34:46
nhanquasukienff.online,phishdb,2026-08-12T09:34:46
nhanquasukienuquw.000webhostapp.com,phishdb,2026-08-12T09:34:46
nhanquatrian-freefire.com,phishdb,2026-08-12T09:34:46
nhanquatrungthufreefire.000webhostapp.com,phishdb,2026-08-12T09:34:46
nhanquavip.garenaa.id.vn,phishdb,2026-08-12T09:34:46
nhanquavip.garenea.io.vn.fxjzdxtv.nethost-1111.000web.xyz,phishdb,2026-08-12T09:34:46
nhanquavip.garenne.vn,phishdb,2026-08-12T09:34:46
nhantienquocte24h-bank.weebly.com,phishdb,2026-08-12T09:34:46
nissanlaocai.com.vn,phishdb,2026-08-12T09:34:46
noithat24h.com.vn,phishdb,2026-08-12T09:34:46
noithatchauau.vn,phishdb,2026-08-12T09:34:46
noithathdp.vn,phishdb,2026-08-12T09:34:46
noithaticon.vn,urlhaus,2026-08-12T09:34:46
noithatthuanphat.gcosoftware.vn,phishdb,2026-08-12T09:34:46
novitech.vn,phishdb,2026-08-12T09:34:46
nvistech.com,phishdb,2026-08-12T09:34:46
ob34.ff.garenask.vn,phishdb,2026-08-12T09:34:46
ob35.ff.garens.vn,phishdb,2026-08-12T09:34:46
ocb.info,phishdb,2026-08-12T09:34:46
occipital-vast-megaraptor.glitch.me,phishdb,2026-08-12T09:34:46
oferta.shopeebr.app,phishdb,2026-08-12T09:34:46
olclemomo09.000webhostapp.com,phishdb,2026-08-12T09:34:46
omni.vn,phishdb,2026-08-12T09:34:46
omomotaytg.temp.swtest.ru,phishdb,2026-08-12T09:34:46
ongruotga.edu.vn,phishdb,2026-08-12T09:34:46
ongruotgaloithep.vn,phishdb,2026-08-12T09:34:46
online-contact.webnode.vn,phishdb,2026-08-12T09:34:46
onlinenic.vn,phishdb,2026-08-12T09:34:46
onoff.vn,phishdb,2026-08-12T09:34:46
onthidanhgianangluc.vn,phishdb,2026-08-12T09:34:46
opensea.io.offer.misa.org.au,phishdb,2026-08-12T09:34:46
organicfoods.vn,phishdb,2026-08-12T09:34:46
otohondabinhdinh.com,phishdb,2026-08-12T09:34:46
otpbank-felmeres.fontstash.com,phishdb,2026-08-12T09:34:46
otpbank-felmeres.sublimationblanketblanks.com,phishdb,2026-08-12T09:34:46
otpbank-hu.com,phishdb,2026-08-12T09:34:46
otpbank-hu.ionons-mail.com,phishdb,2026-08-12T09:34:46
otpbank.app,phishdb,2026-08-12T09:34:46
otpbank.ionons-mail.com,phishdb,2026-08-12T09:34:46
otpbank.segredosdorelacionamento.com,phishdb,2026-08-12T09:34:46
otpbankdirekt.com,phishdb,2026-08-12T09:34:46
outrageous-simple-yamamomo.glitch.me,phishdb,2026-08-12T09:34:46
page-content-confirm.io.vn,phishdb,2026-08-12T09:34:46
pagereviewer-no13569490.id.vn,phishdb,2026-08-12T09:34:46
pagereviewer-no13569745.io.vn,phishdb,2026-08-12T09:34:46
pages-review-59641235.id.vn,phishdb,2026-08-12T09:34:46
pages-review-59641235.io.vn,phishdb,2026-08-12T09:34:46
pagesereview-contactfakserbooksrio-19853.io.vn,phishdb,2026-08-12T09:34:46
pagesereview-contactfakserbooksrio-19921.io.vn,phishdb,2026-08-12T09:34:46
pagesereview-contactfakserbooksrio-19922.io.vn,phishdb,2026-08-12T09:34:46
pagesereview-contactfakserbooksrio-19923.io.vn,phishdb,2026-08-12T09:34:46
pagesereview-contactfakserbooksrio-19924.io.vn,phishdb,2026-08-12T09:34:46
pagesoeir-reveierotofer-fackbookseri-19934.io.vn,phishdb,2026-08-12T09:34:46
pancake-frontend-6hdusry7s-chefmomota.vercel.app,phishdb,2026-08-12T09:34:46
pancake-frontend-afvgtcvxf-chefmomota.vercel.app,phishdb,2026-08-12T09:34:46
pancake-frontend-fai10qdon-chefmomota.vercel.app,phishdb,2026-08-12T09:34:46
pano4you.vn,phishdb,2026-08-12T09:34:46
pasona.vn,phishdb,2026-08-12T09:34:46
pay.zing.vn,phishdb,2026-08-12T09:34:46
paypaldesign.com,phishdb,2026-08-12T09:34:46
pccc114.vn,phishdb,2026-08-12T09:34:46
peemesaan-lpgg-gass-tabungg-subsusidii.wixzey.com,phishdb,2026-08-12T09:34:46
pembatalan-danapaylater.clickwebs.rent,phishdb,2026-08-12T09:34:46
pengembalian-dana-lazada.linkpc.net,phishdb,2026-08-12T09:34:46
pengembalian.dana-lazada.my.id,phishdb,2026-08-12T09:34:46
pham.tiktokshopx.icu,phishdb,2026-08-12T09:34:46
phaohoaviet.com.vn,phishdb,2026-08-12T09:34:46
phatquatrian.grarena.vn,phishdb,2026-08-12T09:34:46
phimvietnam553.ddns.net,phishdb,2026-08-12T09:34:46
phongvuexpress.vn,phishdb,2026-08-12T09:34:46
phukienxiga.com.vn,phishdb,2026-08-12T09:34:46
pld.oslsap.com,phishdb,2026-08-12T09:34:46
pocket.hai-sai.com,phishdb,2026-08-12T09:34:46
posecommunication.vn,phishdb,2026-08-12T09:34:46
primarytiktokshopsellercenter.com,phishdb,2026-08-12T09:34:46
primeira-venda-na-shopee-alppxodyjxhmny55.builder-preview.com,phishdb,2026-08-12T09:34:46
private-user-support-center.io.vn,phishdb,2026-08-12T09:34:46
profile.facebookldangnhap.com,phishdb,2026-08-12T09:34:46
profile.hoanghuongtra.cute.09122000.facebookldangnhap.com,phishdb,2026-08-12T09:34:46
progran-shopee39.blogspot.com,phishdb,2026-08-12T09:34:46
progran-shopee54.blogspot.com,phishdb,2026-08-12T09:34:46
psupply.vn,phishdb,2026-08-12T09:34:46
pub-d80f3d841e4f46169d9cccd79bdb8d2d.r2.dev,phishdb,2026-08-12T09:34:46
pub-f28a84bcccd14268b382bb8998d2d444.r2.dev,phishdb,2026-08-12T09:34:46
pubg-mobile.id.vn,phishdb,2026-08-12T09:34:46
pubg-zingm.io.vn,phishdb,2026-08-12T09:34:46
pubgm-zing-vn.com,phishdb,2026-08-12T09:34:46
pubgm-zing-vn.site,phishdb,2026-08-12T09:34:46
pubgmobile-vn.click,phishdb,2026-08-12T09:34:46
pubgmobilevn-zing.io.vn,phishdb,2026-08-12T09:34:46
publicdappnetwork.com,phishdb,2026-08-12T09:34:46
qisc.com.vn,phishdb,2026-08-12T09:34:46
qua-2021-lol-vn-garena.tk,phishdb,2026-08-12T09:34:46
qua.freefiregarena.vn,phishdb,2026-08-12T09:34:46
quan123.io.vn,phishdb,2026-08-12T09:34:46
quatangfreefire.garenav.vn,phishdb,2026-08-12T09:34:46
questions-to-know6549619.io.vn,phishdb,2026-08-12T09:34:46
questions-to-know6549691.io.vn,phishdb,2026-08-12T09:34:46
quydoigarena.vn,phishdb,2026-08-12T09:34:46
quydoivang.gasenna.id.vn,phishdb,2026-08-12T09:34:46
quynhff.sukien-freefire.garenaaa.io.vn,phishdb,2026-08-12T09:34:46
quynhff.sukien-freefire.garenaaa.vn,phishdb,2026-08-12T09:34:46
rakuten.co.jp.dsghscxvcb213dvcxbcv234cxbcbcx.tk,phishdb,2026-08-12T09:34:46
raynor.io.vn,phishdb,2026-08-12T09:34:46
rdirtfuo6t.vov.ru,phishdb,2026-08-12T09:34:46
reamomodievk.chuckie.workers.dev,phishdb,2026-08-12T09:34:46
redpearldesigncompany.com,phishdb,2026-08-12T09:34:46
ref.vn,phishdb,2026-08-12T09:34:46
refund5319397648.nevamedia.vn,phishdb,2026-08-12T09:34:46
regulatory-compliance4559862.io.vn,phishdb,2026-08-12T09:34:46
resdgsbvcfghgt67uhj89ikjnhgvcxcfghttyu3wsgzfc3bhytfcvvcfhz.pages.dev,phishdb,2026-08-12T09:34:46
residencebidvankhe.vndemo.info,phishdb,2026-08-12T09:34:46
reviews-fakessboockpagescontasertpageskilike-2024.info.vn,phishdb,2026-08-12T09:34:46
riamomodmoemivinz.zavier4766.workers.dev,phishdb,2026-08-12T09:34:46
richlaneresidences.vn,phishdb,2026-08-12T09:34:46
robertschool.vn,phishdb,2026-08-12T09:34:46
rose9.vn,phishdb,2026-08-12T09:34:46
rulesfb-2vcca0mpbrdb.topaz.gr,phishdb,2026-08-12T09:34:46
rulesfb-9oxm0y2q3bet.topaz.gr,phishdb,2026-08-12T09:34:46
ruouvangwinena.vn,phishdb,2026-08-12T09:34:46
rut.vn,phishdb,2026-08-12T09:34:46
s-adv.kovo.vn,phishdb,2026-08-12T09:34:46
s.aeon-corasiuwqa.xyz,phishdb,2026-08-12T09:34:46
s.biz.vn,phishdb,2026-08-12T09:34:46
sachhungyen.vn,phishdb,2026-08-12T09:34:46
safety-for-you18236.io.vn,phishdb,2026-08-12T09:34:46
safety-for-you182536.io.vn,phishdb,2026-08-12T09:34:46
safety-for-you32155291.io.vn,phishdb,2026-08-12T09:34:46
safety-for-you346168.io.vn,phishdb,2026-08-12T09:34:46
safunvietnam.com,phishdb,2026-08-12T09:34:46
saigonsportcity.com,phishdb,2026-08-12T09:34:46
saigonweeklyonline.com,phishdb,2026-08-12T09:34:46
sankini.vesinhanbinh.com,phishdb,2026-08-12T09:34:46
sastudio.vn,phishdb,2026-08-12T09:34:46
satthuhoaan1203.ff.skgarena.vn,phishdb,2026-08-12T09:34:46
sfshopee.com,phishdb,2026-08-12T09:34:46
shipping-vn.com,phishdb,2026-08-12T09:34:46
shop.tiktokshopapp.xyz,phishdb,2026-08-12T09:34:46
shop.tiktokshopwholesale.com,phishdb,2026-08-12T09:34:46
shopee.uk.cc,phishdb,2026-08-12T09:34:46
shopee5155.blogspot.com,openphish,2026-08-12T09:34:46
shopee66688.com,phishdb,2026-08-12T09:34:46
shopee857.blogspot.com,openphish,2026-08-12T09:34:46
shopeebrasil-ofc.netlify.app,phishdb,2026-08-12T09:34:46
shopeemall.xyz,phishdb,2026-08-12T09:34:46
shopeemitraofficialjob.id,phishdb,2026-08-12T09:34:46
shopeeping.top,phishdb,2026-08-12T09:34:46
shopees.duprata.com,phishdb,2026-08-12T09:34:46
shopees.mgcccj.com,phishdb,2026-08-12T09:34:46
shopeestoremy.shop,phishdb,2026-08-12T09:34:46
shopeewebmall.top,phishdb,2026-08-12T09:34:46
simpleweb.vn,phishdb,2026-08-12T09:34:46
souentregadorshopee.com.br,phishdb,2026-08-12T09:34:46
sso-i-trustcapital-visti-auth.webflow.io,phishdb,2026-08-12T09:34:46
st.dva.gg,phishdb,2026-08-12T09:34:46
sukien2025.freefire-gerana.io.vn,phishdb,2026-08-12T09:34:46
superset.greeninvietnam.org.vn,phishdb,2026-08-12T09:34:46
swattechrmaillrr.weebly.com,phishdb,2026-08-12T09:34:46
tiktokshop.0755edu.net,phishdb,2026-08-12T09:34:46
tiktokshop.code.blog,phishdb,2026-08-12T09:34:46
tiktokshop.jinlida.net,phishdb,2026-08-12T09:34:46
tiktokshop555.vip,phishdb,2026-08-12T09:34:46
tiktokshop888.vip,phishdb,2026-08-12T09:34:46
tiktokshop999.vip,phishdb,2026-08-12T09:34:46
tiktokshopeasy.com,phishdb,2026-08-12T09:34:46
tiktokshopmail.help,phishdb,2026-08-12T09:34:46
tiktokshopmall.link,phishdb,2026-08-12T09:34:46
tiktokshopqs.com,phishdb,2026-08-12T09:34:46
tiktokshops-seller.com,phishdb,2026-08-12T09:34:46
tiktokshops.sellers-tikshop.com,phishdb,2026-08-12T09:34:46
tiktokshopsbuys.cc,phishdb,2026-08-12T09:34:46
tiktokshopts.com,phishdb,2026-08-12T09:34:46
tin-delicate-lumber.glitch.me,phishdb,2026-08-12T09:34:46
tkshopesellers-vn.com,phishdb,2026-08-12T09:34:46
topaz-cheddar-cotton.glitch.me,phishdb,2026-08-12T09:34:46
trantruong.vn,phishdb,2026-08-12T09:34:46
undian-shopee536.blogspot.com,openphish,2026-08-12T09:34:46
urbanandruraldesign.com.au,phishdb,2026-08-12T09:34:46
uudaix10.xn--grena-v11b.vn,phishdb,2026-08-12T09:34:46
vast-integration.com,phishdb,2026-08-12T09:34:46
vcbfdfdrt-3qercwz0jn.edgeone.app,phishdb,2026-08-12T09:34:46
vcbnxbmn.b-cdn.net,openphish,2026-08-12T09:34:46
vcbqdfdn.cn,phishdb,2026-08-12T09:34:46
vcbuyiw.duckdns.org,phishdb,2026-08-12T09:34:46
vcc-library.uk,urlhaus,2026-08-12T09:34:46
vendamaisnashopee.com.br,phishdb,2026-08-12T09:34:46
viethoney.com.vn,phishdb,2026-08-12T09:34:46
vietnam.zing.photos,phishdb,2026-08-12T09:34:46
vista-hold.pages.dev,phishdb,2026-08-12T09:34:46
vn-poinr.top,phishdb,2026-08-12T09:34:46
walletweb.vntaxi.vn,phishdb,2026-08-12T09:34:46
wap.tiktokshopwholesale.com,phishdb,2026-08-12T09:34:46
whats-vn.vip,phishdb,2026-08-12T09:34:46
whatsapp-topaz.vercel.app,phishdb,2026-08-12T09:34:46
whatsapp-vn.cc,phishdb,2026-08-12T09:34:46
whatsapps.com.vn,phishdb,2026-08-12T09:34:46
wordpower.vn,phishdb,2026-08-12T09:34:46
www-facebooks.com.vn,phishdb,2026-08-12T09:34:46
www.shopee5155.blogspot.com,openphish,2026-08-12T09:34:46
www.shopee857.blogspot.com,openphish,2026-08-12T09:34:46
www.undian-shopee536.blogspot.com,openphish,2026-08-12T09:34:46
xwww.tiktokshoptsp.com,phishdb,2026-08-12T09:34:46
yctk.vinawebsite.vn,phishdb,2026-08-12T09:34:46
