seed,condition,miss_vn,miss_other,fpr_vn,fpr_other,budget,thr_vn,thr_other
0,default,0.9102564102564102,0.07653328673772497,0.01622169651909429,0.6362666666666666,0.25672321059164255,0.5,0.5
0,global,0.9102564102564102,0.07653328673772497,0.01622169651909429,0.6362666666666666,0.25672321059164255,0.4992917777960037,0.4992917777960037
0,per-group,0.14743589743589744,0.3533112004193605,0.2673200405542413,0.2384,0.2561026065370294,0.06403379725883636,0.6838560748204863
0,vn-only,0.01282051282051282,0.07653328673772497,0.649881716796215,0.6362666666666666,0.6446007447248655,0.002582773431627857,0.5
1,default,0.9166666666666666,0.07443648436134895,0.023084643693542992,0.6367851622874807,0.2647058823529412,0.5,0.5
1,global,0.9166666666666666,0.07443648436134895,0.023084643693542992,0.6367851622874807,0.2647058823529412,0.49920040704787194,0.49920040704787194
1,per-group,0.23717948717948717,0.34614712563340905,0.23987955838072933,0.25450798557444615,0.2456389452332657,0.11128550298385564,0.688778215541795
1,vn-only,0.00641025641025641,0.07443648436134895,0.6226162596186016,0.6367851622874807,0.6281947261663287,0.0026795671123033245,0.5
2,default,0.8910256410256411,0.0712912807967849,0.016818028927009756,0.6272774596564289,0.2564364527993461,0.5,0.5
2,global,0.8910256410256411,0.07059234667132623,0.017490750084090144,0.629359708485164,0.2576624438087454,0.4941396618256114,0.4941396618256114
2,per-group,0.17307692307692307,0.3283243054342128,0.24352505886310125,0.26913066111400313,0.25357580711074784,0.07066484009151237,0.691800209523437
2,vn-only,0.01282051282051282,0.0712912807967849,0.6236125126135217,0.6272774596564289,0.625051082958725,0.003684180137676271,0.5
3,default,0.9102564102564102,0.07216494845360824,0.014386082301773169,0.6480505795574288,0.2604870063433599,0.5,0.5
3,global,0.9102564102564102,0.07216494845360824,0.014386082301773169,0.6480505795574288,0.2604870063433599,0.5000688962747296,0.5000688962747296
3,per-group,0.20512820512820512,0.3050847457627119,0.23553027768484444,0.2845100105374078,0.2545528954368733,0.10631052178405993,0.6765211615618073
3,vn-only,0.00641025641025641,0.07216494845360824,0.6192706590833055,0.6480505795574288,0.6304481276856968,0.002933848714851458,0.5
4,default,0.9038461538461539,0.07565961908090163,0.01675977653631285,0.6500268384326355,0.2572360375050958,0.5,0.5
4,global,0.9038461538461539,0.07548488554953696,0.01675977653631285,0.6500268384326355,0.2572360375050958,0.4972976516403421,0.4972976516403421
4,per-group,0.12179487179487179,0.345622925039315,0.26881367071968454,0.2560386473429952,0.26396249490419893,0.06472113562849206,0.6897330253243303
4,vn-only,0.01282051282051282,0.07565961908090163,0.6421294774893197,0.6500268384326355,0.6451284141867102,0.002946581701533621,0.5
