seed,tau,b_star,b0
0,0.05,0.4786925941249483,0.25672321059164255
0,0.1,0.42263136119155975,0.25672321059164255
0,0.2,0.31505999172527926,0.25672321059164255
0,0.3,0.23789822093504343,0.25672321059164255
1,0.05,0.5119675456389452,0.2647058823529412
1,0.1,0.4302231237322516,0.2647058823529412
1,0.2,0.33448275862068966,0.2647058823529412
1,0.3,0.2580121703853956,0.2647058823529412
2,0.05,0.4838577850429097,0.2564364527993461
2,0.1,0.4201062525541479,0.2564364527993461
2,0.2,0.30874540253371474,0.2564364527993461
2,0.3,0.24008990600735594,0.2564364527993461
3,0.05,0.47186412932269284,0.2604870063433599
3,0.1,0.415183138940045,0.2604870063433599
3,0.2,0.32126048700634335,0.2604870063433599
3,0.3,0.2371598117454471,0.2604870063433599
4,0.05,0.47492865878516105,0.2572360375050958
4,0.1,0.418263350998777,0.2572360375050958
4,0.2,0.3216469629025683,0.2572360375050958
4,0.3,0.23929881777415413,0.2572360375050958
