seed,alpha_vn,alpha_other,thr_vn,thr_other,miss_vn,miss_other,budget_test
0,0.0,0.6936179001158053,0.9175617174667002,0.36365518321447166,0.9935897435897436,0.05102219115848331,0.270376499793132
0,0.01,0.6765997782047675,0.7372840408054194,0.40646796146648656,0.9487179487179487,0.058535733007164074,0.2683078196110881
0,0.02,0.6595816562937294,0.5727934297913196,0.4388870298697193,0.9230769230769231,0.06377773894810414,0.26334298717418286
0,0.03,0.6425635343826916,0.4141208290088806,0.5010500437410219,0.8846153846153846,0.07670802026908964,0.2592056268100952
0,0.04,0.6255454124716537,0.36211659665859997,0.5587844941171917,0.8141025641025641,0.08841516687052245,0.2577575506826645
0,0.05,0.6085272905606158,0.34056065147289183,0.5819360317063772,0.7628205128205128,0.09889917875240259,0.2556888705006206
0,0.06,0.5915091686495779,0.3022347296150127,0.583317737723978,0.6923076923076923,0.10309278350515463,0.261274306992139
0,0.07,0.57449104673854,0.29765768716484337,0.6050491875969086,0.6538461538461539,0.12563340905119694,0.25506826644600744
0,0.08,0.5574729248275021,0.28637558592966045,0.6125946978096547,0.6217948717948718,0.131923816180325,0.2571369466280513
0,0.09,0.5404548029164642,0.28403208925845697,0.6186797924217351,0.5897435897435898,0.1415341604053818,0.25237898220935046
0,0.1,0.5234366810054263,0.27531302437127736,0.6205940305178522,0.5769230769230769,0.15463917525773196,0.2540339263549855
0,0.11,0.5064185590943884,0.27090054568579575,0.6254823822475676,0.5448717948717948,0.16302638476323605,0.2534133223003724
0,0.12,0.4894004371833505,0.26826531934577114,0.6299108326970863,0.5384615384615384,0.17036519308055215,0.2542407943731899
0,0.13,0.47238231527231267,0.25147615834657383,0.6348646386360338,0.5,0.17927660318015026,0.2542407943731899
0,0.14,0.4553641933612747,0.24601802864803166,0.6395362508753341,0.4358974358974359,0.19849729163026386,0.2511377741001241
0,0.15,0.43834607145023685,0.22940481434299642,0.6440616972891582,0.40384615384615385,0.20758343526122663,0.25217211419114605
0,0.16,0.42132794953919894,0.20822235114967944,0.6440616972891582,0.36538461538461536,0.20758343526122663,0.2602399669011171
0,0.17,0.40430982762816103,0.20052139689717097,0.6491823606108152,0.3333333333333333,0.2240083872095055,0.2629292511377741
0,0.18,0.38729170571712324,0.17668711974913492,0.6492198550640758,0.3141025641025641,0.23955967150096102,0.26251551510136534
0,0.19,0.37027358380608527,0.16406487290611962,0.660452308331741,0.30128205128205127,0.24777214747510048,0.26499793131981797
0,0.2,0.3532554618950474,0.15854558750875786,0.6624771337409691,0.2948717948717949,0.2503931504455705,0.2658254033926355
0,0.21,0.3362373399840095,0.136070711460334,0.6634161221924034,0.23717948717948717,0.26472130001747335,0.26768721555647496
0,0.22,0.3192192180729716,0.11278367450821067,0.6685250976779967,0.21153846153846154,0.28533985671850426,0.26644600744724867
0,0.23,0.3022010961619337,0.08627061030606609,0.6732594652831814,0.1987179487179487,0.2984448715708544,0.2658254033926355
0,0.24,0.28518297425089584,0.07288078212784443,0.6794181927782523,0.1794871794871795,0.3167918923641447,0.26623913942904426
0,0.25,0.26816485233985793,0.06650216034908639,0.6820447633942163,0.16025641025641027,0.3274506377773895,0.26623913942904426
0,0.26,0.2511467304288201,0.06196469771013032,0.687289745375435,0.14743589743589744,0.3599510746112179,0.2575506826644601
0,0.27,0.23412860851778214,0.057551858504249,0.6918017349898605,0.1346153846153846,0.3765507600908614,0.26044683491932147
0,0.28,0.21711048660674423,0.0505260974770646,0.7015990704768714,0.11538461538461539,0.38878210728638823,0.26086057095573023
0,0.29,0.2000923646957064,0.047080849442855156,0.7115828613026828,0.10897435897435898,0.3971693167918924,0.26086057095573023
0,0.3,0.1830742427846685,0.0403979111603011,0.7194559813670394,0.08974358974358974,0.4144679363969946,0.26230864708316093
0,0.31,0.16605612087363059,0.030719860119959093,0.7417605435743113,0.0641025641025641,0.4343875589725668,0.2656185353744311
0,0.32,0.14903799896259268,0.028886879912900818,0.7427413623842166,0.05128205128205128,0.444347370260353,0.26499793131981797
0,0.33,0.13201987705155477,0.01936989578978063,0.7874478607402189,0.02564102564102564,0.4801677441901101,0.2672734795200662
0,0.34,0.11500175514051687,0.01792978325738089,0.8302278110047328,0.02564102564102564,0.5130176480866678,0.2592056268100952
0,0.35,0.09798363322947912,0.016936910726357706,0.8549780760400878,0.019230769230769232,0.5635156386510571,0.25734381464625566
0,0.36,0.08096551131844121,0.014854142442580253,0.8868328174356451,0.019230769230769232,0.6161104315918224,0.25382705833678115
0,0.37,0.0639473894074033,0.013068704806356735,0.9209383814607727,0.019230769230769232,0.7122138738423903,0.24948282995448903
0,0.38,0.04692926749636532,0.007592844677452657,0.9449740786611402,0.019230769230769232,0.7803599510746112,0.2534133223003724
0,0.39,0.02991114558532741,0.006959588560278479,0.9558458395179128,0.019230769230769232,0.8423903547090686,0.2534133223003724
0,0.4,0.01289302367428958,0.0063122125947609065,0.9667961532373844,0.019230769230769232,0.9101869648785602,0.2527927182457592
1,0.0,0.7182491894395553,0.899770071387793,0.31828989674441405,0.9871794871794872,0.041237113402061855,0.29371196754563894
1,0.01,0.7011153311718387,0.7252820213934629,0.3353142248499048,0.9551282051282052,0.04246024812161454,0.2924949290060852
1,0.02,0.6839814729041223,0.5600275438690728,0.35092983464024413,0.9166666666666666,0.049274855844836624,0.29066937119675457
1,0.03,0.6668476146364057,0.4112416334688362,0.36822231542385914,0.8717948717948718,0.05172112528394199,0.29310344827586204
1,0.04,0.6497137563686892,0.37283513995091067,0.4142895896659439,0.8269230769230769,0.05696313122488206,0.28864097363083163
1,0.05,0.6325798981009726,0.36313655878543066,0.4473122295646768,0.8076923076923077,0.06080726891490477,0.28924949290060853
1,0.06,0.6154460398332561,0.3478939222853763,0.4739409198566051,0.7307692307692307,0.06971867901450288,0.2880324543610548
1,0.07,0.5983121815655396,0.31885729582010963,0.5528018804654898,0.7115384615384616,0.08457102918049973,0.28640973630831645
1,0.08,0.581178323297823,0.31271595307973327,0.5704014300059327,0.6858974358974359,0.09942337934649659,0.28093306288032455
1,0.09,0.5640444650301065,0.30780183276500306,0.5855527362405524,0.6602564102564102,0.10746112178927136,0.2795131845841785
1,0.1,0.5469106067623899,0.28920207901405137,0.6023930412961552,0.6153846153846154,0.12266293901799756,0.28012170385395535
1,0.11,0.5297767484946735,0.28699337483370296,0.6117030884840668,0.5769230769230769,0.13297221736851303,0.2791075050709939
1,0.12,0.5126428902269569,0.2722352000862034,0.6267856362136014,0.532051282051282,0.14432989690721648,0.2795131845841785
1,0.13,0.4955090319592404,0.271151257785224,0.6279058018481677,0.5256410256410257,0.14555303162676916,0.2874239350912779
1,0.14,0.47837517369152377,0.2611897959289632,0.6356107858668971,0.5128205128205128,0.158832780010484,0.28113590263691685
1,0.15,0.46124131542380736,0.2515923690405843,0.6382956724765566,0.4807692307692308,0.16791892364144678,0.2791075050709939
1,0.16,0.44410745715609073,0.23189258558182402,0.6406267381313913,0.4230769230769231,0.18469334265245502,0.2799188640973631
1,0.17,0.42697359888837416,0.21951591414383098,0.6450755506455389,0.3782051282051282,0.19447842040887647,0.2791075050709939
1,0.18,0.4098397406206577,0.21028062684170498,0.6455277964708831,0.3717948717948718,0.20636030054167395,0.278498985801217
1,0.19,0.3927058823529411,0.1970337107227148,0.6505554812870797,0.3525641025641026,0.2171937794862834,0.28093306288032455
1,0.2,0.37557202408522455,0.16311840516056123,0.656706431505395,0.3076923076923077,0.22558098899178752,0.29046653144016227
1,0.21,0.35843816581750815,0.1555126018297829,0.6618129035296566,0.30128205128205127,0.24550061156735978,0.28052738336713995
1,0.22,0.3413043075497915,0.1441831682963252,0.6626358991827185,0.26282051282051283,0.2575572252315219,0.281947261663286
1,0.23,0.324170449282075,0.11977955774423371,0.665005187070551,0.23717948717948717,0.26769177005067274,0.2823529411764706
1,0.24,0.3070365910143585,0.10549335675895777,0.6672746007340494,0.22435897435897437,0.27765158133845885,0.281947261663286
1,0.25,0.28990273274664197,0.08135132370892734,0.6701099194396455,0.19230769230769232,0.3070068146077232,0.27586206896551724
1,0.26,0.27276887447892545,0.0684095573475349,0.6802525654654498,0.17307692307692307,0.3227328324305434,0.2744421906693712
1,0.27,0.2556350162112088,0.060363564476695344,0.6861534572585317,0.16025641025641027,0.33216844312423555,0.2746450304259635
1,0.28,0.23850115794349233,0.05372684448411227,0.6888871052144411,0.16025641025641027,0.34614712563340905,0.273630831643002
1,0.29,0.22136729967577587,0.05187822429726428,0.6947048533018714,0.1346153846153846,0.3639699458326053,0.2689655172413793
1,0.3,0.20423344140805935,0.048822190677128355,0.7064315381556762,0.12179487179487179,0.38004543071815483,0.2701825557809331
1,0.31,0.18709958314034275,0.04386066043324019,0.7135542440787644,0.10897435897435898,0.39507251441551633,0.26835699797160245
1,0.32,0.16996572487262623,0.03904789204890183,0.7169225893742341,0.09615384615384616,0.40695439454831384,0.2695740365111562
1,0.33,0.15283186660490972,0.03157835846270997,0.728033880651276,0.07051282051282051,0.42355408002795736,0.2663286004056795
1,0.34,0.13569800833719312,0.026870322286923355,0.7478518744737543,0.07051282051282051,0.44015376550760094,0.27038539553752533
1,0.35,0.11856415006947667,0.024259408836511526,0.7986304693849168,0.0641025641025641,0.4848855495369561,0.26288032454361054
1,0.36,0.10143029180176015,0.02231211004683361,0.8248305683486137,0.0641025641025641,0.5121439804298444,0.2667342799188641
1,0.37,0.08429643353404362,0.01680351197990171,0.8640561531643726,0.05128205128205128,0.5738249170015726,0.2643002028397566
1,0.38,0.06716257526632702,0.012207916889431264,0.9042148017349373,0.038461538461538464,0.6440677966101694,0.2616632860040568
1,0.39,0.0500287169986105,0.009322973605986698,0.9174190784321719,0.019230769230769232,0.6957889218941115,0.2651115618661258
1,0.4,0.0328948587308939,0.007224953114437172,0.9439896329415338,0.019230769230769232,0.7892713611742094,0.26835699797160245
1,0.41,0.015761000463177455,0.006283710542439558,0.9644648232325896,0.019230769230769232,0.8930630788048226,0.2667342799188641
2,0.0,0.6528507918160867,0.9413048507774291,0.44995204168706454,0.9935897435897436,0.06412720601083348,0.2537801389456477
2,0.01,0.63739221193443,0.7492714927743813,0.46274712232560977,0.9615384615384616,0.06692294251266818,0.2531671434409481
2,0.02,0.6219336320527732,0.6144295349536367,0.5391615738688579,0.9230769230769231,0.07548488554953696,0.2503064977523498
2,0.03,0.6064750521711163,0.48799629942546663,0.5633231156141865,0.8782051282051282,0.08579416390005241,0.24621986105435226
2,0.04,0.5910164722894595,0.40400758914247886,0.5931101549291232,0.8461538461538461,0.09942337934649659,0.24295055169595423
2,0.05,0.5755578924078028,0.37398664893538686,0.5948125099286284,0.7692307692307693,0.1032675170365193,0.2451982018798529
2,0.06,0.560099312526146,0.3485844866287462,0.6026423018619289,0.7115384615384616,0.11549886423204613,0.24397221087045362
2,0.07,0.5446407326444892,0.3224329944950002,0.6052638950206917,0.6987179487179487,0.12318713961209156,0.24376787903555375
2,0.08,0.5291821527628323,0.2981617367382957,0.6120391667973232,0.6666666666666666,0.13227328324305435,0.24601552921945238
2,0.09,0.5137235728811755,0.2860644684890961,0.6166699291501203,0.6346153846153846,0.1369910885899004,0.25194115243154885
2,0.1,0.49826499299951876,0.28307197669671474,0.6237736124597423,0.5576923076923077,0.15149397169316792,0.2486718430731508
2,0.11,0.48280641311786193,0.27547767496974074,0.6285373692683955,0.5512820512820513,0.156211777040014,0.24642419288925216
2,0.12,0.46734783323620516,0.2625624326888861,0.6286403095938009,0.5192307692307693,0.156211777040014,0.25704944830404575
2,0.13,0.4518892533545483,0.2617926552019706,0.6398391781278201,0.5128205128205128,0.1824218067447143,0.24703718839395178
2,0.14,0.4364306734728915,0.2515558692083287,0.6465078036423686,0.46794871794871795,0.1930805521579591,0.24724152022885165
2,0.15,0.4209720935912347,0.23481041223126511,0.6491394086603554,0.4358974358974359,0.20531189935348593,0.2478545157335513
2,0.16,0.4055135137095779,0.22359786057268266,0.6511967961396977,0.40384615384615385,0.22086318364494145,0.24724152022885165
2,0.17,0.39005493382792117,0.21978498295135354,0.6521904184258268,0.391025641025641,0.2318713961209156,0.24438087454025337
2,0.18,0.3745963539462643,0.20130695890187023,0.6562664495866836,0.3782051282051282,0.24532587803599512,0.24192889252145483
2,0.19,0.3591377740646075,0.20089910075828224,0.6664967522026043,0.3717948717948718,0.26384763236065,0.2386595831630568
2,0.2,0.34367919418295073,0.18787276829246505,0.6738612703185327,0.32051282051282054,0.27136117420933076,0.24029423784225581
2,0.21,0.3282206143012939,0.16761116579405724,0.6747823159301126,0.3141025641025641,0.28656299143805697,0.24008990600735594
2,0.22,0.3127620344196371,0.16685921504441972,0.6785341257693349,0.28205128205128205,0.2994932727590425,0.24008990600735594
2,0.23,0.2973034545379803,0.14395380899927282,0.6803250963763102,0.25,0.30683208107635856,0.24376787903555375
2,0.24,0.28184487465632346,0.09992760708950214,0.6827918853248564,0.21153846153846154,0.3120740870172986,0.2496935022476502
2,0.25,0.2663862947746667,0.08049144668405858,0.691800209523437,0.1858974358974359,0.3283243054342128,0.2476501838986514
2,0.26,0.2509277148930099,0.07297430972035428,0.6965634579871898,0.1858974358974359,0.33653678140835225,0.24560686554965264
2,0.27,0.23546913501135305,0.06615326933556888,0.6982399188459403,0.16025641025641027,0.35051546391752575,0.2478545157335513
2,0.28,0.22001055512969625,0.06126365457732481,0.7029079678028298,0.16025641025641027,0.3616984099248646,0.25010216591744994
2,0.29,0.20455197524803953,0.055803035770038936,0.7128686089112196,0.14102564102564102,0.3746286912458501,0.2531671434409481
2,0.3,0.18909339536638267,0.05430063110917433,0.7158716746542844,0.12179487179487179,0.3824917001572602,0.255006129955047
2,0.31,0.1736348154847259,0.05387231734633242,0.7193082316887898,0.12179487179487179,0.39052944260003497,0.2525541479362485
2,0.32,0.15817623560306904,0.0470163937703479,0.7231554235277416,0.10256410256410256,0.4060807268914905,0.2564364527993461
2,0.33,0.14271765572141223,0.03986927551840983,0.7326982937179168,0.08333333333333333,0.4244277476847807,0.2560277891295464
2,0.34,0.12725907583975546,0.03223954063375649,0.7423955857119562,0.0641025641025641,0.43054342128254414,0.25745811197384555
2,0.35,0.11180049595809866,0.02754179767191667,0.7951028411448776,0.05128205128205128,0.4766730735628167,0.25623212096444625
2,0.36,0.09634191607644187,0.01831228089294792,0.838075823252587,0.03205128205128205,0.5179101869648786,0.255006129955047
2,0.37,0.08088333619478508,0.014644752592373956,0.8548937735700106,0.02564102564102564,0.546741219640049,0.25909276665304454
2,0.38,0.06542475631312822,0.014554605477203317,0.8831748972844125,0.019230769230769232,0.6012580814258256,0.2552104617899469
2,0.39,0.04996617643147143,0.013824808045409627,0.9001967516071298,0.019230769230769232,0.6465140660492749,0.2513281569268492
2,0.4,0.03450759654981464,0.012902507609867307,0.9242356019769864,0.019230769230769232,0.7300366940415866,0.2486718430731508
2,0.41,0.019049016668157854,0.01006419552790018,0.9488554266131193,0.019230769230769232,0.8261401362921544,0.24948917041275032
2,0.42,0.0035904367865010637,0.008670103242138568,0.9717329074316099,0.019230769230769232,0.9474052070592347,0.2476501838986514
3,0.0,0.6887179672360043,0.8839072884722544,0.41686175262151937,0.9807692307692307,0.055565262973964705,0.2647841211377123
3,0.01,0.6722783387530321,0.7300111753379778,0.43171465993767016,0.9358974358974359,0.05766206535034073,0.266011868221813
3,0.02,0.65583871027006,0.6181851849880194,0.4456176972183316,0.9358974358974359,0.06500087366765682,0.2604870063433599
3,0.03,0.6393990817870878,0.44716662130626156,0.5045354599007413,0.8653846153846154,0.07216494845360824,0.2623286269695109
3,0.04,0.6229594533041157,0.3775884704943156,0.5834287573846673,0.8141025641025641,0.08492049624322907,0.26417024759566193
3,0.05,0.6065198248211435,0.3578039545123714,0.5926693551229415,0.7628205128205128,0.09243403809190984,0.2619193779414774
3,0.06,0.5900801963381714,0.31678007734055497,0.6068357423775814,0.6987179487179487,0.11130525947929408,0.2604870063433599
3,0.07,0.5736405678551993,0.3027461931368306,0.6134849272337088,0.6538461538461539,0.11672199895159881,0.2658072437077962
3,0.08,0.5572009393722271,0.29595208262114003,0.6229646299299293,0.6346153846153846,0.12371134020618557,0.2639656230816452
3,0.09,0.540761310889255,0.287755009358475,0.6368872151522741,0.5897435897435898,0.1354184868076184,0.2637609985676284
3,0.1,0.5243216824062829,0.2789346321476918,0.6379045334965298,0.5576923076923077,0.1392626244976411,0.26519337016574585
3,0.11,0.5078820539233108,0.27284555441567343,0.6379045334965298,0.5512820512820513,0.1392626244976411,0.2705136075301821
3,0.12,0.49144242544033867,0.2703547259688704,0.6391296039634223,0.532051282051282,0.15306657347544994,0.2676488643339472
3,0.13,0.4750027969573665,0.2700992222268464,0.6404272679169181,0.5256410256410257,0.16424951948278874,0.2664211172498465
3,0.14,0.4585631684743944,0.2649748240620864,0.6412445041091959,0.5128205128205128,0.17665560020968024,0.26437487210967875
3,0.15,0.44212353999142223,0.2597067449855025,0.644366692725938,0.48717948717948717,0.1824218067447143,0.266011868221813
3,0.16,0.4256839115084501,0.2536541232704885,0.6448538687368904,0.47435897435897434,0.19867202516162852,0.2619193779414774
3,0.17,0.40924428302547794,0.24443830265940958,0.6455246701613475,0.4423076923076923,0.20758343526122663,0.2582361366891754
3,0.18,0.3928046545425058,0.22470227753105598,0.6474726044735658,0.41025641025641024,0.21929058186265946,0.2588500102312257
3,0.19,0.37636502605953365,0.20987920229332027,0.651200431592789,0.3525641025641026,0.22925039315044557,0.2590546347452425
3,0.2,0.3599253975765615,0.20394486128768372,0.6550496505783183,0.3333333333333333,0.23990913856369037,0.25618989154900756
3,0.21,0.3434857690935894,0.195867385015318,0.6553403748083139,0.32051282051282054,0.2404333391577844,0.2598731328013096
3,0.22,0.32704614061061726,0.17950172670291575,0.6613147121202794,0.3141025641025641,0.25738249170015726,0.25352977286678946
3,0.23,0.3106065121276451,0.17524559736615536,0.6645568193916315,0.3076923076923077,0.262799231172462,0.2568037650910579
3,0.24,0.29416688364467297,0.14983504093669528,0.6672352206305516,0.25,0.28062205137165824,0.2596685082872928
3,0.25,0.2777272551617008,0.12181056497717024,0.671012943197592,0.22435897435897437,0.2848156561244103,0.26130550439942707
3,0.26,0.2612876266787287,0.10764232811115325,0.6763645941292787,0.20512820512820512,0.30491001223134717,0.25434827092285656
3,0.27,0.24484799819575653,0.08540038816830985,0.6798369194411776,0.19230769230769232,0.31976236239734407,0.255780642520974
3,0.28,0.2284083697127844,0.07077165358633986,0.6882485690783452,0.16025641025641027,0.3389830508474576,0.25025578064252096
3,0.29,0.21196874122981232,0.06470776192415982,0.6926980839570556,0.14743589743589744,0.3492923291979731,0.2480049109883364
3,0.3,0.19552911274684018,0.05561972577583843,0.6952361489300852,0.1282051282051282,0.367289882928534,0.24943728258645387
3,0.31,0.17908948426386803,0.05445099771360455,0.7061716275891313,0.11538461538461539,0.38161803250043685,0.24554941682013506
3,0.32,0.16264985578089589,0.052895103303284674,0.7180396624029832,0.10256410256410256,0.3961209156037043,0.24432166973603436
3,0.33,0.14621022729792374,0.05090136509351702,0.7374820340607672,0.09615384615384616,0.4223309453084047,0.23981993042766522
3,0.34,0.1297705988149516,0.04724838942268085,0.767315432952823,0.07692307692307693,0.4558797833304211,0.2441170452220176
3,0.35,0.11333097033197952,0.033794493435975785,0.8207048180136978,0.04487179487179487,0.5004368338284116,0.24473091876406794
3,0.36,0.09689134184900737,0.024374340100039128,0.8381196933527675,0.03205128205128205,0.5242005940940067,0.24780028647431962
3,0.37,0.08045171336603522,0.0241198690433394,0.868586260136039,0.03205128205128205,0.5694565787174559,0.24248004910988336
3,0.38,0.064012084883063,0.019390353618484076,0.9056063722459627,0.02564102564102564,0.6758692993185392,0.24104767751176592
3,0.39,0.047572456400090855,0.018143867919058098,0.9310728135597813,0.02564102564102564,0.7590424602481216,0.23797830980151422
3,0.4,0.03113282791711871,0.01602489267072404,0.9477658776469525,0.02564102564102564,0.8282369386685305,0.24043380396971556
3,0.41,0.014693199434146707,0.01354207701927734,0.9630245972773157,0.02564102564102564,0.8867726716756945,0.240024554941682
4,0.0,0.6797290545943259,0.9292540184713755,0.4317149349202059,0.9871794871794872,0.061855670103092786,0.2588666938442723
4,0.01,0.6633047222501122,0.6576736912169262,0.44319428640988806,0.9423076923076923,0.06832081076358554,0.2566245413779046
4,0.02,0.6468803899058986,0.5372532059188726,0.48931921968806263,0.9102564102564102,0.0746112178927136,0.25642070933550754
4,0.03,0.6304560575616849,0.42761528447553027,0.5582707696576775,0.8653846153846154,0.09470557399965053,0.2535670607419486
4,0.04,0.6140317252174713,0.4049703102211593,0.5806619064253027,0.8269230769230769,0.1083347894460947,0.2507134121483897
4,0.05,0.5976073928732577,0.3489594073259363,0.6047032121040409,0.717948717948718,0.11986720251616285,0.25743986954749287
4,0.06,0.581183060529044,0.3047465911290283,0.6084608422361296,0.6538461538461539,0.1240608072689149,0.2625356706074195
4,0.07,0.5647587281848303,0.296880802974449,0.6106056239892641,0.6153846153846154,0.12790494495893762,0.2651854871585813
4,0.08,0.5483343958406166,0.2968223981324397,0.6178059691088047,0.5897435897435898,0.14555303162676916,0.2594781899714635
4,0.09,0.531910063496403,0.2885143890158715,0.6317909548024754,0.5769230769230769,0.15306657347544994,0.25927435792906645
4,0.1,0.5154857311521893,0.28536678292186823,0.6364342951945955,0.5705128205128205,0.1707146601432815,0.2549938850387281
4,0.11,0.49906139880797573,0.27735460689597846,0.6400748361040586,0.5256410256410257,0.17420933077057488,0.2566245413779046
4,0.12,0.4826370664637621,0.2730226715034407,0.6451488601418174,0.5,0.18451860912109033,0.2554015491235222
4,0.13,0.46621273411954844,0.2544688167398882,0.645280510675743,0.4807692307692308,0.18993534859339506,0.2602935181410518
4,0.14,0.44978840177533475,0.24451640872043692,0.6476930423302667,0.4166666666666667,0.19343001922068845,0.2643701589889931
4,0.15,0.43336406943112116,0.24065475059410513,0.6505213401221016,0.3974358974358974,0.21125283941988468,0.2590705258866694
4,0.16,0.41693973708690746,0.2232913926779606,0.6517137227109423,0.358974358974359,0.23239559671500962,0.25580921320831634
4,0.17,0.4005154047426938,0.22035088447457243,0.652673149090684,0.3525641025641026,0.23781233618731434,0.257847533632287
4,0.18,0.38409107239848017,0.21003822939642527,0.6557661158559145,0.3076923076923077,0.25703302463742794,0.2570322054626987
4,0.19,0.3676667400542665,0.1797515902394362,0.6595906723891191,0.28846153846153844,0.26297396470382667,0.2596820220138606
4,0.2,0.3512424077100529,0.1616239043831472,0.6658911599908895,0.27564102564102566,0.2774768478070942,0.2613126783530371
4,0.21,0.33481807536583924,0.15354117337800208,0.6776822515464056,0.23717948717948717,0.29093132972217367,0.2602935181410518
4,0.22,0.3183937430216256,0.12914710385675934,0.6783776401339643,0.23076923076923078,0.30630788048226454,0.2617203424378312
4,0.23,0.30196941067741195,0.0968782205702412,0.6822901526095262,0.1858974358974359,0.315044557050498,0.2643701589889931
4,0.24,0.2855450783331983,0.07766874451608645,0.6858115187881271,0.16025641025641027,0.32482963480691945,0.26559315124337546
4,0.25,0.26912074598898467,0.06784327837058991,0.68850559468705,0.14743589743589744,0.344574523851127,0.2617203424378312
4,0.26,0.252696413644771,0.06382003631281133,0.6910848173646386,0.12179487179487179,0.3492923291979731,0.2623318385650224
4,0.27,0.23627208130055732,0.057842292332421934,0.694942128065259,0.10897435897435898,0.3632710117071466,0.2635548308194048
4,0.28,0.21984774895634368,0.05518592812842316,0.6975139957099494,0.09615384615384616,0.3756770924340381,0.2700774561761109
4,0.29,0.2034234166121301,0.04946933691803768,0.7067794454563527,0.08333333333333333,0.3840643019395422,0.27028128821850794
4,0.3,0.18699908426791645,0.04442305276782621,0.719604912103658,0.057692307692307696,0.3985671850428097,0.2729311047696698
4,0.31,0.1705747519237028,0.03933080667728428,0.7299525578848068,0.038461538461538464,0.4104490651756072,0.2715042804728903
4,0.32,0.1541504195794891,0.0293363909519289,0.7600263832343818,0.038461538461538464,0.4452210379171763,0.2664084794129637
4,0.33,0.13772608723527546,0.022431221307247173,0.7882344924646456,0.038461538461538464,0.4689847981827713,0.26763147166734613
4,0.34,0.12130175489106182,0.017313897024508314,0.8126515939475804,0.03205128205128205,0.49170015726017824,0.2751732572360375
4,0.35,0.10487742254684825,0.016974781497359488,0.838293054759617,0.02564102564102564,0.5161628516512319,0.2761924174480228
4,0.36,0.08845309020263453,0.014416793458111874,0.858526813136769,0.02564102564102564,0.5500611567359777,0.27456176110884634
4,0.37,0.07202875785842089,0.013325972514620489,0.8765662131321628,0.02564102564102564,0.5785427223484186,0.2698736241337138
4,0.38,0.05560442551420725,0.00959989588877468,0.9014828167171428,0.02564102564102564,0.6320111829460073,0.267223807582552
4,0.39,0.03918009316999361,0.007440722154109533,0.9202243495599844,0.02564102564102564,0.7027782631486983,0.2721157766000815
4,0.4,0.022755760825779896,0.006332553912719111,0.9385354748730553,0.019230769230769232,0.7674296697536257,0.2729311047696698
4,0.41,0.006331428481566402,0.005848133741876214,0.9601241591366634,0.019230769230769232,0.8874716058011533,0.2698736241337138
