brand,domain,mangled
hanoi,techcombankhanoi.com,0
vietinbank,vaytinchap-vietinbank.com,0
danang,yeudanang.biz,0
danang,yeudanang.org,0
vietinbank,vaytinchapvietinbank24h.online,0
vietinbank,vietinbankves.top,0
vietinbank,vn-vietinbank.com,0
ngoai,giaodichngoaihoivn.com,0
taichinh,hotrotaichinhliennganhang247.xyz,0
taichinh,hotrotaichinhnganhang.xyz,0
taichinh,hotrotaichinhnganhang.site,0
quocte,nganhangquocte-vib.com,0
tieudu,vaytieudung-nganhangtheoluong24h.net,0
haiphong,vaynganhang-haiphong.online,0
phong,vaynganhang-haiphong.online,0
tieudu,vaytieudung-nganhangtheoluong24h.com,0
tieudu,vayvontieudung-nganhang24h.net,0
tieudu,vayvontieudung-nganhang24h.com,0
tieudu,vaytieudungnganhang.net,0
thethao247,thethao247.today,0
hanoi,matgauhanoi.com,0
zingnews,zingnews24h.net,0
truyenhinh,tapchitruyenhinh.net,0
dientu,bocaodientu.com,0
lamdong,lamdong.info,0
duong,typhudaiduong.com,0
didong,khodidongchinhhang.com,0
didong,khodidongvn.com,0
vietinbank,vietinbank.cc,0
vietinbank,vietinbank-online.com,0
vietinbank,vietinbank-ipay.com,0
phong,phongtricker.com,0
didong,vietteldidong.com,0
tieudu,tieudungshinhanbank.com,0
baoha,baohay60s.com,0
cbbank,my-acb-bank.com,1
hanoi,vaytinchap-tpbank-hanoi.xyz,0
tieudu,vaytinchaptieudungshinhanbank.com,0
tieudu,vayvontieudungshinhanbank.com,0
hanoi,vayvonshinhanhanoi.com,0
tieudu,shinhanvaytieudung.net,0
hanoi,shinhanbank-tindunghanoi.online,0
tieudu,vaytieudung-shinhan.com,0
fptshop,fptshopvn.com,0
vietinbank,vietinbankis.cc,0
vietinbank,vietinbanki.top,0
dienlucevn,dienlucevn.com,0
vietinbank,vietinbanklm.cc,0
cbbank,vn-acbbanks.top,0
vietinbank,vietinbankeko.cc,0
vietinbank,svip-vietinbank.com,0
vietinbank,vietinbankeoes.top,0
kienthuc,chiasekienthuccuocsong.online,0
vietinbank,vietin-bank.com,1
vietinbank,vietinbankvis.cc,0
vietinbank,baohiemvietinbank.com,0
hanoi,seabank-nganhanghanoi.com,0
quocte,paypalnganhangquocte.tk,0
dientu,vidientu247.com,0
dientu,vidientusp.vn,0
duong,canthihocduong.com,0
didong,topdidonga92.com,0
taichinh,taichinhagribank.com,0
tieudu,tieudungtpbank24h.online,0
haiphong,haiphong-vpbank.com,0
phong,haiphong-vpbank.com,0
baoha,baohanhdienmayxanh.com,0
dientu,tiendientu.exchange,0
vietlott,vietlott.world,0
tieudu,vaytieudung-vietinbank.com,0
vietinbank,vaytieudung-vietinbank.com,0
tieudu,vaytieudungtinchaptpbank.com,0
hanoi,attphanoi.net,0
tieudu,hotrotieudungtpbank.com,0
vietinbank,vietinbank.tk,0
lotte,92lottery.bet,0
lotte,92lottery.net,0
cbbank,sscbbank.vip,0
kinhdoanh,blogkinhdoanh2018.com,0
chung,hoangmaichung.com,0
tuoitre,tuoi-tre.com,1
vinet,hotro-vi.net,1
khong,khonglammavancoan.club,0
quocte,napthequocte.com,0
phong,phongvupc.com,0
phongvu,phongvupc.com,0
opmart,coopmart.co,0
kinhdoanh,smartkinhdoanh2017.com,0
appnet,discord-app.net,1
hanoi,tpbank-hanoi.com,0
tuoitre,vn-tuoitre.com,0
binhduong,kenhbinhduong.com,0
duong,kenhbinhduong.com,0
baoha,trungtam-baohanhdienmayxanh.com,0
vista,vista.trade,0
dantri,vn-dantri.com,0
didong,topdidong.com,0
lotte,92lottery.com,0
tonducthang,truongtonducthang.edu.vn,0
tphcm,vtphcm.tk,0
didong,thegioididong.net.vn,0
baoha,baohay24.net,0
saigon,saigoncado1.com,0
vietinbank,vietinbank.info,0
quocte,dhl-chuyenphatnhanhquocte.com.vn,0
didong,thegioixakhodidong.com,0
quocte,nhantienquocte.today,0
cbbank,acbbank.xyz,0
dientu,vidientu24h.com,0
kienthuc,blogkienthuc.net,0
kienthuc,blogkienthuc247.com,0
quocte,dhl-chuyenphatnhanhquocte.vn,0
dongthap,tinhocdongthap.com,0
kienthuc,gockienthuc.info,0
phutho,baophutho.net,0
dientu,nhantiendientu.com,0
dientu,trangdientu.com.vn,0
tuoitre,trangbaotuoitre.com,0
ngoai,quydoingoaite247.cf,0
dientu,giaodichvidientu.com.vn,0
duong,thienduongtrochoi.club,0
taichinh,webtaichinhdangnam.com,0
dientu,webhethongvidientu.com,0
dientu,hethongdientu247.com,0
dientu,webhethongdientu247.com,0
taichinh,taichinhdangnam.com,0
dientu,hethongvidientu.com,0
didong,didongmogi.com,0
giaothongvantai,bogiaothongvantai.com,0
danang,vnptdanang24h.online,0
lotte,lotterydd7.com,0
vista,vista1.trade,0
didong,thegioididong.me,0
vietlott,vietlotts888.com,0
vista,vista2.trade,0
taichinh,hotrotaichinh247g.com,0
opmart,coopm.art,1
siscom,investigacionesyanalisis.com,1
cbbank,vcbbankdigi.com,0
saigon,daihocsaigon.edu.vn,0
truyenhinh,dangkytruyenhinhcap.com,0
tieudu,tieudung-nganhangvn.online,0
dientu,napasvidientu247.com,0
taichinh,hotrotaichinhh.com,0
thanhnien,baothanhnien24h.net,0
lotte,lottemart.cc,0
vista,vistatrade.vip,0
vietlott,vietlotts777.com,0
tuoitre,baotuoitre.net,0
dientu,trangdientu24-7.com,0
lotte,lotte.net.vn,0
dientu,vidientu-247.com,0
vietlott,vietlottvip.com,0
lotte,lotte-finance.com,0
taichinh,taichinhhbaotin.com,0
vistec,avistechlimited.com,0
lotte,lotte-finance2.com,0
lotte,mylotte.shop,0
lotte,lottefinance5.com,0
lotte,mylotte.me,0
lotte,selottery.com,0
taichinh,vcb-vaytaichinh.com,0
lotte,mylotte.club,0
appnet,bk8app.net,1
lotte,lottefinance6.com,0
lotte,lotte-svip.com,0
imana,citimanaged.com,0
lotte,mylotte.net,0
dientu,nhan-tienvidientu247.com,0
dientu,muc247-vidientu.com,0
lotte,lisaqlotte.com,0
didong,topthegiodidong.com,0
dientu,mucvidientu24-7.com,0
dientu,mucvi-dientu247.com,0
dientu,congthongtinvidientu.com,0
dientu,247-vidientu.com,0
dientu,trangnganhangdientu247.com,0
dientu,congdientu247.com,0
dientu,lienketvidientu.com,0
anbinh,anbinhcredit.com,0
dientu,vidientunganhangso247.com,0
dientu,vidientuvietnam247.com,0
dientu,nganhangdientu24-7.com,0
dientu,trangchuvidientu247.com,0
dientu,vidientutrangtructuyen247.com,0
lotte,lotte-credit88.com,0
dientu,24-7-vidientu.com,0
pharmacity,pharmacity.pro,0
saigon,mayxanhsaigon.com,0
dientu,hethonggiaodichvidientu247.com,0
dientu,mucvidientuvietnam247.com,0
phong,baotienphong.net,0
tienphong,baotienphong.net,0
chung,bangcapchungchi.com,0
lotte,lottecredit.org,0
pharmacity,pharmacity3.pro,0
pharmacity,pharmacity1.pro,0
pharmacity,pharmacity2.pro,0
pharmacity,pharmacity5.pro,0
pharmacity,pharmacity6.pro,0
dientu,truycapvidientu247.com,0
dientu,vidientu247s.com,0
taichinh,taichinhcaptoc.com,0
dientu,nhantienvidientupay.com,0
dientu,congvidientupay.com,0
dientu,quanlyvidientupay.com,0
dientu,vidientu247p.com,0
thinhvuong,vaythinhvuong.net,0
lotte,easylotte.pro,0
vista,vistatrade.click,0
laodong,baolaodong.asia,0
didong,didonggiagoc.net,0
congthuong,bocongthuong.org,0
taichinh,taichinhthongminh.online,0
taichinh,taichinhtamanphat.com,0
kenh14,kenh14.click,0
thinhvuong,vaythinhvuong.com.vn,0
duong,baoduongdienlanhthanhhoa.com,0
thanhhoa,baoduongdienlanhthanhhoa.com,0
lotte,333lotte.com,0
lotte,lottevn896.com,0
lotte,lottevn518.com,0
lotte,33lotte.com,0
didong,thegioididong.store,0
didong,thegioididong.online,0
cbbank,ncbbank.online,0
phong,8chuyenphongthe.com,0
lotte,88lotte.com,0
lotte,999lotte.com,0
lotte,99lotte.com,0
taichinh,taichinhvantin.net,0
phong,phongdophaimanh.com,0
phong,phongdosungman.com,0
didong,didongviet.store,0
cbbank,ncbbank.site,0
cbbank,ncb-bank.pw,1
lotte,lotte333.com,0
saigon,trungtamthuongmaisaigon.com,0
taichinh,taichinhacs.biz,0
chung,bangcapchungchitoanquoc.com,0
lotte,congtytaichinhlotte.com,0
taichinh,congtytaichinhlotte.com,0
quocte,phanmemquocte.com,0
vista,vistatradingx.com,0
lotte,555lotte.com,0
lotte,lotte66.com,0
lotte,lottevn333.com,0
lotte,lottevn666.com,0
lotte,lottevn888.com,0
lotte,lottevn999.com,0
abbank,abbankvn.com,0
abbank,abbankpro.com,0
phong,simphongthuy.live,0
phong,vuongphongfinance.com,0
truyenhinh,tongdaitruyenhinhcap.info,0
opmart,coopmart1.com,0
lotte,lottefinance.info,0
dientu,napvidientu.fun,0
truyenhinh,dichvutruyenhinhcap.info,0
anbinh,anbinh-finance.store,0
anbinh,nganhanganbinh.com,0
truyenhinh,tongdaitruyenhinhcap24h.online,0
anbinh,taichinhanbinh.com,0
taichinh,taichinhanbinh.com,0
truyenhinh,tongdaicaptruyenhinh.online,0
truyenhinh,trungtamtruyenhinhcap.online,0
taichinh,taichinhanbin.com,0
taichinh,taichinhanbin.net,0
anbinh,taichinhanbinh.net,0
taichinh,taichinhanbinh.net,0
thanhnien,vnthanhnien.com,0
pgbank,pgbank.info,0
hanoi,lottehanoi.com.vn,0
lotte,lottehanoi.com.vn,0
lotte,lottecf88.com,0
dientu,vidientu.beauty,0
pgbank,tindungpgbank.com,0
tieudu,chovaytieudung.online,0
pgbank,vitindungpgbank.com,0
tieudu,quetthe-tindungtieudung.com,0
hanoi,ruttientaihanoi.com,0
pgbank,vtdpgbank.com,0
lotte,vayvonlotte.online,0
lotte,92lottery.club,0
anbinh,anbinh-finance.club,0
anbinh,anbinh-finance.com,0
lotte,92lottery.one,0
phong,vuongphong.net,0
tieudu,ncbtieudung.site,0
lotte,lottecf.com,0
taichinh,taichinhbank.com.vn,0
hanoi,momohanoi.me,0
lotte,lottemart.in,0
lotte,lotteapp.fun,0
taichinh,hotrovaytaichinhsg.com,0
lotte,lottemart.store,0
lotte,lotteppuu.top,0
lotte,lotteppoo.top,0
lotte,lotteppii.top,0
lotte,lotteppqq.top,0
lotte,92lottery.vin,0
tphcm,vaytiennhanhtphcm247.com,0
tieudu,vaytieudung-vt.online,0
vungtau,vaytinchapvungtau.online,0
saigon,vaytiensaigon24h.com,0
taichinh,hotrovaytaichinh24h.com,0
tphcm,tuvanvaytphcm.com,0
taichinh,taichinhmomo.com,0
tphcm,vaygopnhanhtphcm.com,0
taichinh,taichinhmomo.org,0
phong,phongthuyphunggia.info,0
taichinh,vaytaichinhsg.com,0
tieudu,vaytinchaptieudung.com,0
binhduong,vaytienmatbinhduong247.com,0
duong,vaytienmatbinhduong247.com,0
binhduong,thaibinhduongvn.com,0
duong,thaibinhduongvn.com,0
thaibinh,thaibinhduongvn.com,0
lotte,lottemart.me,0
lotte,lottemart.biz,0
lotte,lottemart.club,0
lotte,lottemart.fun,0
taichinh,thoibaotaichinhvietnam.com,0
taichinh,taichinhthinhphat.com,0
saigon,vaytienngaysaigon.com,0
tieudu,vaytieudungnhanh24h.com,0
dientu,vidientu247vn.ml,0
tphcm,chuyennhathanhhungtphcm.com,0
tieudu,quetthetieudung-vimo24h.com,0
topcv,topcvtuyendung.com,0
binhduong,supportthaibinhduong.com,0
duong,supportthaibinhduong.com,0
thaibinh,supportthaibinhduong.com,0
truyenhinh,dichvutruyenhinh24h.online,0
thinhvuong,vaythinhvuongplus.com,0
thinhvuong,vaythinhvuong.org,0
binhduong,creditthaibinhduong.com,0
duong,creditthaibinhduong.com,0
thaibinh,creditthaibinhduong.com,0
truyenhinh,truyenhinhsctvhcm.com,0
khong,vaykhongthuphi.site,0
baoha,trungtambaohanhcholon.com,0
lotte,lottefinance.click,0
lotte,lottefinance-vn.com,0
truyenhinh,tongdaitruyenhinh247.info,0
quocte,congtythoitrangquocte.com,0
binhduong,chovaytienbinhduong.com,0
duong,chovaytienbinhduong.com,0
lotte,uk-lotte.top,0
taichinh,taichinhtemo.com,0
quocte,khohanghoanquocte.store,0
taichinh,taichinhsaomai.com,0
taichinh,taichinhdaukhipvfvn.com,0
taichinh,taichinhacs.com,0
taichinh,taichinhthinhvuong.com.vn,0
thinhvuong,taichinhthinhvuong.com.vn,0
duong,vanduongong.com,0
saigon,thetindungsaigon.com,0
taichinh,congtytaichinhdaukhipvf.com,0
hanoi,trungtamthuongmaihanoi.com,0
quocte,kienhanghoanquocte.store,0
saigon,saigonairport.vn,0
dongthap,dongthaplogistics.com,0
achau,achauled.com,0
chung,chungkhoanplus.com,0
achau,dichthuatachau.com,0
dientu,thuongmaidientuquocte.com,0
quocte,thuongmaidientuquocte.com,0
saigon,saigoncargo.vn,0
cantho,canthologistics.com,0
fptshop,app-fptshop.com,0
abbank,abbank-vn.com,0
abbank,abbankcom.com,0
kinhdoanh,vaykinhdoanh.online,0
taichinh,congtytaichinhpvfcdaukhi.com,0
quocte,kh-vibquocte.com,0
quocgia,dancuquocgia.vn,0
quocte,giaodichquoctes.com,0
quocte,nhantienquocte24hs.com,0
quocgia,giaodichdaquocgia.us,0
quandoi,quandoi-viettel.com,0
quocte,nhantienquoctess.com,0
taichinh,dautuvataichinh.online,0
phattrien,phucloiphattrien.com,0
dientu,thuongmai-dientu.com,0
quocgia,taichinhdaquocgia.com,0
taichinh,taichinhdaquocgia.com,0
topcv,topcvvn.com,0
anninh,cucanninhmang.net,0
quandoi,quandoiviettel.com,0
phattrien,phattriencongdong.com,0
hanam,thtruemilk-suahanam.com,0
dientu,muathedientu.com,0
hanam,suatuoihanam-thtruemilk.com,0
phattrien,quyphattrien.com,0
taichinh,mbtaichinh-tienloi.com,0
anninh,cucanninhmang24h.com,0
phattrien,ansinhphattrien.com,0
phattrien,phattrienansinh.com,0
chung,quychungtay.com,0
hanam,hanami.co.th,0
phattrien,hcmphattrien.com,0
