model,seed,stratum,n_phish,FNR,n_benign
CharCNN,0,vn_short,103,0.7378640776699029,653
CharCNN,0,cc_short,499,0.533066132264529,453
CharCNN,0,vn_compound,53,0.5094339622641509,2306
CharCNN,0,long,5224,0.07599540581929556,1422
CatBoost,0,vn_short,103,0.883495145631068,653
CatBoost,0,cc_short,499,0.627254509018036,453
CatBoost,0,vn_compound,53,0.9433962264150944,2306
CatBoost,0,long,5224,0.023162327718223585,1422
CharCNN,1,vn_short,103,0.7669902912621359,671
CharCNN,1,cc_short,499,0.5050100200400801,497
CharCNN,1,vn_compound,53,0.5094339622641509,2318
CharCNN,1,long,5224,0.059150076569678404,1444
CatBoost,1,vn_short,103,0.8932038834951457,671
CatBoost,1,cc_short,499,0.6312625250501002,497
CatBoost,1,vn_compound,53,0.9622641509433962,2318
CatBoost,1,long,5224,0.02163093415007657,1444
CharCNN,2,vn_short,103,0.7961165048543689,631
CharCNN,2,cc_short,499,0.503006012024048,487
CharCNN,2,vn_compound,53,0.6037735849056604,2342
CharCNN,2,long,5224,0.07350689127105667,1434
CatBoost,2,vn_short,103,0.8737864077669902,631
CatBoost,2,cc_short,499,0.625250501002004,487
CatBoost,2,vn_compound,53,0.8490566037735849,2342
CatBoost,2,long,5224,0.019716692189892804,1434
CharCNN,3,vn_short,103,0.8058252427184466,668
CharCNN,3,cc_short,499,0.5430861723446894,457
CharCNN,3,vn_compound,53,0.8490566037735849,2321
CharCNN,3,long,5224,0.08154670750382849,1441
CatBoost,3,vn_short,103,0.8932038834951457,668
CatBoost,3,cc_short,499,0.6392785571142284,457
CatBoost,3,vn_compound,53,0.9433962264150944,2321
CatBoost,3,long,5224,0.019908116385911178,1441
CharCNN,4,vn_short,103,0.7475728155339806,689
CharCNN,4,cc_short,499,0.5290581162324649,456
CharCNN,4,vn_compound,53,0.4716981132075472,2354
CharCNN,4,long,5224,0.08020673813169985,1407
CatBoost,4,vn_short,103,0.883495145631068,689
CatBoost,4,cc_short,499,0.6392785571142284,456
CatBoost,4,vn_compound,53,0.9245283018867925,2354
CatBoost,4,long,5224,0.02163093415007657,1407
