seed,family,arm,removed_features,n_features,stratum,alpha_calibration,threshold,n,n_phish,n_benign,fnr,fpr,roc_auc,pr_auc,f1,mcc,balanced_accuracy
0,CatBoost,full,none,21,overall,0.270130,0.499964,8490,3907,4583,0.080113,0.185032,0.927787,0.891681,0.860941,0.733313,0.867428
0,CatBoost,full,none,21,vn_short,0.270130,0.499964,571,84,487,0.892857,0.129363,0.566295,0.164532,0.115385,-0.023711,0.488890
0,CatBoost,full,none,21,cc_short,0.270130,0.499964,535,230,305,0.573913,0.085246,0.709579,0.704356,0.553672,0.399884,0.670421
0,CatBoost,full,none,21,vn_compound,0.270130,0.499964,2911,47,2864,0.723404,0.000698,0.946381,0.481589,0.419355,0.485667,0.637949
0,CatBoost,full,none,21,long,0.270130,0.499964,4473,3546,927,0.020305,0.816613,0.748513,0.911350,0.893404,0.292205,0.581541
0,CatBoost,full,none,21,short_all,0.270130,0.499964,1106,314,792,0.659236,0.112374,0.670583,0.477832,0.419608,0.269685,0.614195
0,CatBoost,minus_tld_len,tld_len,20,overall,0.270130,0.554567,8490,3907,4583,0.206552,0.197687,0.897024,0.854678,0.783521,0.594813,0.797880
0,CatBoost,minus_tld_len,tld_len,20,vn_short,0.270130,0.554567,571,84,487,0.428571,0.474333,0.507822,0.146891,0.264463,0.068804,0.548548
0,CatBoost,minus_tld_len,tld_len,20,cc_short,0.270130,0.554567,535,230,305,0.395652,0.459016,0.667120,0.657178,0.546169,0.144029,0.572666
0,CatBoost,minus_tld_len,tld_len,20,vn_compound,0.270130,0.554567,2911,47,2864,0.936170,0.000698,0.935204,0.214703,0.115385,0.192154,0.531566
0,CatBoost,minus_tld_len,tld_len,20,long,0.270130,0.554567,4473,3546,927,0.179357,0.574973,0.725124,0.904486,0.832737,0.236523,0.622835
0,CatBoost,minus_tld_len,tld_len,20,short_all,0.270130,0.554567,1106,314,792,0.404459,0.468434,0.619461,0.462228,0.428899,0.114628,0.563554
0,CatBoost,minus_length_family,tld_len;url_len;dom_len,18,overall,0.270130,0.555594,8490,3907,4583,0.203737,0.202269,0.897173,0.854926,0.783134,0.592813,0.796997
0,CatBoost,minus_length_family,tld_len;url_len;dom_len,18,vn_short,0.270130,0.555594,571,84,487,0.511905,0.509240,0.495747,0.143314,0.219839,-0.014981,0.489427
0,CatBoost,minus_length_family,tld_len;url_len;dom_len,18,cc_short,0.270130,0.555594,535,230,305,0.408696,0.468852,0.665581,0.653949,0.534381,0.121355,0.561226
0,CatBoost,minus_length_family,tld_len;url_len;dom_len,18,vn_compound,0.270130,0.555594,2911,47,2864,0.680851,0.000698,0.956652,0.570904,0.468750,0.526749,0.659225
0,CatBoost,minus_length_family,tld_len;url_len;dom_len,18,long,0.270130,0.555594,4473,3546,927,0.176819,0.576052,0.725200,0.904792,0.834119,0.238745,0.623565
0,CatBoost,minus_length_family,tld_len;url_len;dom_len,18,short_all,0.270130,0.555594,1106,314,792,0.436306,0.493687,0.611580,0.457836,0.401361,0.063155,0.535004
1,CatBoost,full,none,21,overall,0.268506,0.496849,8490,3907,4583,0.084208,0.183722,0.927545,0.892937,0.859373,0.730366,0.866035
1,CatBoost,full,none,21,vn_short,0.268506,0.496849,571,84,487,0.904762,0.121150,0.565171,0.171439,0.105960,-0.028520,0.487044
1,CatBoost,full,none,21,cc_short,0.268506,0.496849,535,230,305,0.565217,0.081967,0.723713,0.712509,0.563380,0.412776,0.676408
1,CatBoost,full,none,21,vn_compound,0.268506,0.496849,2911,47,2864,0.936170,0.000698,0.929035,0.371317,0.115385,0.192154,0.531566
1,CatBoost,full,none,21,long,0.268506,0.496849,4473,3546,927,0.022279,0.815534,0.746505,0.910825,0.892522,0.286184,0.581094
1,CatBoost,full,none,21,short_all,0.268506,0.496849,1106,314,792,0.656051,0.106061,0.681893,0.512596,0.426877,0.283189,0.618944
1,CatBoost,minus_tld_len,tld_len,20,overall,0.268506,0.556694,8490,3907,4583,0.221142,0.194851,0.894664,0.850046,0.775979,0.583702,0.792004
1,CatBoost,minus_tld_len,tld_len,20,vn_short,0.268506,0.556694,571,84,487,0.440476,0.470226,0.518700,0.147712,0.261111,0.063297,0.544649
1,CatBoost,minus_tld_len,tld_len,20,cc_short,0.268506,0.556694,535,230,305,0.408696,0.449180,0.665909,0.653488,0.540755,0.140750,0.571062
1,CatBoost,minus_tld_len,tld_len,20,vn_compound,0.268506,0.556694,2911,47,2864,0.893617,0.001047,0.957525,0.366415,0.181818,0.253596,0.552668
1,CatBoost,minus_tld_len,tld_len,20,long,0.268506,0.556694,4473,3546,927,0.194867,0.565264,0.719110,0.903461,0.824549,0.226193,0.619934
1,CatBoost,minus_tld_len,tld_len,20,short_all,0.268506,0.556694,1106,314,792,0.417197,0.462121,0.619364,0.444627,0.424102,0.108831,0.560341
1,CatBoost,minus_length_family,tld_len;url_len;dom_len,18,overall,0.268506,0.555109,8490,3907,4583,0.210648,0.198996,0.898316,0.855570,0.780463,0.589497,0.795178
1,CatBoost,minus_length_family,tld_len;url_len;dom_len,18,vn_short,0.268506,0.555109,571,84,487,0.476190,0.505133,0.500293,0.143436,0.235294,0.013232,0.509338
1,CatBoost,minus_length_family,tld_len;url_len;dom_len,18,cc_short,0.268506,0.555109,535,230,305,0.400000,0.452459,0.669344,0.655338,0.545455,0.146158,0.573770
1,CatBoost,minus_length_family,tld_len;url_len;dom_len,18,vn_compound,0.268506,0.555109,2911,47,2864,0.808511,0.000698,0.968063,0.551662,0.310345,0.391921,0.595396
1,CatBoost,minus_length_family,tld_len;url_len;dom_len,18,long,0.268506,0.555109,4473,3546,927,0.184151,0.567422,0.729327,0.905060,0.830725,0.237268,0.624214
1,CatBoost,minus_length_family,tld_len;url_len;dom_len,18,short_all,0.268506,0.555109,1106,314,792,0.420382,0.484848,0.615914,0.458881,0.413636,0.085485,0.547385
2,CatBoost,full,none,21,overall,0.269481,0.500947,8490,3907,4583,0.083184,0.184377,0.926527,0.891798,0.859611,0.730785,0.866219
2,CatBoost,full,none,21,vn_short,0.269481,0.500947,571,84,487,0.904762,0.123203,0.569155,0.166879,0.105263,-0.030583,0.486017
2,CatBoost,full,none,21,cc_short,0.269481,0.500947,535,230,305,0.569565,0.081967,0.717904,0.714223,0.559322,0.408832,0.674234
2,CatBoost,full,none,21,vn_compound,0.269481,0.500947,2911,47,2864,0.936170,0.000698,0.926019,0.298236,0.115385,0.192154,0.531566
2,CatBoost,full,none,21,long,0.269481,0.500947,4473,3546,927,0.020869,0.817691,0.744794,0.910933,0.893004,0.288700,0.580720
2,CatBoost,full,none,21,short_all,0.269481,0.500947,1106,314,792,0.659236,0.107323,0.676876,0.488840,0.422925,0.277895,0.616721
2,CatBoost,minus_tld_len,tld_len,20,overall,0.269481,0.557344,8490,3907,4583,0.215511,0.197905,0.896939,0.854881,0.778018,0.585935,0.793292
2,CatBoost,minus_tld_len,tld_len,20,vn_short,0.269481,0.557344,571,84,487,0.547619,0.478439,0.500464,0.144601,0.214085,-0.018485,0.486971
2,CatBoost,minus_tld_len,tld_len,20,cc_short,0.269481,0.557344,535,230,305,0.408696,0.455738,0.668104,0.666226,0.538614,0.134281,0.567783
2,CatBoost,minus_tld_len,tld_len,20,vn_compound,0.269481,0.557344,2911,47,2864,0.936170,0.000698,0.951652,0.238892,0.115385,0.192154,0.531566
2,CatBoost,minus_tld_len,tld_len,20,long,0.269481,0.557344,4473,3546,927,0.185561,0.574973,0.724661,0.904499,0.829051,0.228859,0.619733
2,CatBoost,minus_tld_len,tld_len,20,short_all,0.269481,0.557344,1106,314,792,0.445860,0.469697,0.619019,0.470527,0.404651,0.076156,0.542222
2,CatBoost,minus_length_family,tld_len;url_len;dom_len,18,overall,0.269481,0.558032,8490,3907,4583,0.203993,0.199869,0.899003,0.857354,0.784067,0.595038,0.798069
2,CatBoost,minus_length_family,tld_len;url_len;dom_len,18,vn_short,0.269481,0.558032,571,84,487,0.488095,0.511294,0.499878,0.144029,0.228723,0.000433,0.500306
2,CatBoost,minus_length_family,tld_len;url_len;dom_len,18,cc_short,0.269481,0.558032,535,230,305,0.413043,0.445902,0.666450,0.652537,0.538922,0.139674,0.570527
2,CatBoost,minus_length_family,tld_len;url_len;dom_len,18,vn_compound,0.269481,0.558032,2911,47,2864,0.702128,0.000698,0.968479,0.543216,0.444444,0.506596,0.648587
2,CatBoost,minus_length_family,tld_len;url_len;dom_len,18,long,0.269481,0.558032,4473,3546,927,0.177101,0.570658,0.730499,0.906568,0.834549,0.243182,0.626121
2,CatBoost,minus_length_family,tld_len;url_len;dom_len,18,short_all,0.269481,0.558032,1106,314,792,0.433121,0.486111,0.614221,0.460555,0.405929,0.072847,0.540384
3,CatBoost,full,none,21,overall,0.267857,0.491370,8490,3907,4583,0.085232,0.183286,0.926824,0.889720,0.859031,0.729738,0.865741
3,CatBoost,full,none,21,vn_short,0.267857,0.491370,571,84,487,0.880952,0.127310,0.559255,0.162433,0.128205,-0.008816,0.495869
3,CatBoost,full,none,21,cc_short,0.267857,0.491370,535,230,305,0.565217,0.078689,0.720976,0.714023,0.564972,0.417779,0.678047
3,CatBoost,full,none,21,vn_compound,0.267857,0.491370,2911,47,2864,0.914894,0.000349,0.933856,0.437664,0.153846,0.257976,0.542379
3,CatBoost,full,none,21,long,0.267857,0.491370,4473,3546,927,0.024253,0.812298,0.747644,0.910885,0.891868,0.283146,0.581725
3,CatBoost,full,none,21,short_all,0.267857,0.491370,1106,314,792,0.649682,0.108586,0.675479,0.482399,0.431373,0.285439,0.620866
3,CatBoost,minus_tld_len,tld_len,20,overall,0.267857,0.556546,8490,3907,4583,0.213207,0.199651,0.895609,0.850303,0.778622,0.586345,0.793571
3,CatBoost,minus_tld_len,tld_len,20,vn_short,0.267857,0.556546,571,84,487,0.488095,0.482546,0.506356,0.143099,0.237569,0.020806,0.514679
3,CatBoost,minus_tld_len,tld_len,20,cc_short,0.267857,0.556546,535,230,305,0.386957,0.452459,0.675502,0.664671,0.554028,0.159146,0.580292
3,CatBoost,minus_tld_len,tld_len,20,vn_compound,0.267857,0.556546,2911,47,2864,0.851064,0.001397,0.939179,0.336622,0.241379,0.303074,0.573770
3,CatBoost,minus_tld_len,tld_len,20,long,0.267857,0.556546,4473,3546,927,0.186971,0.580367,0.722495,0.904560,0.827616,0.222357,0.616331
3,CatBoost,minus_tld_len,tld_len,20,short_all,0.267857,0.556546,1106,314,792,0.414013,0.470960,0.622376,0.443294,0.422503,0.103733,0.557514
3,CatBoost,minus_length_family,tld_len;url_len;dom_len,18,overall,0.267857,0.556851,8490,3907,4583,0.201689,0.201615,0.898369,0.855959,0.784654,0.595476,0.798348
3,CatBoost,minus_length_family,tld_len;url_len;dom_len,18,vn_short,0.267857,0.556851,571,84,487,0.488095,0.513347,0.499438,0.141869,0.228117,-0.001022,0.499279
3,CatBoost,minus_length_family,tld_len;url_len;dom_len,18,cc_short,0.267857,0.556851,535,230,305,0.404348,0.455738,0.666408,0.662072,0.541502,0.138603,0.569957
3,CatBoost,minus_length_family,tld_len;url_len;dom_len,18,vn_compound,0.267857,0.556851,2911,47,2864,0.744681,0.001047,0.966822,0.502106,0.387097,0.447598,0.627136
3,CatBoost,minus_length_family,tld_len;url_len;dom_len,18,long,0.267857,0.556851,4473,3546,927,0.174563,0.573894,0.730687,0.906392,0.835689,0.243516,0.625771
3,CatBoost,minus_length_family,tld_len;url_len;dom_len,18,short_all,0.267857,0.556851,1106,314,792,0.426752,0.491162,0.613132,0.460883,0.407701,0.074056,0.541043
4,CatBoost,full,none,21,overall,0.267857,0.497992,8490,3907,4583,0.081392,0.183941,0.927704,0.891128,0.860775,0.733046,0.867333
4,CatBoost,full,none,21,vn_short,0.267857,0.497992,571,84,487,0.916667,0.123203,0.563459,0.163904,0.092715,-0.043883,0.480065
4,CatBoost,full,none,21,cc_short,0.267857,0.497992,535,230,305,0.565217,0.085246,0.722373,0.712408,0.561798,0.407812,0.674768
4,CatBoost,full,none,21,vn_compound,0.267857,0.497992,2911,47,2864,0.765957,0.000349,0.933559,0.448293,0.372881,0.459692,0.616847
4,CatBoost,full,none,21,long,0.267857,0.497992,4473,3546,927,0.021151,0.815534,0.747895,0.910275,0.893091,0.290371,0.581658
4,CatBoost,full,none,21,short_all,0.267857,0.497992,1106,314,792,0.659236,0.108586,0.678245,0.490477,0.422091,0.275826,0.616089
4,CatBoost,minus_tld_len,tld_len,20,overall,0.267857,0.558612,8490,3907,4583,0.226772,0.193323,0.895616,0.851675,0.773228,0.579904,0.789952
4,CatBoost,minus_tld_len,tld_len,20,vn_short,0.267857,0.558612,571,84,487,0.535714,0.474333,0.492055,0.141693,0.220339,-0.007128,0.494977
4,CatBoost,minus_tld_len,tld_len,20,cc_short,0.267857,0.558612,535,230,305,0.417391,0.436066,0.670756,0.659147,0.539235,0.145096,0.573272
4,CatBoost,minus_tld_len,tld_len,20,vn_compound,0.267857,0.558612,2911,47,2864,0.765957,0.001047,0.959787,0.400554,0.360656,0.424467,0.616498
4,CatBoost,minus_tld_len,tld_len,20,long,0.267857,0.558612,4473,3546,927,0.199944,0.559871,0.720674,0.903279,0.822081,0.224915,0.620093
4,CatBoost,minus_tld_len,tld_len,20,short_all,0.267857,0.558612,1106,314,792,0.449045,0.459596,0.616755,0.452813,0.406580,0.082421,0.545680
4,CatBoost,minus_length_family,tld_len;url_len;dom_len,18,overall,0.267857,0.554637,8490,3907,4583,0.207320,0.203797,0.896534,0.853792,0.780297,0.587761,0.794442
4,CatBoost,minus_length_family,tld_len;url_len;dom_len,18,vn_short,0.267857,0.554637,571,84,487,0.523810,0.511294,0.485871,0.138613,0.214477,-0.024870,0.482448
4,CatBoost,minus_length_family,tld_len;url_len;dom_len,18,cc_short,0.267857,0.554637,535,230,305,0.400000,0.455738,0.670699,0.657403,0.544379,0.142928,0.572131
4,CatBoost,minus_length_family,tld_len;url_len;dom_len,18,vn_compound,0.267857,0.554637,2911,47,2864,0.808511,0.001397,0.963379,0.446412,0.300000,0.359319,0.595046
4,CatBoost,minus_length_family,tld_len;url_len;dom_len,18,long,0.267857,0.554637,4473,3546,927,0.179357,0.584682,0.725753,0.905160,0.831666,0.227878,0.617981
4,CatBoost,minus_length_family,tld_len;url_len;dom_len,18,short_all,0.267857,0.554637,1106,314,792,0.433121,0.489899,0.612283,0.453583,0.404545,0.069438,0.538490
