seed,rule,alpha_cal,thr_vn_short,thr_cc_short,fpr,fnr_vn_short,fnr_cc_short,fnr_vn_compound,fnr_long,fnr_short_all,fnr_vn_pooled,f1,mcc,bal_acc
0,default,0.2543,0.5,0.5,0.2567,0.8932,0.6192,0.9434,0.0247,0.6661,0.9103,0.8534,0.6578,0.8223
0,global,0.2543,0.4993,0.4993,0.2567,0.8932,0.6192,0.9434,0.0247,0.6661,0.9103,0.8534,0.6578,0.8223
0,per-group,0.2543,0.064,0.6839,0.2561,0.0,0.7435,0.434,0.316,0.6163,0.1474,0.7002,0.3947,0.698
0,vn-only,0.2543,0.0026,0.5,0.6446,0.0,0.6192,0.0377,0.0247,0.5133,0.0128,0.7536,0.3481,0.6403
0,per-suffixlen,0.2543,0.3287,0.3287,0.253,0.6408,0.3848,0.9623,0.0894,0.4286,0.75,0.8362,0.6224,0.8075
0,per-stratum,0.2543,0.3119,0.3385,0.2456,0.6117,0.3848,0.0566,0.3675,0.4236,0.4231,0.6875,0.3836,0.692
0,all-positive,0.2543,,,1.0,0.0,0.0,0.0,0.0,0.0,0.0,0.7087,0.0,0.5
0,all-negative,0.2543,,,0.0,1.0,1.0,1.0,1.0,1.0,1.0,0.0,0.0,0.5
1,default,0.2391,0.5,0.5,0.2647,0.8932,0.6132,0.9623,0.023,0.6611,0.9167,0.85,0.6526,0.8193
1,global,0.2391,0.4992,0.4992,0.2647,0.8932,0.6132,0.9623,0.023,0.6611,0.9167,0.85,0.6526,0.8193
1,per-group,0.2391,0.1113,0.6888,0.2456,0.0194,0.7455,0.6604,0.308,0.6213,0.2372,0.7051,0.4103,0.7056
1,vn-only,0.2391,0.0027,0.5,0.6282,0.0,0.6132,0.0189,0.023,0.5083,0.0064,0.7558,0.3664,0.6496
1,per-suffixlen,0.2391,0.3504,0.3504,0.2594,0.699,0.4269,0.9623,0.0911,0.4734,0.7885,0.829,0.6094,0.8012
1,per-stratum,0.2391,0.3492,0.3504,0.256,0.6893,0.4269,0.0566,0.3606,0.4718,0.4744,0.6836,0.3745,0.6874
1,all-positive,0.2391,,,1.0,0.0,0.0,0.0,0.0,0.0,0.0,0.7046,0.0,0.5
1,all-negative,0.2391,,,0.0,1.0,1.0,1.0,1.0,1.0,1.0,0.0,0.0,0.5
2,default,0.2638,0.5,0.5,0.2564,0.8738,0.6152,0.9245,0.0193,0.6595,0.891,0.8554,0.6645,0.8253
2,global,0.2638,0.4941,0.4941,0.2577,0.8738,0.6152,0.9245,0.0186,0.6595,0.891,0.8554,0.6642,0.825
2,per-group,0.2638,0.0707,0.6918,0.2536,0.0,0.7255,0.5094,0.2904,0.6013,0.1731,0.7163,0.4207,0.7111
2,vn-only,0.2638,0.0037,0.5,0.6251,0.0,0.6152,0.0377,0.0193,0.51,0.0128,0.7592,0.3742,0.6526
2,per-suffixlen,0.2638,0.3486,0.3486,0.2581,0.6311,0.4228,0.9434,0.0835,0.4585,0.7372,0.8348,0.6204,0.8062
2,per-stratum,0.2638,0.3411,0.3486,0.2656,0.6311,0.4228,0.0566,0.3402,0.4585,0.4359,0.695,0.3835,0.6923
2,all-positive,0.2638,,,1.0,0.0,0.0,0.0,0.0,0.0,0.0,0.7061,0.0,0.5
2,all-negative,0.2638,,,0.0,1.0,1.0,1.0,1.0,1.0,1.0,0.0,0.0,0.5
3,default,0.2605,0.5,0.5,0.2605,0.8932,0.6232,0.9434,0.0195,0.6694,0.9103,0.8535,0.6594,0.8226
3,global,0.2605,0.5001,0.5001,0.2605,0.8932,0.6232,0.9434,0.0195,0.6694,0.9103,0.8535,0.6594,0.8226
3,per-group,0.2605,0.1063,0.6765,0.2546,0.0097,0.7194,0.5849,0.2655,0.598,0.2051,0.7308,0.4411,0.7215
3,vn-only,0.2605,0.0029,0.5,0.6304,0.0,0.6232,0.0189,0.0195,0.5166,0.0064,0.7577,0.3681,0.6496
3,per-suffixlen,0.2605,0.3178,0.3178,0.266,0.5922,0.3547,0.9623,0.0848,0.3953,0.7179,0.8351,0.6191,0.8047
3,per-stratum,0.2605,0.3027,0.3577,0.2681,0.5146,0.4349,0.0377,0.3134,0.4485,0.3526,0.7115,0.4056,0.7036
3,all-positive,0.2605,,,1.0,0.0,0.0,0.0,0.0,0.0,0.0,0.7064,0.0,0.5
3,all-negative,0.2605,,,0.0,1.0,1.0,1.0,1.0,1.0,1.0,0.0,0.0,0.5
4,default,0.2583,0.5,0.5,0.2572,0.8932,0.6232,0.9245,0.0234,0.6694,0.9038,0.8525,0.6583,0.8226
4,global,0.2583,0.4973,0.4973,0.2572,0.8932,0.6212,0.9245,0.0234,0.6678,0.9038,0.8526,0.6585,0.8226
4,per-group,0.2583,0.0647,0.6897,0.264,0.0,0.7475,0.3585,0.3072,0.6196,0.1218,0.7022,0.3951,0.6982
4,vn-only,0.2583,0.0029,0.5,0.6451,0.0,0.6232,0.0377,0.0234,0.5166,0.0128,0.7515,0.3485,0.6404
4,per-suffixlen,0.2583,0.349,0.349,0.2605,0.6505,0.4228,0.9434,0.0963,0.4618,0.75,0.8272,0.6048,0.7991
4,per-stratum,0.2583,0.3047,0.3662,0.2674,0.5825,0.4709,0.0566,0.3465,0.49,0.4038,0.688,0.3731,0.687
4,all-positive,0.2583,,,1.0,0.0,0.0,0.0,0.0,0.0,0.0,0.7056,0.0,0.5
4,all-negative,0.2583,,,0.0,1.0,1.0,1.0,1.0,1.0,1.0,0.0,0.0,0.5
