seed,stratum,n,n_phish,n_benign,fnr,fpr,auc,n_shapsplit,n_phish_shapsplit,mean_shap_tld_len,fnr_single
0,vn_short,756,103,653,0.8932,0.0658,0.6345,756,103,-0.65746,0.8835
0,cc_short,952,499,453,0.6192,0.0839,0.711,952,499,-0.54818,0.6273
0,vn_compound,2359,53,2306,0.9434,0.0022,0.9041,2359,53,-2.48714,0.9434
0,long,6646,5224,1422,0.0247,0.8122,0.7592,6646,5224,0.71941,0.0232
1,vn_short,774,103,671,0.8932,0.0984,0.6002,756,103,-0.65746,0.8835
1,cc_short,996,499,497,0.6132,0.0724,0.7045,952,499,-0.54818,0.6273
1,vn_compound,2371,53,2318,0.9623,0.0013,0.8955,2359,53,-2.48714,0.9434
1,long,6668,5224,1444,0.023,0.831,0.7504,6646,5224,0.71941,0.0232
2,vn_short,734,103,631,0.8738,0.0777,0.6164,756,103,-0.65746,0.8835
2,cc_short,986,499,487,0.6152,0.0739,0.6958,952,499,-0.54818,0.6273
2,vn_compound,2395,53,2342,0.9245,0.0004,0.8974,2359,53,-2.48714,0.9434
2,long,6658,5224,1434,0.0193,0.8152,0.765,6646,5224,0.71941,0.0232
3,vn_short,771,103,668,0.8932,0.0614,0.6267,756,103,-0.65746,0.8835
3,cc_short,956,499,457,0.6232,0.0744,0.715,952,499,-0.54818,0.6273
3,vn_compound,2374,53,2321,0.9434,0.0009,0.9168,2359,53,-2.48714,0.9434
3,long,6665,5224,1441,0.0195,0.83,0.7648,6646,5224,0.71941,0.0232
4,vn_short,792,103,689,0.8932,0.0726,0.6031,756,103,-0.65746,0.8835
4,cc_short,955,499,456,0.6232,0.0724,0.6916,952,499,-0.54818,0.6273
4,vn_compound,2407,53,2354,0.9245,0.0004,0.9112,2359,53,-2.48714,0.9434
4,long,6631,5224,1407,0.0234,0.8372,0.7495,6646,5224,0.71941,0.0232
