seed,tier,suffix_stratum,n,misses,fnr,ci_low,ci_high,threshold
0,bronze,vn_short,75,69,0.920000,0.836250,0.962820,0.499964
0,bronze,cc_short,206,122,0.592233,0.524032,0.657057,0.499964
0,silver,vn_short,8,6,0.750000,0.409270,0.928522,0.499964
0,silver,cc_short,24,10,0.416667,0.244673,0.611657,0.499964
0,gold,vn_short,1,0,0.000000,0.000000,0.793457,0.499964
0,gold,cc_short,0,0,,,,0.499964
1,bronze,vn_short,75,70,0.933333,0.853247,0.971190,0.496849
1,bronze,cc_short,206,121,0.587379,0.519149,0.652409,0.496849
1,silver,vn_short,8,6,0.750000,0.409270,0.928522,0.496849
1,silver,cc_short,24,9,0.375000,0.211591,0.572904,0.496849
1,gold,vn_short,1,0,0.000000,0.000000,0.793457,0.496849
1,gold,cc_short,0,0,,,,0.496849
2,bronze,vn_short,75,70,0.933333,0.853247,0.971190,0.500947
2,bronze,cc_short,206,123,0.597087,0.528922,0.661698,0.500947
2,silver,vn_short,8,6,0.750000,0.409270,0.928522,0.500947
2,silver,cc_short,24,8,0.333333,0.179720,0.532940,0.500947
2,gold,vn_short,1,0,0.000000,0.000000,0.793457,0.500947
2,gold,cc_short,0,0,,,,0.500947
3,bronze,vn_short,75,69,0.920000,0.836250,0.962820,0.491370
3,bronze,cc_short,206,121,0.587379,0.519149,0.652409,0.491370
3,silver,vn_short,8,5,0.625000,0.305738,0.863158,0.491370
3,silver,cc_short,24,9,0.375000,0.211591,0.572904,0.491370
3,gold,vn_short,1,0,0.000000,0.000000,0.793457,0.491370
3,gold,cc_short,0,0,,,,0.491370
4,bronze,vn_short,75,71,0.946667,0.870738,0.979067,0.497992
4,bronze,cc_short,206,121,0.587379,0.519149,0.652409,0.497992
4,silver,vn_short,8,6,0.750000,0.409270,0.928522,0.497992
4,silver,cc_short,24,9,0.375000,0.211591,0.572904,0.497992
4,gold,vn_short,1,0,0.000000,0.000000,0.793457,0.497992
4,gold,cc_short,0,0,,,,0.497992
