tld_len,n_fn,crossed,n_bare,crossed_bare,n_compound,crossed_compound,mean_delta_margin
0.0,141,45,91,0,50,45,1.8221369534866005
2.0,141,45,91,0,50,45,1.8221369534866005
3.0,141,121,91,72,50,49,3.026483057636578
4.0,141,129,91,81,50,48,3.2563796596729535
5.0,141,82,91,70,50,12,1.8268771661444565
6.0,141,53,91,53,50,0,0.9308181062002753
7.0,141,30,91,27,50,3,0.5059237851460866
8.0,141,27,91,27,50,0,0.3172250252423768
9.0,141,21,91,21,50,0,-0.03796173822773859
10.0,141,15,91,15,50,0,-0.2375011850227565
11.0,141,15,91,15,50,0,-0.2375011850227565
12.0,141,15,91,15,50,0,-0.18273224691443626
