rdom,tld,pred,margin,deficit,phi_tld_len,phi_others,margin_neutral,delta_margin,crossed,covered_signed,covered_abs
tocchienzing.vn,vn,0.26086741444479256,-1.0414650293550198,1.0414650293550198,-0.9037245226231062,0.017371057412442492,0.7127477024610156,1.7542127318160354,1,0,0
tienoi.com.vn,com.vn,0.047036246519527335,-3.0086583617782474,3.0086583617782474,-2.004908726205653,-0.8486380714282369,2.0810397024572502,5.089698064235497,1,0,0
vdong.vn,vn,0.38262146435306477,-0.4784361890264518,0.4784361890264518,-0.37856920399896715,0.05524457911687286,0.059341845844740455,0.5377780348711922,1,0,0
doctordong.vn,vn,0.22811777392021299,-1.2189699336264501,1.2189699336264501,-0.7655485001988626,-0.2983098692832292,0.2210390989346991,1.4400090325611492,1,0,0
findo.vn,vn,0.27632163176206603,-0.9627815311998148,0.9627815311998148,-0.4857913155824574,-0.3218786514729985,-0.30402435875702993,0.6587571724427849,0,0,0
senmo.vn,vn,0.27632163176206603,-0.9627815311998148,0.9627815311998148,-0.4857913155824574,-0.3218786514729985,-0.30402435875702993,0.6587571724427849,0,0,0
dienmaykhaitri.com.vn,com.vn,0.16005064770355587,-1.6578512818441073,1.6578512818441073,-1.7325375642078953,0.22979784650814628,2.8492898277138146,4.507141109557922,1,1,1
tamo.vn,vn,0.14889760802231047,-1.7432735656953415,1.7432735656953415,-0.23875137295492907,-1.3494106285960565,-1.594054214344653,0.14921935135068853,0,0,0
flowtrader.com.vn,com.vn,0.07177190980300267,-2.559784318301817,2.559784318301817,-1.787589435269352,-0.6170833188881095,2.1833196168921094,4.743103935193926,1,0,0
taoshopfreefire.vn,vn,0.24388636746491354,-1.1314892627636173,1.1314892627636173,-0.9467386665293392,-0.029639032089921802,0.6567745790292091,1.7882638417928263,1,0,0
credy.vn,vn,0.2687279119169444,-1.0010862161672074,1.0010862161672074,-0.4703389729859742,-0.3756356790368755,-0.33659527816739676,0.6644909379998106,0,0,0
autord.vn,vn,0.17478633007469388,-1.5520780897210338,1.5520780897210338,-0.7758583126086428,-0.6211082129680333,0.1398187995561413,1.691896889277175,1,0,0
tinvay.vn,vn,0.3364890695915578,-0.6789796615831191,0.6789796615831191,-0.6116908056120064,0.08782270817324644,0.4214994976824028,1.1004791592655219,1,0,0
lienquan-member.vn,vn,0.3969071486994612,-0.4183687961660894,0.4183687961660894,-0.21811971152245582,-0.045137520499276246,0.7344456163956397,1.152814412561729,1,0,0
shoplienquan.vn,vn,0.34150129615431546,-0.6566110783602358,0.6566110783602358,-0.8114328862583222,0.3099333720424442,0.7964867421636266,1.4530978205238623,1,1,1
robloxviet.vn,vn,0.25837023217513644,-1.0544565887354864,1.0544565887354864,-0.7978854851325403,-0.10145953945858932,0.42714487023205744,1.481601458967544,1,0,0
tapkich.com.vn,com.vn,0.046254326980862466,-3.026242029854847,3.026242029854847,-1.9142834557087918,-0.956847010001701,2.1824445025670207,5.208686532421868,1,0,0
vongquaylienminh.vn,vn,0.21040785760440198,-1.3224687105016648,1.3224687105016648,-1.0512452736667448,-0.11611187269056411,0.8190516685784248,2.14152037908009,1,0,0
lottehanoi.com.vn,com.vn,0.05716510122965115,-2.8029475926425738,2.8029475926425738,-1.7557242887929838,-0.8921117397052305,1.8821276373169296,4.685075229959503,1,0,0
kvbprime.com.vn,com.vn,0.05139963859779289,-2.91535645316318,2.91535645316318,-1.8669156217777951,-0.8933292672410293,2.1129474291893175,5.028303882352498,1,0,0
fxpro.vn,vn,0.2687279119169444,-1.0010862161672074,1.0010862161672074,-0.4703389729859742,-0.3756356790368755,-0.33659527816739676,0.6644909379998106,0,0,0
xn--dmin-4q5a.vn,vn,0.07114905983879052,-2.569171163356708,2.569171163356708,-0.22402001493097934,-2.1900395842813722,-2.304892116948621,0.26427904640808686,0,0,0
vamo.vn,vn,0.1471225361054909,-1.7573500655657899,1.7573500655657899,-0.15349168800196686,-1.4487468134194676,-1.932121469261255,-0.17477140369546507,0,0,0
napngay.com.vn,com.vn,0.04439402649750804,-3.069240744438517,3.069240744438517,-1.9436167502905635,-0.9705124300035974,2.0567276208476164,5.125968365286133,1,0,0
lmhtriots.vn,vn,0.17346971749035434,-1.561233510852254,1.561233510852254,-0.9310137284674224,-0.4751082182404748,0.509092369183771,2.070325880036025,1,0,0
taichinhbank.com.vn,com.vn,0.07548199467647113,-2.5053783796720883,2.5053783796720883,-1.7338222674938466,-0.6164445480338827,2.0990510559505395,4.604429435622627,1,0,0
atmonline.vn,vn,0.19067914746261208,-1.445603283020715,1.445603283020715,-0.9095334748433341,-0.38095824403302303,0.4986595595262623,1.9442628425469772,1,0,0
garenat.vn,vn,0.3286620345479425,-0.7142427122978363,0.7142427122978363,-0.6899656775007571,0.13083452934727913,0.7501151001767796,1.464357812474616,1,0,0
garenav.vn,vn,0.335618314810028,-0.6828822649845457,0.6828822649845457,-0.6715385374952383,0.14376783665505066,0.7001446066650124,1.3830268716495582,1,0,0
garerra.vn,vn,0.38783020170798616,-0.45644207284647176,0.45644207284647176,-0.6498454882656316,0.3485149795635174,0.893848322679676,1.3502903955261476,1,1,1
garezna.vn,vn,0.3286620345479425,-0.7142427122978363,0.7142427122978363,-0.6899656775007571,0.13083452934727913,0.7501151001767796,1.464357812474616,1,0,0
gerara.vn,vn,0.3364890695915578,-0.6789796615831191,0.6789796615831191,-0.6116908056120064,0.08782270817324644,0.4214994976824028,1.1004791592655219,1,0,0
grerena.vn,vn,0.335618314810028,-0.6828822649845457,0.6828822649845457,-0.6715385374952383,0.14376783665505066,0.7001446066650124,1.3830268716495582,1,0,0
xn--chckgdv-ss4c.vn,vn,0.310675111131612,-0.7969649892920692,0.7969649892920692,-0.060131039883907826,-0.5817223852638043,0.12260887634686883,0.919573865638938,1,0,0
shopthanhhungff.vn,vn,0.22972773716833597,-1.209849184149231,1.209849184149231,-0.9764101711872082,-0.07832744881766529,0.5971070237036491,1.80695620785288,1,0,0
zclouding.vn,vn,0.17346971749035434,-1.561233510852254,1.561233510852254,-0.9310137284674224,-0.4751082182404748,0.509092369183771,2.070325880036025,1,0,0
zbizworld.vn,vn,0.17346971749035434,-1.561233510852254,1.561233510852254,-0.9310137284674224,-0.4751082182404748,0.509092369183771,2.070325880036025,1,0,0
vaycucde.vn,vn,0.30874861102235046,-0.8059761729864147,0.8059761729864147,-0.6749045727508837,0.024039963908826456,0.5639944908919502,1.3699706638783649,1,0,0
takomo.vn,vn,0.289198242231577,-0.8992811569924822,0.8992811569924822,-0.6243020321469002,-0.11986756070122362,0.29844969292898965,1.1977308499214718,1,0,0
shopaccvip.vn,vn,0.2490398896648314,-1.1037394518629202,1.1037394518629202,-0.8230139266808478,-0.12561396103771494,0.4409559289295578,1.544695380792478,1,0,0
accfreefire.vn,vn,0.20681456587572747,-1.3442344582871464,1.3442344582871464,-0.8137898382227191,-0.3753330559200694,0.23445252137536554,1.5786869796625118,1,0,0
shopbacgau.vn,vn,0.30261236178439993,-0.8348887561367154,0.8348887561367154,-0.7190220246748195,0.03924483268246115,0.44414401301551026,1.2790327691522256,1,0,0
cashspace.vn,vn,0.2723776787650367,-0.9825924960082053,0.9825924960082053,-0.7521466120205408,-0.07533431984330596,0.6603773993406262,1.6429698953488314,1,0,0
shopteufunny.vn,vn,0.2730343332037856,-0.9792817006247087,0.9792817006247087,-0.8633181200646736,0.039147983584321366,0.6948911050038504,1.674172805628559,1,0,0
hethongdev.vn,vn,0.27952642786497933,-0.9468118926671394,0.9468118926671394,-0.7100654058600321,-0.08163492266274919,0.4114478331511366,1.358259725818276,1,0,0
www-facebook.com.vn,com.vn,0.07947143033263573,-2.4495504471223097,2.4495504471223097,-1.9719617207113398,-0.3224771622666118,3.07137243208745,5.52092287920976,1,0,0
sukienzing.vn,vn,0.2391109584262199,-1.157559835758616,1.157559835758616,-0.8188326581259348,-0.18361561348832278,0.4294686991321667,1.5870285348907829,1,0,0
robloxvietnam.vn,vn,0.33183929189131034,-0.6998779344497019,0.6998779344497019,-0.8524938352698179,0.30772746496447345,0.8775981476311425,1.5774760820808444,1,1,1
suko.vn,vn,0.14889760802231047,-1.7432735656953415,1.7432735656953415,-0.23875137295492907,-1.3494106285960565,-1.594054214344653,0.14921935135068853,0,0,0
lore.vn,vn,0.14889760802231047,-1.7432735656953415,1.7432735656953415,-0.23875137295492907,-1.3494106285960565,-1.594054214344653,0.14921935135068853,0,0,0
wetien.vn,vn,0.3364890695915578,-0.6789796615831191,0.6789796615831191,-0.6116908056120064,0.08782270817324644,0.4214994976824028,1.1004791592655219,1,0,0
mivay.vn,vn,0.27632163176206603,-0.9627815311998148,0.9627815311998148,-0.4857913155824574,-0.3218786514729985,-0.30402435875702993,0.6587571724427849,0,0,0
palo.vn,vn,0.14889760802231047,-1.7432735656953415,1.7432735656953415,-0.23875137295492907,-1.3494106285960565,-1.594054214344653,0.14921935135068853,0,0,0
sago.net.vn,net.vn,0.022548349674355737,-3.7692869499559185,3.7692869499559185,-2.079130169790844,-1.5350452160207158,1.34815889493696,5.117445844892878,1,0,0
olava.com.vn,com.vn,0.0507669308575926,-2.928409187673448,2.928409187673448,-1.8637728678968741,-0.9095247556322168,1.8071249502328408,4.7355341379062885,1,0,0
vayday.vn,vn,0.3610016671463248,-0.5710192689253667,0.5710192689253667,-0.5660521570724826,0.1501444522914745,0.5002614512347521,1.0712807201601189,1,0,0
salobank.vn,vn,0.30874861102235046,-0.8059761729864147,0.8059761729864147,-0.6749045727508837,0.024039963908826456,0.5639944908919502,1.3699706638783649,1,0,0
yfcredit.vn,vn,0.19881949979021282,-1.3936888883769318,1.3936888883769318,-0.8854357725714703,-0.3531415516611045,0.5613563535054462,1.955045241882378,1,0,0
supi.vn,vn,0.14889760802231047,-1.7432735656953415,1.7432735656953415,-0.23875137295492907,-1.3494106285960565,-1.594054214344653,0.14921935135068853,0,0,0
shina.vn,vn,0.27632163176206603,-0.9627815311998148,0.9627815311998148,-0.4857913155824574,-0.3218786514729985,-0.30402435875702993,0.6587571724427849,0,0,0
ldong.vn,vn,0.27632163176206603,-0.9627815311998148,0.9627815311998148,-0.4857913155824574,-0.3218786514729985,-0.30402435875702993,0.6587571724427849,0,0,0
vayfast.com.vn,com.vn,0.05979250236444678,-2.7552203184944792,2.7552203184944792,-1.8607220396308046,-0.7393867147193183,2.4289950909388343,5.184215409433314,1,0,0
garenask.vn,vn,0.30874861102235046,-0.8059761729864147,0.8059761729864147,-0.6749045727508837,0.024039963908826456,0.5639944908919502,1.3699706638783649,1,0,0
blackspy.vn,vn,0.19881949979021282,-1.3936888883769318,1.3936888883769318,-0.8854357725714703,-0.3531415516611045,0.5613563535054462,1.955045241882378,1,0,0
gazrena.vn,vn,0.3286620345479425,-0.7142427122978363,0.7142427122978363,-0.6899656775007571,0.13083452934727913,0.7501151001767796,1.464357812474616,1,0,0
mazilla.vn,vn,0.3286620345479425,-0.7142427122978363,0.7142427122978363,-0.6899656775007571,0.13083452934727913,0.7501151001767796,1.464357812474616,1,0,0
crezu.vn,vn,0.2687279119169444,-1.0010862161672074,1.0010862161672074,-0.4703389729859742,-0.3756356790368755,-0.33659527816739676,0.6644909379998106,0,0,0
credilo.vn,vn,0.20438641929280615,-1.3591012022956677,1.3591012022956677,-0.7839120516864078,-0.4200775864649031,0.4248697356479805,1.7839709379436481,1,0,0
finloo.vn,vn,0.3364890695915578,-0.6789796615831191,0.6789796615831191,-0.6116908056120064,0.08782270817324644,0.4214994976824028,1.1004791592655219,1,0,0
garenee.vn,vn,0.38783020170798616,-0.45644207284647176,0.45644207284647176,-0.6498454882656316,0.3485149795635174,0.893848322679676,1.3502903955261476,1,1,1
visame.vn,vn,0.289198242231577,-0.8992811569924822,0.8992811569924822,-0.6243020321469002,-0.11986756070122362,0.29844969292898965,1.1977308499214718,1,0,0
solcredit.vn,vn,0.21147862090155764,-1.3160356094977155,1.3160356094977155,-0.9223721538000447,-0.2385518915533147,0.7354015095875851,2.0514371190853007,1,0,0
blackrouqe.vn,vn,0.19835195510659417,-1.3966266610150035,1.3966266610150035,-0.6855865018396498,-0.5559285950309966,-0.25335660064961707,1.1432700603653865,0,0,0
zingsukien.vn,vn,0.2391109584262199,-1.157559835758616,1.157559835758616,-0.8188326581259348,-0.18361561348832278,0.4294686991321667,1.5870285348907829,1,0,0
atmonline.com.vn,com.vn,0.05468896992099172,-2.8498519633884203,2.8498519633884203,-1.7478937616849255,-0.9468466375591371,1.7719732801102108,4.621825243498631,1,0,0
cashberry.vn,vn,0.17346971749035434,-1.561233510852254,1.561233510852254,-0.9310137284674224,-0.4751082182404748,0.509092369183771,2.070325880036025,1,0,0
fo4garena.vn,vn,0.4748652840480808,-0.10062368020954328,0.10062368020954328,-0.9470729044063565,1.0015607883411703,2.0441344854516617,2.144758165661205,1,1,1
skyeye.com.vn,com.vn,0.046879123466510554,-3.012169285819234,3.012169285819234,-1.9597483591818683,-0.8973093624930082,2.1266914561120336,5.138860741931268,1,0,0
thantaioi.vn,vn,0.2311706231257578,-1.2017130021406786,1.2017130021406786,-0.9236277047371432,-0.12297373325917726,0.7463797591852587,1.9480927613259373,1,0,0
mcredit247.vn,vn,0.37978209408652897,-0.49047322581351704,0.49047322581351704,-1.2165720229938652,0.8812103613247046,2.2640962499432127,2.7545694757567296,1,1,1
cardonline.vn,vn,0.254676147479464,-1.0738260971661817,1.0738260971661817,-0.8154167312812798,-0.10329780174054459,0.49451126189765426,1.568337359063836,1,0,0
dichvuchuyennhathanhhung.com.vn,com.vn,0.07808266011775598,-2.4686875558257904,2.4686875558257904,-1.7905870530434334,-0.5229889386379993,2.459131875710736,4.927819431536527,1,0,0
vantaithanhhung.com.vn,com.vn,0.11943842892177958,-1.9977588534523405,1.9977588534523405,-1.690019809963603,-0.15262747934437781,2.288220192128781,4.285979045581121,1,0,0
shoptime.vn,vn,0.19881949979021282,-1.3936888883769318,1.3936888883769318,-0.8854357725714703,-0.3531415516611045,0.5613563535054462,1.955045241882378,1,0,0
gensi.vn,vn,0.27632163176206603,-0.9627815311998148,0.9627815311998148,-0.4857913155824574,-0.3218786514729985,-0.30402435875702993,0.6587571724427849,0,0,0
m-facebook.com.vn,com.vn,0.055289820653813555,-2.8382893753244813,2.8382893753244813,-1.9731409506438384,-0.7100368605362835,2.886169284288236,5.724458659612717,1,0,0
www-facebook.vn,vn,0.3459160201992141,-0.6370397232845904,0.6370397232845904,-0.17431423148699585,-0.30761392765323703,0.8768091130836391,1.5138488363682294,1,0,0
zaimoo.vn,vn,0.289198242231577,-0.8992811569924822,0.8992811569924822,-0.6243020321469002,-0.11986756070122362,0.29844969292898965,1.1977308499214718,1,0,0
beemall.vn,vn,0.3286620345479425,-0.7142427122978363,0.7142427122978363,-0.6899656775007571,0.13083452934727913,0.7501151001767796,1.464357812474616,1,0,0
avay.vn,vn,0.2593953214275338,-1.0491137501443062,1.0491137501443062,-0.09772433849674338,-0.7962778475032077,-1.264935585789947,-0.21582183564564072,0,0,0
crplus.edu.vn,edu.vn,0.04307218805468973,-3.1008504569267448,3.1008504569267448,-1.95822828420849,-0.9875106085738994,2.113961427990475,5.21481188491722,1,0,0
wealth-managament.com.vn,com.vn,0.16922315445768032,-1.5911429370532693,1.5911429370532693,-1.8159452229608275,0.3799138500519186,3.3583875439481488,4.949530481001418,1,1,1
vaysinhvien.vn,vn,0.24828578146562644,-1.1077757958309689,1.1077757958309689,-0.9226107870092358,-0.03005344467737492,0.7994041668999687,1.9071799627309376,1,0,0
dynasty.com.vn,com.vn,0.05979250236444678,-2.7552203184944792,2.7552203184944792,-1.8607220396308046,-0.7393867147193183,2.4289950909388343,5.184215409433314,1,0,0
govt.vn,vn,0.2994380461240143,-0.8499752657555258,0.8499752657555258,0.06614260273429841,-0.7610063043454668,1.2566750473277641,2.10665031308329,1,0,0
hatitex.vn,vn,0.24285310119130243,-1.1371005498228242,1.1371005498228242,-0.7281668656853432,-0.2538221199931231,0.541987790961956,1.67908834078478,1,0,0
taichinhthinhvuong.com.vn,com.vn,0.14783565532620635,-1.751678181250429,1.751678181250429,-1.6751610027874562,0.07859438568138555,2.7569412648648606,4.50861944611529,1,0,0
napthenhanh1s.vn,vn,0.3524675400164431,-0.6082103906134023,0.6082103906134023,-0.9330372923072273,0.47993846583818256,1.446853863101275,2.0550642537146775,1,1,1
ntnroblox.vn,vn,0.21772804133701784,-1.2789556861229827,1.2789556861229827,-0.8688447452209048,-0.25499937675772,0.5338441206956828,1.8127998068186655,1,0,0
wikimarketing.vn,vn,0.30603430178280605,-0.8187253400859046,0.8187253400859046,-0.8643064978830101,0.2006927219414617,0.7136670163694404,1.532392356455345,1,1,1
shopnickroblox.vn,vn,0.34378228171707,-0.6464840664868624,0.6464840664868624,-0.8133242190394486,0.3219517166969439,0.7074334691674932,1.3539175356543556,1,1,1
saigonairport.vn,vn,0.24079365106077757,-1.1483332628705547,1.1483332628705547,-0.9372482893874706,-0.055973409338726965,0.6492175484097988,1.7975508112803535,1,0,0
charleskeiths.com.vn,com.vn,0.1470847481203976,-1.7576512510604658,1.7576512510604658,-1.8352587629767814,0.23271907606067277,3.071865753046439,4.829517004106904,1,1,1
aramex.vn,vn,0.289198242231577,-0.8992811569924822,0.8992811569924822,-0.6243020321469002,-0.11986756070122362,0.29844969292898965,1.1977308499214718,1,0,0
saigoncargo.vn,vn,0.2404091638996616,-1.1504375934356346,1.1504375934356346,-0.8738457566661355,-0.12148027262514205,0.5819548696911084,1.732392463126743,1,0,0
fiin.vn,vn,0.2593953214275338,-1.0491137501443062,1.0491137501443062,-0.09772433849674338,-0.7962778475032077,-1.264935585789947,-0.21582183564564072,0,0,0
focusasiatravel.vn,vn,0.18696885965897858,-1.4698273347169593,1.4698273347169593,-0.9375897299589773,-0.3771260406136263,0.3700997689103174,1.8399271036272766,1,0,0
gplxgovn.vn,vn,0.26075346509625125,-1.0420560886561236,1.0420560886561236,-0.7919784002693863,-0.09496612424237982,0.5935770896194593,1.635633178275583,1,0,0
vp-khach-hang-the-visa.com.vn,com.vn,0.012450722241786701,-4.373447764440931,4.373447764440931,-2.214253839723687,-2.0040823605728906,1.5166521842887861,5.890099948729716,1,0,0
vp-khach-hang-ca-nhan-the-visa.com.vn,com.vn,0.003403220948997911,-5.67962393278321,5.67962393278321,-2.0766201444540955,-3.4478922241847543,-0.31587642754178497,5.363747505241425,0,0,0
vp-khach-hang-ca-nhan-the-visa.com.vn,com.vn,0.0008916349360927234,-7.021561740946899,7.021561740946899,-2.7237554006039955,-4.142694776198546,0.5474178487980046,7.568979589744903,1,0,0
vingroupinternational.vn,vn,0.11323470110580329,-2.05811768061111,2.05811768061111,-1.1497273843666762,-0.7532787321000762,0.6297700427477899,2.6878877233589,1,0,0
chamsockhachhangtheuudai-tructuyen.com.vn,com.vn,0.05286341930352433,-2.8857317142733154,2.8857317142733154,-2.53945983721864,-0.19116031291031943,4.350295313519981,7.2360270277932965,1,0,0
vingroup.edu.vn,edu.vn,0.05222380467132741,-2.8985799743809273,2.8985799743809273,-1.854982659936903,-0.8884857502996666,2.105252784983015,5.0038327593639425,1,0,0
nappthe.vn,vn,0.3286620345479425,-0.7142427122978363,0.7142427122978363,-0.6899656775007571,0.13083452934727913,0.7501151001767796,1.464357812474616,1,0,0
uudai-tructuyen-chamsockhachhang-the.com.vn,com.vn,0.03386440583715826,-3.350939703519129,3.350939703519129,-2.5466632788724333,-0.6491648605023355,3.7171640704811293,7.068103774000258,1,0,0
chamsocthekhachhang-uudai-tructuyen-thang9.com.vn,com.vn,0.04276656044604238,-3.10829079096003,3.10829079096003,-2.6152480429241445,-0.3379311838915311,4.032837887705202,7.141128678665232,1,0,0
vieclamkaoid.com.vn,com.vn,0.0040566069006056525,-5.503343536309697,5.503343536309697,-2.427599884536286,-2.920632087629053,1.7719470752882218,7.275290611597919,1,0,0
hotrokhachhang-tructuyen-thang9.com.vn,com.vn,0.019761436147956148,-3.9040636053106916,3.9040636053106916,-2.7707845349965075,-0.9781675061698256,4.106920195060069,8.010983800370761,1,0,0
chamsockhachhang-tructuyen-the-thang9.com.vn,com.vn,0.015797354133295142,-4.131989350678866,4.131989350678866,-2.7245286640616984,-1.2523491224728116,3.558224669438157,7.690214020117024,1,0,0
acvvinnanetwork.com.vn,com.vn,0.11769993456043887,-2.0143937501173417,2.0143937501173417,-1.721296237872911,-0.1379859481000738,2.29099087989747,4.305384630014812,1,0,0
chamsockhachhang-the-tructuyen-thang9.com.vn,com.vn,0.015797354133295142,-4.131989350678866,4.131989350678866,-2.7245286640616984,-1.2523491224728116,3.558224669438157,7.690214020117024,1,0,0
uudaikhachhang-tructuyen-the.com.vn,com.vn,0.017959709687535415,-4.001501437991952,4.001501437991952,-2.7011659199482847,-1.145223953899308,3.728930961532287,7.73043239952424,1,0,0
chamsocthe-uudaitructuyen.com.vn,com.vn,0.05317545087599409,-2.8795169656774693,2.8795169656774693,-2.530002959858943,-0.1944024416741703,4.471011038447995,7.350528004125464,1,0,0
uudaikhachhang-chamsocthetructuyen.com.vn,com.vn,0.060590219576159315,-2.741118297973143,2.741118297973143,-2.500477394176708,-0.08552933965208087,4.4073035430449155,7.148421841018059,1,0,0
chamsockhachhang-uudaithetructuyen-thang10.com.vn,com.vn,0.39052720464525,-0.4450966805223564,0.4450966805223564,-2.7967887063887016,2.5068035900107026,6.262311204953519,6.707407885475875,1,1,1
vietnamairlinesgiare.vn,vn,0.19713547474530826,-1.4042948074965433,1.4042948074965433,-1.2232274634026854,-0.02595577994950138,1.3919774799739562,2.7962722874704995,1,0,0
chamsocthe-uudaikhachhang-thang10.com.vn,com.vn,0.1402785130673464,-1.812978658924378,1.812978658924378,-2.99261093543694,1.3347438406569185,5.772017396958687,7.584996055883066,1,1,1
dienmayxanhcenter.vn,vn,0.2374915233250496,-1.1664816937957299,1.1664816937957299,-0.9403939416492945,-0.07097618800207994,0.8584415639838927,2.024923257779623,1,0,0
chamsocthe-uudai-tructuyen-thang10.com.vn,com.vn,0.09436922475545105,-2.261416679083748,2.261416679083748,-3.0140747857017116,0.9077696707623217,5.088588648556159,7.350005327639907,1,1,1
chamsockhachhangtructuyen-uudai-capnhatthe-thang10.com.vn,com.vn,0.2172707055325746,-1.281642840559662,1.281642840559662,-2.831048665280988,1.7045173888656815,5.409748138178828,6.6913909787384895,1,1,1
chamsocthekhachhang-thang10.com.vn,com.vn,0.13560348071568665,-1.8522965537111458,1.8522965537111458,-3.0211134994648736,1.3239285098980884,5.69764737859375,7.549943932304895,1,1,1
chamsockhachhang-capnhatuudaithang11.com.vn,com.vn,0.2453762813557404,-1.1234263644983316,1.1234263644983316,-2.800408483036931,1.8320936826829581,5.951355729912233,7.074782094410565,1,1,1
uudaikhachhang-uudaithe-thang11.com.vn,com.vn,0.17279211950753123,-1.5659667797880734,1.5659667797880734,-2.9852191921667055,1.5743639765229895,5.99570799386695,7.561674773655024,1,1,1
hotrokhachhang-khuyenmaithe-thang11.com.vn,com.vn,0.1465728982699845,-1.761737223800204,1.761737223800204,-2.9841519265248935,1.3775262668690473,5.799937549854816,7.56167477365502,1,1,1
capnhatuudai-chamsockhachhang-thang11.com.vn,com.vn,0.2865168005899082,-0.9123617146744296,0.9123617146744296,-2.784717359367549,2.0274672088374768,5.804253699393924,6.716615414068354,1,1,1
hotrokhachhang-khuyenmaithethang11.com.vn,com.vn,0.35220168913749955,-0.6093754072236683,0.6093754072236683,-2.7426630096677833,2.2883991665884715,6.136701860942187,6.746077268165855,1,1,1
chamsockhachhang-hotrotructuyen-triankhachhang-thang12.com.vn,com.vn,0.21103470164739577,-1.3186997553321145,1.3186997553321145,-2.7508112869077554,1.5872230957199989,5.026780260235194,6.345480015567309,1,1,1
mfacebook-com.vn,vn,0.42096877563561413,-0.3187977404138496,0.3187977404138496,-0.16947552161199808,0.005789345342506358,0.7532509071648968,1.0720486475787465,1,0,0
hotrokhachhang-hotrotructuyen-uudaidacbiet-thang12.com.vn,com.vn,0.3819706924421323,-0.48119199525837375,0.48119199525837375,-2.741188305881473,2.4151078747674557,5.7841480254447255,6.265340020703099,1,1,1
chamsocthe-uudai-khachhang-tructuyen.com.vn,com.vn,0.016212512925760373,-4.105626558393719,4.105626558393719,-2.5617971456354978,-1.3887178486138612,3.056964280435411,7.16259083882913,1,0,0
