seed,condition,alpha_cal,balance_cells,auc_vn,auc_other,auc_vn_bal,auc_other_bal,rec_vn,rec_other,fpr_other_cal@0.5,thr_vn,thr_other,n_vn_phish,fnr_vn,fnr_other,fpr,fpr_vn,fpr_other,f1,auc_vn_short,auc_vn_short_bal,fnr_vn_short,fpr_vn_short,auc_cc_short,auc_cc_short_bal,fnr_cc_short,fpr_cc_short,auc_vn_compound,auc_vn_compound_bal,fnr_vn_compound,fpr_vn_compound,auc_long,auc_long_bal,fnr_long,fpr_long
0,default,0.2569,suffix_stratum_x_class,0.8523,0.7771,0.8162,0.7261,0.0844,0.9269,0.6498,0.5,0.5,154,0.9156,0.0731,0.2591,0.0173,0.6408,0.8547,0.6101,0.5979,0.901,0.0698,0.7081,0.6817,0.6406,0.0527,0.909,0.8593,0.9434,0.0026,0.7575,0.7324,0.019,0.8301
0,global,0.2569,suffix_stratum_x_class,0.8523,0.7771,0.8162,0.7261,0.0844,0.9274,0.6498,0.492,0.492,154,0.9156,0.0726,0.2593,0.0176,0.6408,0.8549,0.6101,0.5979,0.901,0.0713,0.7081,0.6817,0.6365,0.0527,0.909,0.8593,0.9434,0.0026,0.7575,0.7324,0.0188,0.8301
0,per-group,0.2569,suffix_stratum_x_class,0.8523,0.7771,0.8162,0.7261,0.7987,0.667,0.6498,0.0769,0.6864,154,0.2013,0.333,0.2639,0.254,0.2794,0.7106,0.6101,0.5979,0.0198,0.9535,0.7081,0.6817,0.753,0.0308,0.909,0.8593,0.5472,0.0582,0.7575,0.7324,0.2929,0.3595
0,vn-only,0.2569,suffix_stratum_x_class,0.8523,0.7771,0.8162,0.7261,0.9935,0.9269,0.6498,0.0033,0.5,154,0.0065,0.0731,0.6319,0.6263,0.6408,0.759,0.6101,0.5979,0.0,1.0,0.7081,0.6817,0.6406,0.0527,0.909,0.8593,0.0189,0.5217,0.7575,0.7324,0.019,0.8301
0,mapped,0.2569,suffix_stratum_x_class,0.8523,0.7771,0.8162,0.7261,0.8052,0.667,0.6498,0.6864,0.6864,154,0.1948,0.333,0.2655,0.2567,0.2794,0.7103,0.6101,0.5979,0.0198,0.9535,0.7081,0.6817,0.753,0.0308,0.909,0.8593,0.5283,0.0616,0.7575,0.7324,0.2929,0.3595
0,balanced,0.2569,suffix_stratum_x_class,0.8523,0.7771,0.8162,0.7261,0.513,0.6915,0.6498,0.396,0.396,154,0.487,0.3085,0.2653,0.1835,0.3945,0.7213,0.6101,0.5979,0.4752,0.4217,0.7081,0.6817,0.3153,0.4879,0.909,0.8593,0.5094,0.1168,0.7575,0.7324,0.3079,0.3645
1,default,0.2322,suffix_stratum_x_class,0.8385,0.7757,0.7745,0.7219,0.0844,0.925,0.6064,0.5,0.5,154,0.9156,0.075,0.259,0.0168,0.6309,0.852,0.5951,0.5632,0.901,0.0742,0.7022,0.6962,0.6285,0.0748,0.886,0.7952,0.9434,0.0,0.7556,0.7252,0.0222,0.808
1,global,0.2322,suffix_stratum_x_class,0.8385,0.7757,0.7745,0.7219,0.0779,0.925,0.6064,0.5012,0.5012,154,0.9221,0.075,0.259,0.0168,0.6309,0.8519,0.5951,0.5632,0.9109,0.0742,0.7022,0.6962,0.6285,0.0748,0.886,0.7952,0.9434,0.0,0.7556,0.7252,0.0222,0.808
1,per-group,0.2322,suffix_stratum_x_class,0.8385,0.7757,0.7745,0.7219,0.7403,0.6618,0.6064,0.1258,0.6946,154,0.2597,0.3382,0.2498,0.2317,0.2777,0.7089,0.5951,0.5632,0.0198,0.9392,0.7022,0.6962,0.753,0.0299,0.886,0.7952,0.717,0.0243,0.7556,0.7252,0.2987,0.3567
1,vn-only,0.2322,suffix_stratum_x_class,0.8385,0.7757,0.7745,0.7219,0.987,0.925,0.6064,0.0029,0.5,154,0.013,0.075,0.6282,0.6264,0.6309,0.7558,0.5951,0.5632,0.0,1.0,0.7022,0.6962,0.6285,0.0748,0.886,0.7952,0.0377,0.517,0.7556,0.7252,0.0222,0.808
1,mapped,0.2322,suffix_stratum_x_class,0.8385,0.7757,0.7745,0.7219,0.7403,0.6618,0.6064,0.6946,0.6946,154,0.2597,0.3382,0.2507,0.233,0.2777,0.7087,0.5951,0.5632,0.0198,0.9407,0.7022,0.6962,0.753,0.0299,0.886,0.7952,0.717,0.0257,0.7556,0.7252,0.2987,0.3567
1,balanced,0.2322,suffix_stratum_x_class,0.8385,0.7757,0.7745,0.7219,0.4351,0.6682,0.6064,0.3988,0.3988,154,0.5649,0.3318,0.2623,0.1927,0.3691,0.7038,0.5951,0.5632,0.5149,0.4258,0.7022,0.6962,0.2912,0.4466,0.886,0.7952,0.6604,0.1243,0.7556,0.7252,0.3356,0.3445
2,default,0.2711,suffix_stratum_x_class,0.8575,0.7861,0.8139,0.7353,0.0974,0.9274,0.6667,0.5,0.5,154,0.9026,0.0726,0.2571,0.0172,0.63,0.8546,0.5996,0.5888,0.8911,0.0756,0.7067,0.6915,0.6345,0.0582,0.926,0.8665,0.9245,0.0004,0.7668,0.7404,0.019,0.8224
2,global,0.2711,suffix_stratum_x_class,0.8575,0.7861,0.8139,0.7353,0.0974,0.9276,0.6667,0.4981,0.4981,154,0.9026,0.0724,0.2573,0.0175,0.63,0.8547,0.5996,0.5888,0.8911,0.0772,0.7067,0.6915,0.6325,0.0582,0.926,0.8665,0.9245,0.0004,0.7668,0.7404,0.019,0.8224
2,per-group,0.2711,suffix_stratum_x_class,0.8575,0.7861,0.8139,0.7353,0.7987,0.6359,0.6667,0.0907,0.7023,154,0.2013,0.3641,0.2342,0.2448,0.2177,0.6978,0.5996,0.5888,0.0099,0.9713,0.7067,0.6915,0.743,0.0249,0.926,0.8665,0.566,0.0368,0.7668,0.7404,0.328,0.2825
2,vn-only,0.2711,suffix_stratum_x_class,0.8575,0.7861,0.8139,0.7353,1.0,0.9274,0.6667,0.0027,0.5,154,0.0,0.0726,0.6429,0.6512,0.63,0.7544,0.5996,0.5888,0.0,1.0,0.7067,0.6915,0.6345,0.0582,0.926,0.8665,0.0,0.5513,0.7668,0.7404,0.019,0.8224
2,mapped,0.2711,suffix_stratum_x_class,0.8575,0.7861,0.8139,0.7353,0.7987,0.6359,0.6667,0.7023,0.7023,154,0.2013,0.3641,0.2342,0.2448,0.2177,0.6978,0.5996,0.5888,0.0099,0.9713,0.7067,0.6915,0.743,0.0249,0.926,0.8665,0.566,0.0368,0.7668,0.7404,0.328,0.2825
2,balanced,0.2711,suffix_stratum_x_class,0.8575,0.7861,0.8139,0.7353,0.4935,0.6913,0.6667,0.4004,0.4004,154,0.5065,0.3087,0.2545,0.1778,0.3736,0.7231,0.5996,0.5888,0.495,0.416,0.7067,0.6915,0.3353,0.4387,0.926,0.8665,0.5283,0.1096,0.7668,0.7404,0.3061,0.3517
3,default,0.2509,suffix_stratum_x_class,0.8532,0.7808,0.8066,0.7249,0.1039,0.9262,0.6402,0.5,0.5,154,0.8961,0.0738,0.2557,0.0191,0.6274,0.8547,0.6184,0.5928,0.8812,0.0791,0.7015,0.682,0.6325,0.0677,0.9129,0.8411,0.9245,0.0013,0.7605,0.7299,0.0205,0.8136
3,global,0.2509,suffix_stratum_x_class,0.8532,0.7808,0.8066,0.7249,0.1039,0.9262,0.6402,0.4992,0.4992,154,0.8961,0.0738,0.2557,0.0191,0.6274,0.8547,0.6184,0.5928,0.8812,0.0791,0.7015,0.682,0.6325,0.0677,0.9129,0.8411,0.9245,0.0013,0.7605,0.7299,0.0205,0.8136
3,per-group,0.2509,suffix_stratum_x_class,0.8532,0.7808,0.8066,0.7249,0.8377,0.6637,0.6402,0.0587,0.681,154,0.1623,0.3363,0.2721,0.275,0.2675,0.7056,0.6184,0.5928,0.0099,0.9912,0.7015,0.682,0.7269,0.0359,0.9129,0.8411,0.4528,0.0619,0.7605,0.7299,0.299,0.3446
3,vn-only,0.2509,suffix_stratum_x_class,0.8532,0.7808,0.8066,0.7249,0.9935,0.9262,0.6402,0.0035,0.5,154,0.0065,0.0738,0.6267,0.6263,0.6274,0.7581,0.6184,0.5928,0.0,1.0,0.7015,0.682,0.6325,0.0677,0.9129,0.8411,0.0189,0.515,0.7605,0.7299,0.0205,0.8136
3,mapped,0.2509,suffix_stratum_x_class,0.8532,0.7808,0.8066,0.7249,0.8247,0.6637,0.6402,0.681,0.681,154,0.1753,0.3363,0.2701,0.2717,0.2675,0.706,0.6184,0.5928,0.0099,0.9912,0.7015,0.682,0.7269,0.0359,0.9129,0.8411,0.4906,0.0575,0.7605,0.7299,0.299,0.3446
3,balanced,0.2509,suffix_stratum_x_class,0.8532,0.7808,0.8066,0.7249,0.5584,0.6852,0.6402,0.3923,0.3923,154,0.4416,0.3148,0.2614,0.183,0.3847,0.7182,0.6184,0.5928,0.4257,0.4451,0.7015,0.682,0.3133,0.4693,0.9129,0.8411,0.4717,0.105,0.7605,0.7299,0.3149,0.3565
4,default,0.2709,suffix_stratum_x_class,0.8594,0.7744,0.8023,0.7225,0.1039,0.9246,0.6896,0.5,0.5,154,0.8961,0.0754,0.2567,0.0198,0.6408,0.8533,0.6302,0.6079,0.8713,0.0857,0.7086,0.6924,0.6165,0.0717,0.9069,0.8168,0.9434,0.0013,0.7542,0.7262,0.0238,0.8196
4,global,0.2709,suffix_stratum_x_class,0.8594,0.7744,0.8023,0.7225,0.1039,0.9248,0.6896,0.4936,0.4936,154,0.8961,0.0752,0.2569,0.0198,0.6413,0.8533,0.6302,0.6079,0.8713,0.0857,0.7086,0.6924,0.6165,0.074,0.9069,0.8168,0.9434,0.0013,0.7542,0.7262,0.0236,0.8196
4,per-group,0.2709,suffix_stratum_x_class,0.8594,0.7744,0.8023,0.7225,0.8701,0.6245,0.6896,0.0606,0.703,154,0.1299,0.3755,0.2532,0.2735,0.2204,0.6852,0.6302,0.6079,0.0,0.9714,0.7086,0.6924,0.747,0.0336,0.9069,0.8168,0.3774,0.0767,0.7542,0.7262,0.34,0.2791
4,vn-only,0.2709,suffix_stratum_x_class,0.8594,0.7744,0.8023,0.7225,0.987,0.9246,0.6896,0.0022,0.5,154,0.013,0.0754,0.6795,0.7034,0.6408,0.7434,0.6302,0.6079,0.0,1.0,0.7086,0.6924,0.6165,0.0717,0.9069,0.8168,0.0377,0.6198,0.7542,0.7262,0.0238,0.8196
4,mapped,0.2709,suffix_stratum_x_class,0.8594,0.7744,0.8023,0.7225,0.8701,0.6235,0.6896,0.7034,0.7034,154,0.1299,0.3765,0.2532,0.2735,0.2204,0.6844,0.6302,0.6079,0.0,0.9714,0.7086,0.6924,0.749,0.0336,0.9069,0.8168,0.3774,0.0767,0.7542,0.7262,0.341,0.2791
4,balanced,0.2709,suffix_stratum_x_class,0.8594,0.7744,0.8023,0.7225,0.4545,0.7188,0.6896,0.3886,0.3886,154,0.5455,0.2812,0.2637,0.1634,0.4263,0.7371,0.6302,0.6079,0.4653,0.4135,0.7086,0.6924,0.2751,0.4798,0.9069,0.8168,0.6981,0.0928,0.7542,0.7262,0.2818,0.4094
