seed,stratum,n,n_phish,n_benign,fnr,fpr,auc
0,vn_short,746,101,645,0.901,0.0698,0.6101
0,cc_short,953,498,455,0.6406,0.0527,0.7081
0,vn_compound,2357,53,2304,0.9434,0.0026,0.909
0,long,6633,5220,1413,0.019,0.8301,0.7575
1,vn_short,775,101,674,0.901,0.0742,0.5951
1,cc_short,966,498,468,0.6285,0.0748,0.7022
1,vn_compound,2353,53,2300,0.9434,0.0,0.886
1,long,6689,5220,1469,0.0222,0.808,0.7556
2,vn_short,762,101,661,0.8911,0.0756,0.5996
2,cc_short,979,498,481,0.6345,0.0582,0.7067
2,vn_compound,2362,53,2309,0.9245,0.0004,0.926
2,long,6650,5220,1430,0.019,0.8224,0.7668
3,vn_short,784,101,683,0.8812,0.0791,0.6184
3,cc_short,971,498,473,0.6325,0.0677,0.7015
3,vn_compound,2348,53,2295,0.9245,0.0013,0.9129
3,long,6642,5220,1422,0.0205,0.8136,0.7605
4,vn_short,766,101,665,0.8713,0.0857,0.6302
4,cc_short,944,498,446,0.6165,0.0717,0.7086
4,vn_compound,2412,53,2359,0.9434,0.0013,0.9069
4,long,6639,5220,1419,0.0238,0.8196,0.7542
