detector,src_id,n_obs,n_missed,miss_rate,jaccard
D0,88596340-0709-5dcb-9fb8-bd7b6d17e66e,4,0,0.0,0.037037037037037035
D0,31982fc1-8e84-5084-bd03-1ee0bb0fa8df,8,0,0.0,0.0425531914893617
D0,fe08ab08-8fca-5826-b69f-bee7f9ddeaff,5,0,0.0,0.09375
D0,ccead8ff-12d3-56c5-b8ae-863746fc0061,2,0,0.0,0.10714285714285714
D0,2e59bd8c-3fd6-5f15-aa02-2df06f089a23,4,0,0.0,0.11764705882352941
D0,824c1a61-0bf0-5d54-af97-32c33bebc4ef,5,0,0.0,0.125
D0,4c7cc155-210a-5f34-94de-c22a3810ec8f,10,5,0.5,0.1282051282051282
D0,0684f9b1-536e-575b-923f-a7b76569b7e8,6,0,0.0,0.13043478260869565
D0,15d49bcd-586b-5ee1-863e-cce42a435628,6,0,0.0,0.1388888888888889
D0,2dcda735-4ae8-56d3-aee0-7957af80a277,7,0,0.0,0.14545454545454545
D0,326a4f2f-1e3c-5900-b035-604120bf68ce,5,0,0.0,0.15151515151515152
D0,7864ce37-8130-59f5-afc0-37268eaef60f,7,0,0.0,0.15384615384615385
D0,78ef9e77-6ad7-525c-b1b5-d388b219c9b3,8,1,0.125,0.16666666666666666
D0,66a248ff-4a7e-5002-936e-23483dba95e0,5,0,0.0,0.17391304347826086
D0,4354f30e-28ba-5798-8ed3-d32a530798e2,6,0,0.0,0.17647058823529413
D0,35e804fd-c648-5b93-8c42-5f6d8aa8ee6c,9,0,0.0,0.17857142857142858
D0,37317cbe-52c7-5510-a38d-8bee245104e5,9,0,0.0,0.17857142857142858
D0,fc8ba5cf-d122-5cf3-8ca3-660b93c2667f,6,0,0.0,0.17857142857142858
D0,1ea6d560-2584-53cd-90d3-02f40deac79d,5,1,0.2,0.1794871794871795
D0,e73849ec-4a87-5d56-b8ce-7dd2cddcdaf5,5,0,0.0,0.18518518518518517
D0,c5fa9c5c-0a99-59e6-a558-8719d5630a3c,5,0,0.0,0.1875
D0,e1874058-ce89-5931-afb7-b15ac2e00ac8,6,6,1.0,0.19047619047619047
D0,706cad3a-8b3b-5cb5-9a5d-946583a3ede1,5,2,0.4,0.1935483870967742
D0,5138b897-915c-5cbc-86da-e064f6f3199f,7,0,0.0,0.2
D0,ce5d3153-97de-5303-b957-e91894eaba18,3,0,0.0,0.2037037037037037
D0,08a11685-da13-5a0d-adae-e4bb38b1b26a,6,0,0.0,0.20512820512820512
D0,225be388-1334-5d2e-a914-b06a6781d4a1,4,0,0.0,0.20833333333333334
D0,640b37c2-5b9a-5009-9bd6-87de6680c839,8,0,0.0,0.21212121212121213
D0,2fa54e91-e992-5caf-88ac-fa741a5b2921,6,0,0.0,0.21739130434782608
D0,db6fd208-81ac-5777-af3c-7ed177e96620,7,6,0.8571428571428571,0.21739130434782608
D0,331e1019-270d-598b-9fb1-9d3a22d9e241,5,0,0.0,0.2222222222222222
D0,3f773d86-bf82-5c1a-96ef-06e5f9ab3041,10,0,0.0,0.2222222222222222
D0,3a202f76-0fb3-581e-b796-1716a81f8156,7,0,0.0,0.22580645161290322
D0,22aeedc8-0a30-50f4-8b94-2f691508f9da,9,0,0.0,0.22727272727272727
D0,3f6c7101-c145-5402-9023-284ae61346f2,4,0,0.0,0.22727272727272727
D0,2708e367-47ae-5f6f-97ac-736b05d4aff2,6,0,0.0,0.23809523809523808
D0,2a5bd21a-80cf-5bc0-a32c-c4562a2eaa86,7,0,0.0,0.23809523809523808
D0,ab59524e-40ca-55cd-a5b2-3fc1ee138691,11,4,0.36363636363636365,0.23809523809523808
D0,b90de912-2ba2-5421-8a26-e7614a56b02e,9,0,0.0,0.23809523809523808
D0,327a9cf8-d6ac-5d9e-b9e2-c385114acc55,9,1,0.1111111111111111,0.24
D0,43fbfb7f-d94f-5c59-85d8-6e49d6855340,9,9,1.0,0.25
D0,81298c97-c944-5a20-bf98-f7f32a06bac4,5,5,1.0,0.25
D0,ea890ed6-880a-5de9-88e6-aa6f82243641,4,0,0.0,0.25
D0,ecf8f784-1160-53fd-94ce-3b87fd20dc98,10,0,0.0,0.25
D0,a89d893b-7f88-5790-aaec-6529fd93f3bd,5,1,0.2,0.25806451612903225
D0,68ca2cdd-9aee-5c07-ba64-e9dcac8e6bbf,3,0,0.0,0.26
D0,edda25a6-4f56-5497-b031-87b5eaf7780a,10,0,0.0,0.2608695652173913
D0,913d4d09-1eb4-5925-b0c0-67c93cd09a87,6,0,0.0,0.2631578947368421
D0,7dc28a21-f3ac-51e1-95a3-fc6263479f27,10,0,0.0,0.2692307692307692
D0,f0371896-9b9c-562b-bed0-13eb21658199,10,0,0.0,0.2692307692307692
D0,59a25a3c-f402-5b42-bd57-53ab7d8744a6,2,0,0.0,0.2777777777777778
D0,b1b57c87-95a1-566a-aedf-75c70a487dfe,4,0,0.0,0.2777777777777778
D0,54a266ef-7ab3-58a5-a0ec-977820610584,7,0,0.0,0.27906976744186046
D0,ca5d1fc7-cbed-5091-8bab-44293d5c26af,6,0,0.0,0.28205128205128205
D0,461efcea-11ca-5f61-bc89-dbe295636c3b,10,0,0.0,0.2857142857142857
D0,87be8227-d856-523e-a009-eaff65e697db,3,0,0.0,0.2857142857142857
D0,87de156d-8376-5293-9f14-83e23faf2ccb,8,0,0.0,0.2857142857142857
D0,88ed2f06-605d-5ceb-82ec-9bab6af2747e,5,5,1.0,0.2857142857142857
D0,be3188f6-749d-5cf9-9890-c33681edc348,5,0,0.0,0.2857142857142857
D0,d32fdbc4-3751-530f-9486-234b68fbd662,6,0,0.0,0.2857142857142857
D0,e4ee3742-58e3-535e-aae6-c67765bb88ee,4,0,0.0,0.2857142857142857
D0,f57b99d1-ad6c-54b5-ae68-3e8525ff25d7,5,0,0.0,0.2903225806451613
D0,071b5fec-024f-5d85-a45d-a9ee35576a21,6,0,0.0,0.2916666666666667
D0,fe887893-a31f-547c-a114-849747fbc304,2,0,0.0,0.29411764705882354
D0,3f3f8b5d-500b-5a43-8378-c98b3b3b0a0b,9,0,0.0,0.3023255813953488
D0,ac1933dd-09a1-5c23-b92b-4284c8d4fed4,5,0,0.0,0.30303030303030304
D0,bfc26a93-f9fb-5cee-8904-ce0fb7ee48c7,7,0,0.0,0.30303030303030304
D0,738c771b-e410-5a16-bb27-f413a87b3a18,6,0,0.0,0.30434782608695654
D0,04a162c9-dee9-5020-a17b-3bf92a8957b5,6,0,0.0,0.30952380952380953
D0,de1868e8-4376-51ed-aaef-12dffa4383a9,8,0,0.0,0.3103448275862069
D0,5a919748-000b-53b1-bea1-9d1783c39583,7,0,0.0,0.3125
D0,80b962a6-3ee2-52ab-8152-151c8b3de19f,8,0,0.0,0.3157894736842105
D0,9dff634c-cd96-5f92-8141-7b404e56071f,5,0,0.0,0.3181818181818182
D0,cd6ef3d8-865f-53a8-9e00-71b91520be1b,6,0,0.0,0.3181818181818182
D0,fdddaa0f-a091-5dc3-bad7-1ad6abe4374c,6,0,0.0,0.3181818181818182
D0,326683ad-4448-5f1e-8230-9639c084a54a,8,0,0.0,0.3191489361702128
D0,4534d5f1-f314-5c1f-ac36-9156004219a2,6,0,0.0,0.32
D0,e1647349-3ac5-5fb8-b397-440312b03283,4,0,0.0,0.32
D0,f9509629-2ecf-5824-a0f5-1e11d2c3aed2,4,0,0.0,0.32142857142857145
D0,84961294-c4ad-5186-a577-13fda99fb83d,7,0,0.0,0.3225806451612903
D0,859d74ec-5790-5d22-9045-70be580962fd,6,0,0.0,0.3225806451612903
D0,5e49f815-6fc0-5d85-b301-374ea8bd15d4,6,0,0.0,0.32432432432432434
D0,cfe81eb9-41ae-5783-8a96-8dba8e145d65,7,0,0.0,0.325
D0,16e2a056-c821-50de-9b6c-8260fdd8b662,3,0,0.0,0.3333333333333333
D0,1c33d108-120f-5638-a43f-a53d38527915,5,0,0.0,0.3333333333333333
D0,279c4d10-73f2-59d7-9924-5ecdbd8dc5f7,1,0,0.0,0.3333333333333333
D0,4191b852-608d-5391-bdbf-da3af930cd75,6,0,0.0,0.3333333333333333
D0,6aa108c5-b059-54d6-aa5c-003f5b34d44c,11,0,0.0,0.3333333333333333
D0,6ae7d62f-849e-5536-8552-dead8447d036,8,0,0.0,0.3333333333333333
D0,970cede4-d744-5c8c-9a2c-6bd930548efe,8,0,0.0,0.3333333333333333
D0,9a4fc879-f045-52a9-9844-c35366f94837,7,0,0.0,0.3333333333333333
D0,6b925a0b-f6bc-522b-9be0-136b13e537a5,5,0,0.0,0.34285714285714286
D0,aaf58047-512d-5508-959c-87f8c7720340,4,0,0.0,0.34375
D0,689ed820-7304-5f87-b5f0-7556a41d8552,6,0,0.0,0.34615384615384615
D0,813260de-8e7a-53be-a2c4-a444624727d8,4,0,0.0,0.3488372093023256
D0,15763583-568c-5371-984f-8977c92443a8,7,0,0.0,0.35
D0,a42d230c-6b89-5ef3-8945-43a19709d44c,6,0,0.0,0.35
D0,43eb63e6-477e-5ab3-a4c8-9a0496d5fe1d,5,0,0.0,0.35135135135135137
D0,32172c61-fe50-5986-8ec8-9d4ec0d2ac06,6,0,0.0,0.3548387096774194
D0,4c4bbaf5-65e9-59ba-a38a-3346594c05b8,5,0,0.0,0.3548387096774194
D0,d33d4cec-ae3c-58b4-bdc1-7a17e64f7d24,6,0,0.0,0.3548387096774194
D0,95e5b92c-e0c8-5503-be98-d24838595b5e,5,0,0.0,0.35714285714285715
D0,89e679f4-eb52-52b1-be6e-dbd6535594b5,8,0,0.0,0.358974358974359
D0,d01a36f7-efa8-55b2-837e-df8766d99326,11,0,0.0,0.358974358974359
D0,fdaba926-bba8-57f2-945c-dc4e3f99667e,5,0,0.0,0.36
D0,ff13f544-0889-5628-a0b9-7b060bb65c3d,8,0,0.0,0.3611111111111111
D0,cd4bf3f3-2b67-5511-b623-36a063497d74,9,0,0.0,0.36363636363636365
D0,f71d6d66-4737-5111-a508-226d57c36d79,6,0,0.0,0.36363636363636365
D0,9937630e-81c8-5408-8c8d-40683f8b5539,7,0,0.0,0.36666666666666664
D0,018b06d9-3897-5e5e-9850-234692cf1262,7,0,0.0,0.3684210526315789
D0,2f700985-35b2-5dc3-a2f5-ca1d17aae857,9,0,0.0,0.3684210526315789
D0,5b80e5af-11bb-566c-b0f3-3ce4154f4396,2,0,0.0,0.3684210526315789
D0,175fa3cd-b188-551e-ad95-c7cb52ed1892,5,0,0.0,0.37037037037037035
D0,3b69f2d7-bb63-500f-af44-addc3c91524d,9,0,0.0,0.375
D0,ef2cbe0d-54f8-5984-81a9-7e96ec7468f5,5,0,0.0,0.375
D0,35334cc5-bf06-5e8c-bd1e-ef77c302cf2e,5,4,0.8,0.38095238095238093
D0,8f3a338c-f0e7-5472-b5a6-fe1ebf566717,10,0,0.0,0.38095238095238093
D0,a99f8fa3-333e-53eb-82b0-773364f8172b,4,0,0.0,0.3829787234042553
D0,392b5648-5852-5c81-a90c-c38faef62a41,5,0,0.0,0.38461538461538464
D0,7acafca9-9092-5615-a2f8-af8bed5d90cd,4,0,0.0,0.3888888888888889
D0,4ed1d0ee-f249-5e9b-8353-3e8350ab1326,4,0,0.0,0.39285714285714285
D0,6848f7f3-1392-5d87-92f5-8410c0e36904,6,6,1.0,0.39285714285714285
D0,f176e3fd-8fe7-5d92-84c1-fbde2128a6fd,7,0,0.0,0.39473684210526316
D0,21013861-fe81-5d30-91bb-08e8c772a68b,4,0,0.0,0.4
D0,729276de-152c-5511-91cf-48dba2974302,6,0,0.0,0.4
D0,88713d72-7d28-519a-b2f4-5bc0492ff691,6,0,0.0,0.4
D0,abd08d2e-b448-5393-a910-cc354e58ba34,2,1,0.5,0.4
D0,4846fe34-0de4-52fa-a5e1-0f24f9ea6c39,4,0,0.0,0.4090909090909091
D0,bdb20e4a-16bc-5e6c-b8e2-4ef1d9358612,4,0,0.0,0.41025641025641024
D0,0d0e6966-d732-53d6-8546-7241cc568a9e,6,0,0.0,0.41379310344827586
D0,1d3a6c30-dde1-536b-af6c-943a623b7933,4,0,0.0,0.41379310344827586
D0,4d61f0ab-3de2-5bb6-8acb-78be1c18b43d,8,0,0.0,0.41379310344827586
D0,caa8f772-be7a-55f9-9f00-1f39950ade46,3,0,0.0,0.41935483870967744
D0,2904fe88-574e-58b6-a2c7-5a49b2422e2c,12,0,0.0,0.42105263157894735
D0,e1fe09a1-7e1f-5f91-8aa3-891dc86b24d3,6,0,0.0,0.4230769230769231
D0,0a8f4aad-9ba9-5895-8e0f-8b2f793dac17,6,0,0.0,0.42424242424242425
D0,59d04bee-7ad4-54e7-844d-c12b60653362,6,0,0.0,0.425
D0,7447b6bd-ab62-5db0-9aba-4b7b387c2e11,4,0,0.0,0.425
D0,0fbd7bfd-f295-51b7-804c-83b9507eb14b,6,0,0.0,0.4375
D0,7ea11682-0d89-5d29-818b-f42169b4ec52,7,7,1.0,0.4375
D0,82394628-d692-564f-824d-95e2c3922740,4,0,0.0,0.4375
D0,f3124969-2854-55e9-83fe-8390156b4325,7,0,0.0,0.4444444444444444
D0,85dc08bf-2669-578e-9f50-d11328cc69e4,6,0,0.0,0.4473684210526316
D0,9562fc40-8be9-5772-a663-dc424458ce72,6,0,0.0,0.4473684210526316
D0,8bfd70dd-f3c3-5251-9dfc-18ea57a524d8,4,0,0.0,0.4482758620689655
D0,4094fe01-0e13-5b03-b50a-024041783359,3,0,0.0,0.45
D0,5907e7c0-3b86-567c-a7e8-7a8742555574,8,8,1.0,0.45
D0,89746cde-230e-543f-86e6-c92084c582b2,4,0,0.0,0.45
D0,b9043dd7-f426-5a4a-8037-3e0c4f9ca63b,4,0,0.0,0.45161290322580644
D0,ec398dbb-3ae2-5669-84b0-fe9c330c86a7,2,0,0.0,0.4523809523809524
D0,06b4a3fa-2331-5d22-aeb0-651815d72142,7,0,0.0,0.45454545454545453
D0,0ce69f65-b964-5df1-8918-7384033ad53b,6,0,0.0,0.4576271186440678
D0,c1d04016-61d5-5180-846a-a0daecbc0955,5,0,0.0,0.4583333333333333
D0,d3e71303-2d10-5848-bea7-a51460628dbb,7,0,0.0,0.4583333333333333
D0,b36ad21c-e6b7-5d5e-ba3f-106996bdd665,4,0,0.0,0.4594594594594595
D0,a0a399f4-464a-5a76-8c75-53a01bfff3de,3,0,0.0,0.4666666666666667
D0,788752de-f1c9-56e4-9aa3-fe198780a21f,8,0,0.0,0.47058823529411764
D0,9b31d8cd-040e-5abc-88aa-8d2ff98f4c80,7,0,0.0,0.47058823529411764
D0,c49be51b-3daa-52d3-a655-6361986067f0,8,0,0.0,0.47058823529411764
D0,52bd1f89-5630-5d43-b093-23d1b2466994,5,0,0.0,0.47619047619047616
D0,78cb24eb-b7b1-553a-b8e3-4170833c2933,4,0,0.0,0.48
D0,24361112-28f5-5a5a-b35c-80a6e5f107c7,7,0,0.0,0.5
D0,97592568-4eb5-5cea-ac0d-e27e1999cff2,5,0,0.0,0.5
D0,add8d089-0f4b-5da2-9941-fe8e87a801fc,4,0,0.0,0.5
D0,c04d7243-8e99-57a9-9ecf-81dd7928da43,2,0,0.0,0.5
D0,e17d926d-e05d-5592-9dd7-3428db464fc6,8,0,0.0,0.5
D0,87f0f763-b8db-5372-8bfa-431a61f5ddbd,7,0,0.0,0.5121951219512195
D0,a210399a-9049-53e5-9b2a-27725666160a,7,0,0.0,0.5172413793103449
D0,e7ce6d52-7590-5582-9ef8-a9e0ce374822,2,0,0.0,0.52
D0,3965070b-7d88-53be-84f2-98a18828203c,4,0,0.0,0.5217391304347826
D0,74282801-ec6d-522d-8bf4-8def1fb3bd8f,3,3,1.0,0.5238095238095238
D0,3edf2945-b71d-516a-ac40-0ddefe2048d3,7,1,0.14285714285714285,0.5263157894736842
D0,c724c608-390a-5968-9625-8c8798c3f4c9,7,0,0.0,0.5294117647058824
D0,d408d4d4-63ad-537d-9a37-af52a8b96100,4,0,0.0,0.5294117647058824
D0,fe3e722b-3e7c-5487-a892-0b0510f86ebb,8,1,0.125,0.5294117647058824
D0,b8f4b4b8-2cef-58ce-8026-aef2c791254c,9,2,0.2222222222222222,0.5333333333333333
D0,4ae00380-73cc-5956-a4d4-c1c4e3bc7926,4,0,0.0,0.5384615384615384
D0,dc83d845-fd27-5e74-b3b2-e3f97d3aab2f,7,0,0.0,0.5483870967741935
D0,52686dbc-fcc3-50ca-b32a-1447ff73bb95,2,0,0.0,0.5555555555555556
D0,fa94c584-5dda-5200-b12a-2cf1a588b664,3,0,0.0,0.5555555555555556
D0,89ef44fd-6738-5db6-b0d4-115489621540,10,0,0.0,0.5625
D0,60527908-b7d3-56cf-91ef-5c4912e7eec5,5,0,0.0,0.5714285714285714
D0,7603296e-9046-5fc7-a9ae-1792473ca4b4,6,0,0.0,0.5714285714285714
D0,9496739e-a472-52e5-9e0a-004aa8dbaca7,5,0,0.0,0.5714285714285714
D0,efd3ade1-c3ba-5169-ae10-23fefbfa339b,6,0,0.0,0.5714285714285714
D0,1369b891-ee51-556e-b5e5-baa409eaf696,4,0,0.0,0.5789473684210527
D0,e73727ac-11e6-522b-a88b-0ab3bf67d8d8,7,0,0.0,0.5833333333333334
D0,a6cda4af-4c25-5012-a43b-a7c285a7da94,9,0,0.0,0.5909090909090909
D0,51a96064-f693-5b7e-a709-5f89530c83b9,8,0,0.0,0.6
D0,d46b975c-b540-5407-becd-13a1972d232b,5,0,0.0,0.6470588235294118
D0,f5ab9d68-009f-573d-99d6-b01ea195fe44,8,0,0.0,0.6666666666666666
D0,c3adcf04-eeb9-5805-a76b-f6987ffa7fbc,7,0,0.0,0.7222222222222222
D0,5556b448-0c79-55b4-87f9-099be0634131,8,0,0.0,0.8333333333333334
D1,88596340-0709-5dcb-9fb8-bd7b6d17e66e,4,0,0.0,0.037037037037037035
D1,31982fc1-8e84-5084-bd03-1ee0bb0fa8df,8,0,0.0,0.0425531914893617
D1,fe08ab08-8fca-5826-b69f-bee7f9ddeaff,5,1,0.2,0.09375
D1,ccead8ff-12d3-56c5-b8ae-863746fc0061,2,0,0.0,0.10714285714285714
D1,2e59bd8c-3fd6-5f15-aa02-2df06f089a23,4,0,0.0,0.11764705882352941
D1,824c1a61-0bf0-5d54-af97-32c33bebc4ef,5,0,0.0,0.125
D1,4c7cc155-210a-5f34-94de-c22a3810ec8f,10,8,0.8,0.1282051282051282
D1,0684f9b1-536e-575b-923f-a7b76569b7e8,6,1,0.16666666666666666,0.13043478260869565
D1,15d49bcd-586b-5ee1-863e-cce42a435628,6,1,0.16666666666666666,0.1388888888888889
D1,2dcda735-4ae8-56d3-aee0-7957af80a277,7,0,0.0,0.14545454545454545
D1,326a4f2f-1e3c-5900-b035-604120bf68ce,5,0,0.0,0.15151515151515152
D1,7864ce37-8130-59f5-afc0-37268eaef60f,7,0,0.0,0.15384615384615385
D1,78ef9e77-6ad7-525c-b1b5-d388b219c9b3,8,2,0.25,0.16666666666666666
D1,66a248ff-4a7e-5002-936e-23483dba95e0,5,0,0.0,0.17391304347826086
D1,4354f30e-28ba-5798-8ed3-d32a530798e2,6,0,0.0,0.17647058823529413
D1,35e804fd-c648-5b93-8c42-5f6d8aa8ee6c,9,0,0.0,0.17857142857142858
D1,37317cbe-52c7-5510-a38d-8bee245104e5,9,0,0.0,0.17857142857142858
D1,fc8ba5cf-d122-5cf3-8ca3-660b93c2667f,6,0,0.0,0.17857142857142858
D1,1ea6d560-2584-53cd-90d3-02f40deac79d,5,3,0.6,0.1794871794871795
D1,e73849ec-4a87-5d56-b8ce-7dd2cddcdaf5,5,0,0.0,0.18518518518518517
D1,c5fa9c5c-0a99-59e6-a558-8719d5630a3c,5,0,0.0,0.1875
D1,e1874058-ce89-5931-afb7-b15ac2e00ac8,6,5,0.8333333333333334,0.19047619047619047
D1,706cad3a-8b3b-5cb5-9a5d-946583a3ede1,5,5,1.0,0.1935483870967742
D1,5138b897-915c-5cbc-86da-e064f6f3199f,7,0,0.0,0.2
D1,ce5d3153-97de-5303-b957-e91894eaba18,3,0,0.0,0.2037037037037037
D1,08a11685-da13-5a0d-adae-e4bb38b1b26a,6,3,0.5,0.20512820512820512
D1,225be388-1334-5d2e-a914-b06a6781d4a1,4,0,0.0,0.20833333333333334
D1,640b37c2-5b9a-5009-9bd6-87de6680c839,8,0,0.0,0.21212121212121213
D1,2fa54e91-e992-5caf-88ac-fa741a5b2921,6,0,0.0,0.21739130434782608
D1,db6fd208-81ac-5777-af3c-7ed177e96620,7,4,0.5714285714285714,0.21739130434782608
D1,331e1019-270d-598b-9fb1-9d3a22d9e241,5,0,0.0,0.2222222222222222
D1,3f773d86-bf82-5c1a-96ef-06e5f9ab3041,10,0,0.0,0.2222222222222222
D1,3a202f76-0fb3-581e-b796-1716a81f8156,7,0,0.0,0.22580645161290322
D1,22aeedc8-0a30-50f4-8b94-2f691508f9da,9,0,0.0,0.22727272727272727
D1,3f6c7101-c145-5402-9023-284ae61346f2,4,0,0.0,0.22727272727272727
D1,2708e367-47ae-5f6f-97ac-736b05d4aff2,6,0,0.0,0.23809523809523808
D1,2a5bd21a-80cf-5bc0-a32c-c4562a2eaa86,7,0,0.0,0.23809523809523808
D1,ab59524e-40ca-55cd-a5b2-3fc1ee138691,11,0,0.0,0.23809523809523808
D1,b90de912-2ba2-5421-8a26-e7614a56b02e,9,1,0.1111111111111111,0.23809523809523808
D1,327a9cf8-d6ac-5d9e-b9e2-c385114acc55,9,1,0.1111111111111111,0.24
D1,43fbfb7f-d94f-5c59-85d8-6e49d6855340,9,9,1.0,0.25
D1,81298c97-c944-5a20-bf98-f7f32a06bac4,5,5,1.0,0.25
D1,ea890ed6-880a-5de9-88e6-aa6f82243641,4,0,0.0,0.25
D1,ecf8f784-1160-53fd-94ce-3b87fd20dc98,10,0,0.0,0.25
D1,a89d893b-7f88-5790-aaec-6529fd93f3bd,5,3,0.6,0.25806451612903225
D1,68ca2cdd-9aee-5c07-ba64-e9dcac8e6bbf,3,0,0.0,0.26
D1,edda25a6-4f56-5497-b031-87b5eaf7780a,10,0,0.0,0.2608695652173913
D1,913d4d09-1eb4-5925-b0c0-67c93cd09a87,6,0,0.0,0.2631578947368421
D1,7dc28a21-f3ac-51e1-95a3-fc6263479f27,10,0,0.0,0.2692307692307692
D1,f0371896-9b9c-562b-bed0-13eb21658199,10,0,0.0,0.2692307692307692
D1,59a25a3c-f402-5b42-bd57-53ab7d8744a6,2,0,0.0,0.2777777777777778
D1,b1b57c87-95a1-566a-aedf-75c70a487dfe,4,0,0.0,0.2777777777777778
D1,54a266ef-7ab3-58a5-a0ec-977820610584,7,0,0.0,0.27906976744186046
D1,ca5d1fc7-cbed-5091-8bab-44293d5c26af,6,0,0.0,0.28205128205128205
D1,461efcea-11ca-5f61-bc89-dbe295636c3b,10,0,0.0,0.2857142857142857
D1,87be8227-d856-523e-a009-eaff65e697db,3,0,0.0,0.2857142857142857
D1,87de156d-8376-5293-9f14-83e23faf2ccb,8,0,0.0,0.2857142857142857
D1,88ed2f06-605d-5ceb-82ec-9bab6af2747e,5,5,1.0,0.2857142857142857
D1,be3188f6-749d-5cf9-9890-c33681edc348,5,0,0.0,0.2857142857142857
D1,d32fdbc4-3751-530f-9486-234b68fbd662,6,0,0.0,0.2857142857142857
D1,e4ee3742-58e3-535e-aae6-c67765bb88ee,4,0,0.0,0.2857142857142857
D1,f57b99d1-ad6c-54b5-ae68-3e8525ff25d7,5,0,0.0,0.2903225806451613
D1,071b5fec-024f-5d85-a45d-a9ee35576a21,6,0,0.0,0.2916666666666667
D1,fe887893-a31f-547c-a114-849747fbc304,2,0,0.0,0.29411764705882354
D1,3f3f8b5d-500b-5a43-8378-c98b3b3b0a0b,9,0,0.0,0.3023255813953488
D1,ac1933dd-09a1-5c23-b92b-4284c8d4fed4,5,0,0.0,0.30303030303030304
D1,bfc26a93-f9fb-5cee-8904-ce0fb7ee48c7,7,0,0.0,0.30303030303030304
D1,738c771b-e410-5a16-bb27-f413a87b3a18,6,0,0.0,0.30434782608695654
D1,04a162c9-dee9-5020-a17b-3bf92a8957b5,6,0,0.0,0.30952380952380953
D1,de1868e8-4376-51ed-aaef-12dffa4383a9,8,0,0.0,0.3103448275862069
D1,5a919748-000b-53b1-bea1-9d1783c39583,7,0,0.0,0.3125
D1,80b962a6-3ee2-52ab-8152-151c8b3de19f,8,0,0.0,0.3157894736842105
D1,9dff634c-cd96-5f92-8141-7b404e56071f,5,0,0.0,0.3181818181818182
D1,cd6ef3d8-865f-53a8-9e00-71b91520be1b,6,0,0.0,0.3181818181818182
D1,fdddaa0f-a091-5dc3-bad7-1ad6abe4374c,6,0,0.0,0.3181818181818182
D1,326683ad-4448-5f1e-8230-9639c084a54a,8,8,1.0,0.3191489361702128
D1,4534d5f1-f314-5c1f-ac36-9156004219a2,6,0,0.0,0.32
D1,e1647349-3ac5-5fb8-b397-440312b03283,4,0,0.0,0.32
D1,f9509629-2ecf-5824-a0f5-1e11d2c3aed2,4,1,0.25,0.32142857142857145
D1,84961294-c4ad-5186-a577-13fda99fb83d,7,0,0.0,0.3225806451612903
D1,859d74ec-5790-5d22-9045-70be580962fd,6,0,0.0,0.3225806451612903
D1,5e49f815-6fc0-5d85-b301-374ea8bd15d4,6,1,0.16666666666666666,0.32432432432432434
D1,cfe81eb9-41ae-5783-8a96-8dba8e145d65,7,2,0.2857142857142857,0.325
D1,16e2a056-c821-50de-9b6c-8260fdd8b662,3,0,0.0,0.3333333333333333
D1,1c33d108-120f-5638-a43f-a53d38527915,5,0,0.0,0.3333333333333333
D1,279c4d10-73f2-59d7-9924-5ecdbd8dc5f7,1,0,0.0,0.3333333333333333
D1,4191b852-608d-5391-bdbf-da3af930cd75,6,0,0.0,0.3333333333333333
D1,6aa108c5-b059-54d6-aa5c-003f5b34d44c,11,0,0.0,0.3333333333333333
D1,6ae7d62f-849e-5536-8552-dead8447d036,8,0,0.0,0.3333333333333333
D1,970cede4-d744-5c8c-9a2c-6bd930548efe,8,1,0.125,0.3333333333333333
D1,9a4fc879-f045-52a9-9844-c35366f94837,7,0,0.0,0.3333333333333333
D1,6b925a0b-f6bc-522b-9be0-136b13e537a5,5,0,0.0,0.34285714285714286
D1,aaf58047-512d-5508-959c-87f8c7720340,4,0,0.0,0.34375
D1,689ed820-7304-5f87-b5f0-7556a41d8552,6,0,0.0,0.34615384615384615
D1,813260de-8e7a-53be-a2c4-a444624727d8,4,0,0.0,0.3488372093023256
D1,15763583-568c-5371-984f-8977c92443a8,7,0,0.0,0.35
D1,a42d230c-6b89-5ef3-8945-43a19709d44c,6,0,0.0,0.35
D1,43eb63e6-477e-5ab3-a4c8-9a0496d5fe1d,5,0,0.0,0.35135135135135137
D1,32172c61-fe50-5986-8ec8-9d4ec0d2ac06,6,0,0.0,0.3548387096774194
D1,4c4bbaf5-65e9-59ba-a38a-3346594c05b8,5,0,0.0,0.3548387096774194
D1,d33d4cec-ae3c-58b4-bdc1-7a17e64f7d24,6,3,0.5,0.3548387096774194
D1,95e5b92c-e0c8-5503-be98-d24838595b5e,5,0,0.0,0.35714285714285715
D1,89e679f4-eb52-52b1-be6e-dbd6535594b5,8,0,0.0,0.358974358974359
D1,d01a36f7-efa8-55b2-837e-df8766d99326,11,0,0.0,0.358974358974359
D1,fdaba926-bba8-57f2-945c-dc4e3f99667e,5,1,0.2,0.36
D1,ff13f544-0889-5628-a0b9-7b060bb65c3d,8,0,0.0,0.3611111111111111
D1,cd4bf3f3-2b67-5511-b623-36a063497d74,9,0,0.0,0.36363636363636365
D1,f71d6d66-4737-5111-a508-226d57c36d79,6,0,0.0,0.36363636363636365
D1,9937630e-81c8-5408-8c8d-40683f8b5539,7,0,0.0,0.36666666666666664
D1,018b06d9-3897-5e5e-9850-234692cf1262,7,0,0.0,0.3684210526315789
D1,2f700985-35b2-5dc3-a2f5-ca1d17aae857,9,0,0.0,0.3684210526315789
D1,5b80e5af-11bb-566c-b0f3-3ce4154f4396,2,0,0.0,0.3684210526315789
D1,175fa3cd-b188-551e-ad95-c7cb52ed1892,5,1,0.2,0.37037037037037035
D1,3b69f2d7-bb63-500f-af44-addc3c91524d,9,0,0.0,0.375
D1,ef2cbe0d-54f8-5984-81a9-7e96ec7468f5,5,0,0.0,0.375
D1,35334cc5-bf06-5e8c-bd1e-ef77c302cf2e,5,4,0.8,0.38095238095238093
D1,8f3a338c-f0e7-5472-b5a6-fe1ebf566717,10,0,0.0,0.38095238095238093
D1,a99f8fa3-333e-53eb-82b0-773364f8172b,4,0,0.0,0.3829787234042553
D1,392b5648-5852-5c81-a90c-c38faef62a41,5,0,0.0,0.38461538461538464
D1,7acafca9-9092-5615-a2f8-af8bed5d90cd,4,0,0.0,0.3888888888888889
D1,4ed1d0ee-f249-5e9b-8353-3e8350ab1326,4,0,0.0,0.39285714285714285
D1,6848f7f3-1392-5d87-92f5-8410c0e36904,6,6,1.0,0.39285714285714285
D1,f176e3fd-8fe7-5d92-84c1-fbde2128a6fd,7,0,0.0,0.39473684210526316
D1,21013861-fe81-5d30-91bb-08e8c772a68b,4,0,0.0,0.4
D1,729276de-152c-5511-91cf-48dba2974302,6,0,0.0,0.4
D1,88713d72-7d28-519a-b2f4-5bc0492ff691,6,0,0.0,0.4
D1,abd08d2e-b448-5393-a910-cc354e58ba34,2,2,1.0,0.4
D1,4846fe34-0de4-52fa-a5e1-0f24f9ea6c39,4,0,0.0,0.4090909090909091
D1,bdb20e4a-16bc-5e6c-b8e2-4ef1d9358612,4,0,0.0,0.41025641025641024
D1,0d0e6966-d732-53d6-8546-7241cc568a9e,6,0,0.0,0.41379310344827586
D1,1d3a6c30-dde1-536b-af6c-943a623b7933,4,0,0.0,0.41379310344827586
D1,4d61f0ab-3de2-5bb6-8acb-78be1c18b43d,8,0,0.0,0.41379310344827586
D1,caa8f772-be7a-55f9-9f00-1f39950ade46,3,0,0.0,0.41935483870967744
D1,2904fe88-574e-58b6-a2c7-5a49b2422e2c,12,0,0.0,0.42105263157894735
D1,e1fe09a1-7e1f-5f91-8aa3-891dc86b24d3,6,0,0.0,0.4230769230769231
D1,0a8f4aad-9ba9-5895-8e0f-8b2f793dac17,6,0,0.0,0.42424242424242425
D1,59d04bee-7ad4-54e7-844d-c12b60653362,6,0,0.0,0.425
D1,7447b6bd-ab62-5db0-9aba-4b7b387c2e11,4,0,0.0,0.425
D1,0fbd7bfd-f295-51b7-804c-83b9507eb14b,6,0,0.0,0.4375
D1,7ea11682-0d89-5d29-818b-f42169b4ec52,7,7,1.0,0.4375
D1,82394628-d692-564f-824d-95e2c3922740,4,0,0.0,0.4375
D1,f3124969-2854-55e9-83fe-8390156b4325,7,0,0.0,0.4444444444444444
D1,85dc08bf-2669-578e-9f50-d11328cc69e4,6,0,0.0,0.4473684210526316
D1,9562fc40-8be9-5772-a663-dc424458ce72,6,0,0.0,0.4473684210526316
D1,8bfd70dd-f3c3-5251-9dfc-18ea57a524d8,4,0,0.0,0.4482758620689655
D1,4094fe01-0e13-5b03-b50a-024041783359,3,0,0.0,0.45
D1,5907e7c0-3b86-567c-a7e8-7a8742555574,8,8,1.0,0.45
D1,89746cde-230e-543f-86e6-c92084c582b2,4,0,0.0,0.45
D1,b9043dd7-f426-5a4a-8037-3e0c4f9ca63b,4,0,0.0,0.45161290322580644
D1,ec398dbb-3ae2-5669-84b0-fe9c330c86a7,2,0,0.0,0.4523809523809524
D1,06b4a3fa-2331-5d22-aeb0-651815d72142,7,0,0.0,0.45454545454545453
D1,0ce69f65-b964-5df1-8918-7384033ad53b,6,0,0.0,0.4576271186440678
D1,c1d04016-61d5-5180-846a-a0daecbc0955,5,0,0.0,0.4583333333333333
D1,d3e71303-2d10-5848-bea7-a51460628dbb,7,0,0.0,0.4583333333333333
D1,b36ad21c-e6b7-5d5e-ba3f-106996bdd665,4,0,0.0,0.4594594594594595
D1,a0a399f4-464a-5a76-8c75-53a01bfff3de,3,0,0.0,0.4666666666666667
D1,788752de-f1c9-56e4-9aa3-fe198780a21f,8,0,0.0,0.47058823529411764
D1,9b31d8cd-040e-5abc-88aa-8d2ff98f4c80,7,0,0.0,0.47058823529411764
D1,c49be51b-3daa-52d3-a655-6361986067f0,8,0,0.0,0.47058823529411764
D1,52bd1f89-5630-5d43-b093-23d1b2466994,5,0,0.0,0.47619047619047616
D1,78cb24eb-b7b1-553a-b8e3-4170833c2933,4,0,0.0,0.48
D1,24361112-28f5-5a5a-b35c-80a6e5f107c7,7,0,0.0,0.5
D1,97592568-4eb5-5cea-ac0d-e27e1999cff2,5,0,0.0,0.5
D1,add8d089-0f4b-5da2-9941-fe8e87a801fc,4,0,0.0,0.5
D1,c04d7243-8e99-57a9-9ecf-81dd7928da43,2,0,0.0,0.5
D1,e17d926d-e05d-5592-9dd7-3428db464fc6,8,0,0.0,0.5
D1,87f0f763-b8db-5372-8bfa-431a61f5ddbd,7,0,0.0,0.5121951219512195
D1,a210399a-9049-53e5-9b2a-27725666160a,7,0,0.0,0.5172413793103449
D1,e7ce6d52-7590-5582-9ef8-a9e0ce374822,2,0,0.0,0.52
D1,3965070b-7d88-53be-84f2-98a18828203c,4,0,0.0,0.5217391304347826
D1,74282801-ec6d-522d-8bf4-8def1fb3bd8f,3,1,0.3333333333333333,0.5238095238095238
D1,3edf2945-b71d-516a-ac40-0ddefe2048d3,7,1,0.14285714285714285,0.5263157894736842
D1,c724c608-390a-5968-9625-8c8798c3f4c9,7,0,0.0,0.5294117647058824
D1,d408d4d4-63ad-537d-9a37-af52a8b96100,4,0,0.0,0.5294117647058824
D1,fe3e722b-3e7c-5487-a892-0b0510f86ebb,8,0,0.0,0.5294117647058824
D1,b8f4b4b8-2cef-58ce-8026-aef2c791254c,9,7,0.7777777777777778,0.5333333333333333
D1,4ae00380-73cc-5956-a4d4-c1c4e3bc7926,4,0,0.0,0.5384615384615384
D1,dc83d845-fd27-5e74-b3b2-e3f97d3aab2f,7,0,0.0,0.5483870967741935
D1,52686dbc-fcc3-50ca-b32a-1447ff73bb95,2,0,0.0,0.5555555555555556
D1,fa94c584-5dda-5200-b12a-2cf1a588b664,3,0,0.0,0.5555555555555556
D1,89ef44fd-6738-5db6-b0d4-115489621540,10,0,0.0,0.5625
D1,60527908-b7d3-56cf-91ef-5c4912e7eec5,5,0,0.0,0.5714285714285714
D1,7603296e-9046-5fc7-a9ae-1792473ca4b4,6,0,0.0,0.5714285714285714
D1,9496739e-a472-52e5-9e0a-004aa8dbaca7,5,0,0.0,0.5714285714285714
D1,efd3ade1-c3ba-5169-ae10-23fefbfa339b,6,0,0.0,0.5714285714285714
D1,1369b891-ee51-556e-b5e5-baa409eaf696,4,0,0.0,0.5789473684210527
D1,e73727ac-11e6-522b-a88b-0ab3bf67d8d8,7,0,0.0,0.5833333333333334
D1,a6cda4af-4c25-5012-a43b-a7c285a7da94,9,0,0.0,0.5909090909090909
D1,51a96064-f693-5b7e-a709-5f89530c83b9,8,0,0.0,0.6
D1,d46b975c-b540-5407-becd-13a1972d232b,5,0,0.0,0.6470588235294118
D1,f5ab9d68-009f-573d-99d6-b01ea195fe44,8,0,0.0,0.6666666666666666
D1,c3adcf04-eeb9-5805-a76b-f6987ffa7fbc,7,0,0.0,0.7222222222222222
D1,5556b448-0c79-55b4-87f9-099be0634131,8,2,0.25,0.8333333333333334
D2,88596340-0709-5dcb-9fb8-bd7b6d17e66e,4,0,0.0,0.037037037037037035
D2,31982fc1-8e84-5084-bd03-1ee0bb0fa8df,8,0,0.0,0.0425531914893617
D2,fe08ab08-8fca-5826-b69f-bee7f9ddeaff,5,0,0.0,0.09375
D2,ccead8ff-12d3-56c5-b8ae-863746fc0061,2,0,0.0,0.10714285714285714
D2,2e59bd8c-3fd6-5f15-aa02-2df06f089a23,4,0,0.0,0.11764705882352941
D2,824c1a61-0bf0-5d54-af97-32c33bebc4ef,5,0,0.0,0.125
D2,4c7cc155-210a-5f34-94de-c22a3810ec8f,10,3,0.3,0.1282051282051282
D2,0684f9b1-536e-575b-923f-a7b76569b7e8,6,0,0.0,0.13043478260869565
D2,15d49bcd-586b-5ee1-863e-cce42a435628,6,0,0.0,0.1388888888888889
D2,2dcda735-4ae8-56d3-aee0-7957af80a277,7,0,0.0,0.14545454545454545
D2,326a4f2f-1e3c-5900-b035-604120bf68ce,5,0,0.0,0.15151515151515152
D2,7864ce37-8130-59f5-afc0-37268eaef60f,7,0,0.0,0.15384615384615385
D2,78ef9e77-6ad7-525c-b1b5-d388b219c9b3,8,0,0.0,0.16666666666666666
D2,66a248ff-4a7e-5002-936e-23483dba95e0,5,0,0.0,0.17391304347826086
D2,4354f30e-28ba-5798-8ed3-d32a530798e2,6,0,0.0,0.17647058823529413
D2,35e804fd-c648-5b93-8c42-5f6d8aa8ee6c,9,0,0.0,0.17857142857142858
D2,37317cbe-52c7-5510-a38d-8bee245104e5,9,0,0.0,0.17857142857142858
D2,fc8ba5cf-d122-5cf3-8ca3-660b93c2667f,6,0,0.0,0.17857142857142858
D2,1ea6d560-2584-53cd-90d3-02f40deac79d,5,0,0.0,0.1794871794871795
D2,e73849ec-4a87-5d56-b8ce-7dd2cddcdaf5,5,0,0.0,0.18518518518518517
D2,c5fa9c5c-0a99-59e6-a558-8719d5630a3c,5,0,0.0,0.1875
D2,e1874058-ce89-5931-afb7-b15ac2e00ac8,6,1,0.16666666666666666,0.19047619047619047
D2,706cad3a-8b3b-5cb5-9a5d-946583a3ede1,5,0,0.0,0.1935483870967742
D2,5138b897-915c-5cbc-86da-e064f6f3199f,7,0,0.0,0.2
D2,ce5d3153-97de-5303-b957-e91894eaba18,3,0,0.0,0.2037037037037037
D2,08a11685-da13-5a0d-adae-e4bb38b1b26a,6,0,0.0,0.20512820512820512
D2,225be388-1334-5d2e-a914-b06a6781d4a1,4,0,0.0,0.20833333333333334
D2,640b37c2-5b9a-5009-9bd6-87de6680c839,8,0,0.0,0.21212121212121213
D2,2fa54e91-e992-5caf-88ac-fa741a5b2921,6,0,0.0,0.21739130434782608
D2,db6fd208-81ac-5777-af3c-7ed177e96620,7,3,0.42857142857142855,0.21739130434782608
D2,331e1019-270d-598b-9fb1-9d3a22d9e241,5,0,0.0,0.2222222222222222
D2,3f773d86-bf82-5c1a-96ef-06e5f9ab3041,10,0,0.0,0.2222222222222222
D2,3a202f76-0fb3-581e-b796-1716a81f8156,7,0,0.0,0.22580645161290322
D2,22aeedc8-0a30-50f4-8b94-2f691508f9da,9,0,0.0,0.22727272727272727
D2,3f6c7101-c145-5402-9023-284ae61346f2,4,0,0.0,0.22727272727272727
D2,2708e367-47ae-5f6f-97ac-736b05d4aff2,6,0,0.0,0.23809523809523808
D2,2a5bd21a-80cf-5bc0-a32c-c4562a2eaa86,7,0,0.0,0.23809523809523808
D2,ab59524e-40ca-55cd-a5b2-3fc1ee138691,11,0,0.0,0.23809523809523808
D2,b90de912-2ba2-5421-8a26-e7614a56b02e,9,0,0.0,0.23809523809523808
D2,327a9cf8-d6ac-5d9e-b9e2-c385114acc55,9,0,0.0,0.24
D2,43fbfb7f-d94f-5c59-85d8-6e49d6855340,9,9,1.0,0.25
D2,81298c97-c944-5a20-bf98-f7f32a06bac4,5,3,0.6,0.25
D2,ea890ed6-880a-5de9-88e6-aa6f82243641,4,0,0.0,0.25
D2,ecf8f784-1160-53fd-94ce-3b87fd20dc98,10,0,0.0,0.25
D2,a89d893b-7f88-5790-aaec-6529fd93f3bd,5,0,0.0,0.25806451612903225
D2,68ca2cdd-9aee-5c07-ba64-e9dcac8e6bbf,3,0,0.0,0.26
D2,edda25a6-4f56-5497-b031-87b5eaf7780a,10,0,0.0,0.2608695652173913
D2,913d4d09-1eb4-5925-b0c0-67c93cd09a87,6,0,0.0,0.2631578947368421
D2,7dc28a21-f3ac-51e1-95a3-fc6263479f27,10,0,0.0,0.2692307692307692
D2,f0371896-9b9c-562b-bed0-13eb21658199,10,0,0.0,0.2692307692307692
D2,59a25a3c-f402-5b42-bd57-53ab7d8744a6,2,0,0.0,0.2777777777777778
D2,b1b57c87-95a1-566a-aedf-75c70a487dfe,4,0,0.0,0.2777777777777778
D2,54a266ef-7ab3-58a5-a0ec-977820610584,7,0,0.0,0.27906976744186046
D2,ca5d1fc7-cbed-5091-8bab-44293d5c26af,6,0,0.0,0.28205128205128205
D2,461efcea-11ca-5f61-bc89-dbe295636c3b,10,0,0.0,0.2857142857142857
D2,87be8227-d856-523e-a009-eaff65e697db,3,0,0.0,0.2857142857142857
D2,87de156d-8376-5293-9f14-83e23faf2ccb,8,0,0.0,0.2857142857142857
D2,88ed2f06-605d-5ceb-82ec-9bab6af2747e,5,2,0.4,0.2857142857142857
D2,be3188f6-749d-5cf9-9890-c33681edc348,5,3,0.6,0.2857142857142857
D2,d32fdbc4-3751-530f-9486-234b68fbd662,6,0,0.0,0.2857142857142857
D2,e4ee3742-58e3-535e-aae6-c67765bb88ee,4,0,0.0,0.2857142857142857
D2,f57b99d1-ad6c-54b5-ae68-3e8525ff25d7,5,0,0.0,0.2903225806451613
D2,071b5fec-024f-5d85-a45d-a9ee35576a21,6,0,0.0,0.2916666666666667
D2,fe887893-a31f-547c-a114-849747fbc304,2,0,0.0,0.29411764705882354
D2,3f3f8b5d-500b-5a43-8378-c98b3b3b0a0b,9,0,0.0,0.3023255813953488
D2,ac1933dd-09a1-5c23-b92b-4284c8d4fed4,5,0,0.0,0.30303030303030304
D2,bfc26a93-f9fb-5cee-8904-ce0fb7ee48c7,7,0,0.0,0.30303030303030304
D2,738c771b-e410-5a16-bb27-f413a87b3a18,6,0,0.0,0.30434782608695654
D2,04a162c9-dee9-5020-a17b-3bf92a8957b5,6,0,0.0,0.30952380952380953
D2,de1868e8-4376-51ed-aaef-12dffa4383a9,8,0,0.0,0.3103448275862069
D2,5a919748-000b-53b1-bea1-9d1783c39583,7,0,0.0,0.3125
D2,80b962a6-3ee2-52ab-8152-151c8b3de19f,8,0,0.0,0.3157894736842105
D2,9dff634c-cd96-5f92-8141-7b404e56071f,5,0,0.0,0.3181818181818182
D2,cd6ef3d8-865f-53a8-9e00-71b91520be1b,6,0,0.0,0.3181818181818182
D2,fdddaa0f-a091-5dc3-bad7-1ad6abe4374c,6,0,0.0,0.3181818181818182
D2,326683ad-4448-5f1e-8230-9639c084a54a,8,0,0.0,0.3191489361702128
D2,4534d5f1-f314-5c1f-ac36-9156004219a2,6,0,0.0,0.32
D2,e1647349-3ac5-5fb8-b397-440312b03283,4,0,0.0,0.32
D2,f9509629-2ecf-5824-a0f5-1e11d2c3aed2,4,0,0.0,0.32142857142857145
D2,84961294-c4ad-5186-a577-13fda99fb83d,7,0,0.0,0.3225806451612903
D2,859d74ec-5790-5d22-9045-70be580962fd,6,0,0.0,0.3225806451612903
D2,5e49f815-6fc0-5d85-b301-374ea8bd15d4,6,0,0.0,0.32432432432432434
D2,cfe81eb9-41ae-5783-8a96-8dba8e145d65,7,0,0.0,0.325
D2,16e2a056-c821-50de-9b6c-8260fdd8b662,3,0,0.0,0.3333333333333333
D2,1c33d108-120f-5638-a43f-a53d38527915,5,0,0.0,0.3333333333333333
D2,279c4d10-73f2-59d7-9924-5ecdbd8dc5f7,1,0,0.0,0.3333333333333333
D2,4191b852-608d-5391-bdbf-da3af930cd75,6,0,0.0,0.3333333333333333
D2,6aa108c5-b059-54d6-aa5c-003f5b34d44c,11,0,0.0,0.3333333333333333
D2,6ae7d62f-849e-5536-8552-dead8447d036,8,0,0.0,0.3333333333333333
D2,970cede4-d744-5c8c-9a2c-6bd930548efe,8,0,0.0,0.3333333333333333
D2,9a4fc879-f045-52a9-9844-c35366f94837,7,0,0.0,0.3333333333333333
D2,6b925a0b-f6bc-522b-9be0-136b13e537a5,5,0,0.0,0.34285714285714286
D2,aaf58047-512d-5508-959c-87f8c7720340,4,0,0.0,0.34375
D2,689ed820-7304-5f87-b5f0-7556a41d8552,6,0,0.0,0.34615384615384615
D2,813260de-8e7a-53be-a2c4-a444624727d8,4,0,0.0,0.3488372093023256
D2,15763583-568c-5371-984f-8977c92443a8,7,0,0.0,0.35
D2,a42d230c-6b89-5ef3-8945-43a19709d44c,6,0,0.0,0.35
D2,43eb63e6-477e-5ab3-a4c8-9a0496d5fe1d,5,0,0.0,0.35135135135135137
D2,32172c61-fe50-5986-8ec8-9d4ec0d2ac06,6,0,0.0,0.3548387096774194
D2,4c4bbaf5-65e9-59ba-a38a-3346594c05b8,5,0,0.0,0.3548387096774194
D2,d33d4cec-ae3c-58b4-bdc1-7a17e64f7d24,6,0,0.0,0.3548387096774194
D2,95e5b92c-e0c8-5503-be98-d24838595b5e,5,0,0.0,0.35714285714285715
D2,89e679f4-eb52-52b1-be6e-dbd6535594b5,8,0,0.0,0.358974358974359
D2,d01a36f7-efa8-55b2-837e-df8766d99326,11,0,0.0,0.358974358974359
D2,fdaba926-bba8-57f2-945c-dc4e3f99667e,5,0,0.0,0.36
D2,ff13f544-0889-5628-a0b9-7b060bb65c3d,8,0,0.0,0.3611111111111111
D2,cd4bf3f3-2b67-5511-b623-36a063497d74,9,0,0.0,0.36363636363636365
D2,f71d6d66-4737-5111-a508-226d57c36d79,6,0,0.0,0.36363636363636365
D2,9937630e-81c8-5408-8c8d-40683f8b5539,7,0,0.0,0.36666666666666664
D2,018b06d9-3897-5e5e-9850-234692cf1262,7,0,0.0,0.3684210526315789
D2,2f700985-35b2-5dc3-a2f5-ca1d17aae857,9,0,0.0,0.3684210526315789
D2,5b80e5af-11bb-566c-b0f3-3ce4154f4396,2,0,0.0,0.3684210526315789
D2,175fa3cd-b188-551e-ad95-c7cb52ed1892,5,1,0.2,0.37037037037037035
D2,3b69f2d7-bb63-500f-af44-addc3c91524d,9,0,0.0,0.375
D2,ef2cbe0d-54f8-5984-81a9-7e96ec7468f5,5,0,0.0,0.375
D2,35334cc5-bf06-5e8c-bd1e-ef77c302cf2e,5,1,0.2,0.38095238095238093
D2,8f3a338c-f0e7-5472-b5a6-fe1ebf566717,10,0,0.0,0.38095238095238093
D2,a99f8fa3-333e-53eb-82b0-773364f8172b,4,0,0.0,0.3829787234042553
D2,392b5648-5852-5c81-a90c-c38faef62a41,5,0,0.0,0.38461538461538464
D2,7acafca9-9092-5615-a2f8-af8bed5d90cd,4,0,0.0,0.3888888888888889
D2,4ed1d0ee-f249-5e9b-8353-3e8350ab1326,4,0,0.0,0.39285714285714285
D2,6848f7f3-1392-5d87-92f5-8410c0e36904,6,4,0.6666666666666666,0.39285714285714285
D2,f176e3fd-8fe7-5d92-84c1-fbde2128a6fd,7,0,0.0,0.39473684210526316
D2,21013861-fe81-5d30-91bb-08e8c772a68b,4,0,0.0,0.4
D2,729276de-152c-5511-91cf-48dba2974302,6,0,0.0,0.4
D2,88713d72-7d28-519a-b2f4-5bc0492ff691,6,0,0.0,0.4
D2,abd08d2e-b448-5393-a910-cc354e58ba34,2,1,0.5,0.4
D2,4846fe34-0de4-52fa-a5e1-0f24f9ea6c39,4,0,0.0,0.4090909090909091
D2,bdb20e4a-16bc-5e6c-b8e2-4ef1d9358612,4,0,0.0,0.41025641025641024
D2,0d0e6966-d732-53d6-8546-7241cc568a9e,6,0,0.0,0.41379310344827586
D2,1d3a6c30-dde1-536b-af6c-943a623b7933,4,0,0.0,0.41379310344827586
D2,4d61f0ab-3de2-5bb6-8acb-78be1c18b43d,8,0,0.0,0.41379310344827586
D2,caa8f772-be7a-55f9-9f00-1f39950ade46,3,0,0.0,0.41935483870967744
D2,2904fe88-574e-58b6-a2c7-5a49b2422e2c,12,0,0.0,0.42105263157894735
D2,e1fe09a1-7e1f-5f91-8aa3-891dc86b24d3,6,0,0.0,0.4230769230769231
D2,0a8f4aad-9ba9-5895-8e0f-8b2f793dac17,6,0,0.0,0.42424242424242425
D2,59d04bee-7ad4-54e7-844d-c12b60653362,6,0,0.0,0.425
D2,7447b6bd-ab62-5db0-9aba-4b7b387c2e11,4,0,0.0,0.425
D2,0fbd7bfd-f295-51b7-804c-83b9507eb14b,6,0,0.0,0.4375
D2,7ea11682-0d89-5d29-818b-f42169b4ec52,7,7,1.0,0.4375
D2,82394628-d692-564f-824d-95e2c3922740,4,0,0.0,0.4375
D2,f3124969-2854-55e9-83fe-8390156b4325,7,0,0.0,0.4444444444444444
D2,85dc08bf-2669-578e-9f50-d11328cc69e4,6,0,0.0,0.4473684210526316
D2,9562fc40-8be9-5772-a663-dc424458ce72,6,0,0.0,0.4473684210526316
D2,8bfd70dd-f3c3-5251-9dfc-18ea57a524d8,4,0,0.0,0.4482758620689655
D2,4094fe01-0e13-5b03-b50a-024041783359,3,0,0.0,0.45
D2,5907e7c0-3b86-567c-a7e8-7a8742555574,8,8,1.0,0.45
D2,89746cde-230e-543f-86e6-c92084c582b2,4,0,0.0,0.45
D2,b9043dd7-f426-5a4a-8037-3e0c4f9ca63b,4,0,0.0,0.45161290322580644
D2,ec398dbb-3ae2-5669-84b0-fe9c330c86a7,2,0,0.0,0.4523809523809524
D2,06b4a3fa-2331-5d22-aeb0-651815d72142,7,0,0.0,0.45454545454545453
D2,0ce69f65-b964-5df1-8918-7384033ad53b,6,0,0.0,0.4576271186440678
D2,c1d04016-61d5-5180-846a-a0daecbc0955,5,0,0.0,0.4583333333333333
D2,d3e71303-2d10-5848-bea7-a51460628dbb,7,0,0.0,0.4583333333333333
D2,b36ad21c-e6b7-5d5e-ba3f-106996bdd665,4,0,0.0,0.4594594594594595
D2,a0a399f4-464a-5a76-8c75-53a01bfff3de,3,0,0.0,0.4666666666666667
D2,788752de-f1c9-56e4-9aa3-fe198780a21f,8,0,0.0,0.47058823529411764
D2,9b31d8cd-040e-5abc-88aa-8d2ff98f4c80,7,0,0.0,0.47058823529411764
D2,c49be51b-3daa-52d3-a655-6361986067f0,8,0,0.0,0.47058823529411764
D2,52bd1f89-5630-5d43-b093-23d1b2466994,5,0,0.0,0.47619047619047616
D2,78cb24eb-b7b1-553a-b8e3-4170833c2933,4,0,0.0,0.48
D2,24361112-28f5-5a5a-b35c-80a6e5f107c7,7,0,0.0,0.5
D2,97592568-4eb5-5cea-ac0d-e27e1999cff2,5,0,0.0,0.5
D2,add8d089-0f4b-5da2-9941-fe8e87a801fc,4,0,0.0,0.5
D2,c04d7243-8e99-57a9-9ecf-81dd7928da43,2,0,0.0,0.5
D2,e17d926d-e05d-5592-9dd7-3428db464fc6,8,0,0.0,0.5
D2,87f0f763-b8db-5372-8bfa-431a61f5ddbd,7,0,0.0,0.5121951219512195
D2,a210399a-9049-53e5-9b2a-27725666160a,7,0,0.0,0.5172413793103449
D2,e7ce6d52-7590-5582-9ef8-a9e0ce374822,2,0,0.0,0.52
D2,3965070b-7d88-53be-84f2-98a18828203c,4,0,0.0,0.5217391304347826
D2,74282801-ec6d-522d-8bf4-8def1fb3bd8f,3,1,0.3333333333333333,0.5238095238095238
D2,3edf2945-b71d-516a-ac40-0ddefe2048d3,7,0,0.0,0.5263157894736842
D2,c724c608-390a-5968-9625-8c8798c3f4c9,7,0,0.0,0.5294117647058824
D2,d408d4d4-63ad-537d-9a37-af52a8b96100,4,0,0.0,0.5294117647058824
D2,fe3e722b-3e7c-5487-a892-0b0510f86ebb,8,2,0.25,0.5294117647058824
D2,b8f4b4b8-2cef-58ce-8026-aef2c791254c,9,8,0.8888888888888888,0.5333333333333333
D2,4ae00380-73cc-5956-a4d4-c1c4e3bc7926,4,0,0.0,0.5384615384615384
D2,dc83d845-fd27-5e74-b3b2-e3f97d3aab2f,7,0,0.0,0.5483870967741935
D2,52686dbc-fcc3-50ca-b32a-1447ff73bb95,2,0,0.0,0.5555555555555556
D2,fa94c584-5dda-5200-b12a-2cf1a588b664,3,0,0.0,0.5555555555555556
D2,89ef44fd-6738-5db6-b0d4-115489621540,10,0,0.0,0.5625
D2,60527908-b7d3-56cf-91ef-5c4912e7eec5,5,0,0.0,0.5714285714285714
D2,7603296e-9046-5fc7-a9ae-1792473ca4b4,6,0,0.0,0.5714285714285714
D2,9496739e-a472-52e5-9e0a-004aa8dbaca7,5,0,0.0,0.5714285714285714
D2,efd3ade1-c3ba-5169-ae10-23fefbfa339b,6,0,0.0,0.5714285714285714
D2,1369b891-ee51-556e-b5e5-baa409eaf696,4,0,0.0,0.5789473684210527
D2,e73727ac-11e6-522b-a88b-0ab3bf67d8d8,7,0,0.0,0.5833333333333334
D2,a6cda4af-4c25-5012-a43b-a7c285a7da94,9,0,0.0,0.5909090909090909
D2,51a96064-f693-5b7e-a709-5f89530c83b9,8,0,0.0,0.6
D2,d46b975c-b540-5407-becd-13a1972d232b,5,0,0.0,0.6470588235294118
D2,f5ab9d68-009f-573d-99d6-b01ea195fe44,8,0,0.0,0.6666666666666666
D2,c3adcf04-eeb9-5805-a76b-f6987ffa7fbc,7,0,0.0,0.7222222222222222
D2,5556b448-0c79-55b4-87f9-099be0634131,8,0,0.0,0.8333333333333334
