detector,metric,mean,sd
D0,miss,0.3768635724331927,0.03907980695774356
D0,fpr,0.5871026576341846,0.0411637372244228
D0,macro_f1,0.4596214619482842,0.02083242014848533
D1,miss,0.29521800281293953,0.02713757799882062
D1,fpr,0.49267847837415324,0.037639303893990304
D1,macro_f1,0.545746794336326,0.01831433072455011
D2,miss,0.18628691983122364,0.032715088282795166
D2,fpr,0.7903595622720166,0.023857891556203662
D2,macro_f1,0.3697585947962625,0.016045990421410826
anchor_real_trained,miss,0.042735042735042736,0.0
anchor_real_trained,fpr,0.1558139534883721,0.0
anchor_real_trained,macro_f1,0.8332655964234912,0.0
