encoder,variant,config,metric,split,value
tfidf,raw,content+url,F1,0,0.8787878787878788
tfidf,raw,content+url,F1,1,0.8253968253968254
tfidf,raw,content+url,F1,2,0.9032258064516129
tfidf,raw,content+url,F1,3,0.90625
tfidf,raw,content+url,F1,4,0.8976377952755905
tfidf,raw,content+url,F1,5,0.8721804511278195
tfidf,raw,content+url,F1,6,0.9291338582677166
tfidf,raw,content+url,F1,7,0.9032258064516129
tfidf,raw,content+url,F1,8,0.890625
tfidf,raw,content+url,F1,9,0.9105691056910569
tfidf,raw,content+url,F1,10,0.8461538461538461
tfidf,raw,content+url,F1,11,0.8529411764705882
tfidf,raw,content+url,F1,12,0.896
tfidf,raw,content+url,F1,13,0.8780487804878049
tfidf,raw,content+url,F1,14,0.9457364341085271
tfidf,raw,content+url,F1,15,0.8833333333333333
tfidf,raw,content+url,F1,16,0.912
tfidf,raw,content+url,F1,17,0.8682170542635659
tfidf,raw,content+url,F1,18,0.9047619047619048
tfidf,raw,content+url,F1,19,0.9375
tfidf,raw,content+url,FPR,0,0.15873015873015872
tfidf,raw,content+url,FPR,1,0.20967741935483872
tfidf,raw,content+url,FPR,2,0.09523809523809523
tfidf,raw,content+url,FPR,3,0.07936507936507936
tfidf,raw,content+url,FPR,4,0.12698412698412698
tfidf,raw,content+url,FPR,5,0.1774193548387097
tfidf,raw,content+url,FPR,6,0.07936507936507936
tfidf,raw,content+url,FPR,7,0.08064516129032258
tfidf,raw,content+url,FPR,8,0.12903225806451613
tfidf,raw,content+url,FPR,9,0.07936507936507936
tfidf,raw,content+url,FPR,10,0.27419354838709675
tfidf,raw,content+url,FPR,11,0.1935483870967742
tfidf,raw,content+url,FPR,12,0.11290322580645161
tfidf,raw,content+url,FPR,13,0.1111111111111111
tfidf,raw,content+url,FPR,14,0.04838709677419355
tfidf,raw,content+url,FPR,15,0.1111111111111111
tfidf,raw,content+url,FPR,16,0.08064516129032258
tfidf,raw,content+url,FPR,17,0.20967741935483872
tfidf,raw,content+url,FPR,18,0.09523809523809523
tfidf,raw,content+url,FPR,19,0.03225806451612903
tfidf,std,content+url,F1,0,0.8787878787878788
tfidf,std,content+url,F1,1,0.8412698412698413
tfidf,std,content+url,F1,2,0.912
tfidf,std,content+url,F1,3,0.9047619047619048
tfidf,std,content+url,F1,4,0.8976377952755905
tfidf,std,content+url,F1,5,0.8787878787878788
tfidf,std,content+url,F1,6,0.9291338582677166
tfidf,std,content+url,F1,7,0.9032258064516129
tfidf,std,content+url,F1,8,0.896
tfidf,std,content+url,F1,9,0.9032258064516129
tfidf,std,content+url,F1,10,0.8372093023255814
tfidf,std,content+url,F1,11,0.8656716417910447
tfidf,std,content+url,F1,12,0.9105691056910569
tfidf,std,content+url,F1,13,0.8780487804878049
tfidf,std,content+url,F1,14,0.9375
tfidf,std,content+url,F1,15,0.8739495798319328
tfidf,std,content+url,F1,16,0.8943089430894309
tfidf,std,content+url,F1,17,0.875
tfidf,std,content+url,F1,18,0.9047619047619048
tfidf,std,content+url,F1,19,0.9448818897637795
tfidf,std,content+url,FPR,0,0.14285714285714285
tfidf,std,content+url,FPR,1,0.1935483870967742
tfidf,std,content+url,FPR,2,0.09523809523809523
tfidf,std,content+url,FPR,3,0.09523809523809523
tfidf,std,content+url,FPR,4,0.1111111111111111
tfidf,std,content+url,FPR,5,0.1774193548387097
tfidf,std,content+url,FPR,6,0.07936507936507936
tfidf,std,content+url,FPR,7,0.08064516129032258
tfidf,std,content+url,FPR,8,0.0967741935483871
tfidf,std,content+url,FPR,9,0.07936507936507936
tfidf,std,content+url,FPR,10,0.1935483870967742
tfidf,std,content+url,FPR,11,0.1935483870967742
tfidf,std,content+url,FPR,12,0.08064516129032258
tfidf,std,content+url,FPR,13,0.1111111111111111
tfidf,std,content+url,FPR,14,0.04838709677419355
tfidf,std,content+url,FPR,15,0.09523809523809523
tfidf,std,content+url,FPR,16,0.08064516129032258
tfidf,std,content+url,FPR,17,0.1774193548387097
tfidf,std,content+url,FPR,18,0.07936507936507936
tfidf,std,content+url,FPR,19,0.03225806451612903
tfidf,late,content+url,F1,0,0.8769230769230769
tfidf,late,content+url,F1,1,0.90625
tfidf,late,content+url,F1,2,0.944
tfidf,late,content+url,F1,3,0.943089430894309
tfidf,late,content+url,F1,4,0.926829268292683
tfidf,late,content+url,F1,5,0.9007633587786259
tfidf,late,content+url,F1,6,0.9133858267716536
tfidf,late,content+url,F1,7,0.928
tfidf,late,content+url,F1,8,0.8976377952755905
tfidf,late,content+url,F1,9,0.9354838709677419
tfidf,late,content+url,F1,10,0.8527131782945736
tfidf,late,content+url,F1,11,0.8633093525179856
tfidf,late,content+url,F1,12,0.9206349206349206
tfidf,late,content+url,F1,13,0.9206349206349206
tfidf,late,content+url,F1,14,0.9523809523809523
tfidf,late,content+url,F1,15,0.9180327868852459
tfidf,late,content+url,F1,16,0.9206349206349206
tfidf,late,content+url,F1,17,0.9076923076923077
tfidf,late,content+url,F1,18,0.9365079365079365
tfidf,late,content+url,F1,19,0.944
tfidf,late,content+url,FPR,0,0.12698412698412698
tfidf,late,content+url,FPR,1,0.11290322580645161
tfidf,late,content+url,FPR,2,0.06349206349206349
tfidf,late,content+url,FPR,3,0.031746031746031744
tfidf,late,content+url,FPR,4,0.047619047619047616
tfidf,late,content+url,FPR,5,0.12903225806451613
tfidf,late,content+url,FPR,6,0.09523809523809523
tfidf,late,content+url,FPR,7,0.06451612903225806
tfidf,late,content+url,FPR,8,0.0967741935483871
tfidf,late,content+url,FPR,9,0.06349206349206349
tfidf,late,content+url,FPR,10,0.20967741935483872
tfidf,late,content+url,FPR,11,0.1774193548387097
tfidf,late,content+url,FPR,12,0.08064516129032258
tfidf,late,content+url,FPR,13,0.09523809523809523
tfidf,late,content+url,FPR,14,0.016129032258064516
tfidf,late,content+url,FPR,15,0.06349206349206349
tfidf,late,content+url,FPR,16,0.08064516129032258
tfidf,late,content+url,FPR,17,0.12903225806451613
tfidf,late,content+url,FPR,18,0.031746031746031744
tfidf,late,content+url,FPR,19,0.016129032258064516
tfidf,raw,content,F1,0,0.8571428571428571
tfidf,raw,content,F1,1,0.8854961832061069
tfidf,raw,content,F1,2,0.855072463768116
tfidf,raw,content,F1,3,0.9133858267716536
tfidf,raw,content,F1,4,0.896
tfidf,raw,content,F1,5,0.8695652173913043
tfidf,raw,content,F1,6,0.8702290076335878
tfidf,raw,content,F1,7,0.8888888888888888
tfidf,raw,content,F1,8,0.8702290076335878
tfidf,raw,content,F1,9,0.9076923076923077
tfidf,raw,content,F1,10,0.8888888888888888
tfidf,raw,content,F1,11,0.8472222222222222
tfidf,raw,content,F1,12,0.916030534351145
tfidf,raw,content,F1,13,0.9022556390977443
tfidf,raw,content,F1,14,0.9312977099236641
tfidf,raw,content,F1,15,0.9090909090909091
tfidf,raw,content,F1,16,0.890625
tfidf,raw,content,F1,17,0.8656716417910447
tfidf,raw,content,F1,18,0.9375
tfidf,raw,content,F1,19,0.912
xlm-r,raw,content+url,F1,0,0.8823529411764706
xlm-r,raw,content+url,F1,1,0.8870967741935484
xlm-r,raw,content+url,F1,2,0.9133858267716536
xlm-r,raw,content+url,F1,3,0.9291338582677166
xlm-r,raw,content+url,F1,4,0.9016393442622951
xlm-r,raw,content+url,F1,5,0.8759124087591241
xlm-r,raw,content+url,F1,6,0.9354838709677419
xlm-r,raw,content+url,F1,7,0.9193548387096774
xlm-r,raw,content+url,F1,8,0.9133858267716536
xlm-r,raw,content+url,F1,9,0.9090909090909091
xlm-r,raw,content+url,F1,10,0.8661417322834646
xlm-r,raw,content+url,F1,11,0.8740740740740741
xlm-r,raw,content+url,F1,12,0.9291338582677166
xlm-r,raw,content+url,F1,13,0.9047619047619048
xlm-r,raw,content+url,F1,14,0.9291338582677166
xlm-r,raw,content+url,F1,15,0.8983050847457628
xlm-r,raw,content+url,F1,16,0.9166666666666666
xlm-r,raw,content+url,F1,17,0.9206349206349206
xlm-r,raw,content+url,F1,18,0.9291338582677166
xlm-r,raw,content+url,F1,19,0.9516129032258065
xlm-r,raw,content+url,FPR,0,0.14285714285714285
xlm-r,raw,content+url,FPR,1,0.0967741935483871
xlm-r,raw,content+url,FPR,2,0.06349206349206349
xlm-r,raw,content+url,FPR,3,0.07936507936507936
xlm-r,raw,content+url,FPR,4,0.09523809523809523
xlm-r,raw,content+url,FPR,5,0.16129032258064516
xlm-r,raw,content+url,FPR,6,0.031746031746031744
xlm-r,raw,content+url,FPR,7,0.04838709677419355
xlm-r,raw,content+url,FPR,8,0.06451612903225806
xlm-r,raw,content+url,FPR,9,0.06349206349206349
xlm-r,raw,content+url,FPR,10,0.14516129032258066
xlm-r,raw,content+url,FPR,11,0.14516129032258066
xlm-r,raw,content+url,FPR,12,0.06451612903225806
xlm-r,raw,content+url,FPR,13,0.07936507936507936
xlm-r,raw,content+url,FPR,14,0.06451612903225806
xlm-r,raw,content+url,FPR,15,0.06349206349206349
xlm-r,raw,content+url,FPR,16,0.06451612903225806
xlm-r,raw,content+url,FPR,17,0.08064516129032258
xlm-r,raw,content+url,FPR,18,0.07936507936507936
xlm-r,raw,content+url,FPR,19,0.016129032258064516
xlm-r,std,content+url,F1,0,0.8787878787878788
xlm-r,std,content+url,F1,1,0.9032258064516129
xlm-r,std,content+url,F1,2,0.8346456692913385
xlm-r,std,content+url,F1,3,0.8888888888888888
xlm-r,std,content+url,F1,4,0.8760330578512396
xlm-r,std,content+url,F1,5,0.8740740740740741
xlm-r,std,content+url,F1,6,0.8943089430894309
xlm-r,std,content+url,F1,7,0.9243697478991597
xlm-r,std,content+url,F1,8,0.8617886178861789
xlm-r,std,content+url,F1,9,0.9344262295081968
xlm-r,std,content+url,F1,10,0.8412698412698413
xlm-r,std,content+url,F1,11,0.873015873015873
xlm-r,std,content+url,F1,12,0.9523809523809523
xlm-r,std,content+url,F1,13,0.9147286821705426
xlm-r,std,content+url,F1,14,0.896
xlm-r,std,content+url,F1,15,0.8943089430894309
xlm-r,std,content+url,F1,16,0.8907563025210085
xlm-r,std,content+url,F1,17,0.9133858267716536
xlm-r,std,content+url,F1,18,0.9291338582677166
xlm-r,std,content+url,F1,19,0.9180327868852459
xlm-r,std,content+url,FPR,0,0.12698412698412698
xlm-r,std,content+url,FPR,1,0.08064516129032258
xlm-r,std,content+url,FPR,2,0.2222222222222222
xlm-r,std,content+url,FPR,3,0.09523809523809523
xlm-r,std,content+url,FPR,4,0.1111111111111111
xlm-r,std,content+url,FPR,5,0.12903225806451613
xlm-r,std,content+url,FPR,6,0.09523809523809523
xlm-r,std,content+url,FPR,7,0.04838709677419355
xlm-r,std,content+url,FPR,8,0.12903225806451613
xlm-r,std,content+url,FPR,9,0.047619047619047616
xlm-r,std,content+url,FPR,10,0.1935483870967742
xlm-r,std,content+url,FPR,11,0.1935483870967742
xlm-r,std,content+url,FPR,12,0.04838709677419355
xlm-r,std,content+url,FPR,13,0.06349206349206349
xlm-r,std,content+url,FPR,14,0.0967741935483871
xlm-r,std,content+url,FPR,15,0.09523809523809523
xlm-r,std,content+url,FPR,16,0.11290322580645161
xlm-r,std,content+url,FPR,17,0.08064516129032258
xlm-r,std,content+url,FPR,18,0.06349206349206349
xlm-r,std,content+url,FPR,19,0.04838709677419355
xlm-r,late,content+url,F1,0,0.8787878787878788
xlm-r,late,content+url,F1,1,0.928
xlm-r,late,content+url,F1,2,0.8571428571428571
xlm-r,late,content+url,F1,3,0.9516129032258065
xlm-r,late,content+url,F1,4,0.8925619834710744
xlm-r,late,content+url,F1,5,0.8872180451127819
xlm-r,late,content+url,F1,6,0.959349593495935
xlm-r,late,content+url,F1,7,0.928
xlm-r,late,content+url,F1,8,0.9193548387096774
xlm-r,late,content+url,F1,9,0.9180327868852459
xlm-r,late,content+url,F1,10,0.8837209302325582
xlm-r,late,content+url,F1,11,0.8872180451127819
xlm-r,late,content+url,F1,12,0.9457364341085271
xlm-r,late,content+url,F1,13,0.9365079365079365
xlm-r,late,content+url,F1,14,0.928
xlm-r,late,content+url,F1,15,0.9166666666666666
xlm-r,late,content+url,F1,16,0.9193548387096774
xlm-r,late,content+url,F1,17,0.9375
xlm-r,late,content+url,F1,18,0.9523809523809523
xlm-r,late,content+url,F1,19,0.967741935483871
xlm-r,late,content+url,FPR,0,0.15873015873015872
xlm-r,late,content+url,FPR,1,0.04838709677419355
xlm-r,late,content+url,FPR,2,0.07936507936507936
xlm-r,late,content+url,FPR,3,0.031746031746031744
xlm-r,late,content+url,FPR,4,0.09523809523809523
xlm-r,late,content+url,FPR,5,0.12903225806451613
xlm-r,late,content+url,FPR,6,0.031746031746031744
xlm-r,late,content+url,FPR,7,0.0
xlm-r,late,content+url,FPR,8,0.04838709677419355
xlm-r,late,content+url,FPR,9,0.06349206349206349
xlm-r,late,content+url,FPR,10,0.12903225806451613
xlm-r,late,content+url,FPR,11,0.12903225806451613
xlm-r,late,content+url,FPR,12,0.04838709677419355
xlm-r,late,content+url,FPR,13,0.047619047619047616
xlm-r,late,content+url,FPR,14,0.03225806451612903
xlm-r,late,content+url,FPR,15,0.047619047619047616
xlm-r,late,content+url,FPR,16,0.06451612903225806
xlm-r,late,content+url,FPR,17,0.06451612903225806
xlm-r,late,content+url,FPR,18,0.047619047619047616
xlm-r,late,content+url,FPR,19,0.016129032258064516
xlm-r,raw,content,F1,0,0.859375
xlm-r,raw,content,F1,1,0.9147286821705426
xlm-r,raw,content,F1,2,0.8676470588235294
xlm-r,raw,content,F1,3,0.916030534351145
xlm-r,raw,content,F1,4,0.8739495798319328
xlm-r,raw,content,F1,5,0.8776978417266187
xlm-r,raw,content,F1,6,0.912
xlm-r,raw,content,F1,7,0.9007633587786259
xlm-r,raw,content,F1,8,0.8888888888888888
xlm-r,raw,content,F1,9,0.9047619047619048
xlm-r,raw,content,F1,10,0.890625
xlm-r,raw,content,F1,11,0.8529411764705882
xlm-r,raw,content,F1,12,0.9037037037037037
xlm-r,raw,content,F1,13,0.9076923076923077
xlm-r,raw,content,F1,14,0.9147286821705426
xlm-r,raw,content,F1,15,0.890625
xlm-r,raw,content,F1,16,0.9016393442622951
xlm-r,raw,content,F1,17,0.8872180451127819
xlm-r,raw,content,F1,18,0.9375
xlm-r,raw,content,F1,19,0.9147286821705426
