encoder,variant,config,f1_mean,f1_std,fpr90_mean,fpr90_std
tfidf,raw,url,0.836389704495315,0.025438367370169235,0.22110855094726065,0.06471901160820545
tfidf,std,url,0.8469006278589578,0.022781328599030492,0.20428827444956474,0.05027587394700201
tfidf,raw,content,0.8907142152747014,0.024967535213808636,0.14345878136200715,0.05641518848156647
tfidf,std,content,0.8907142152747014,0.024967535213808636,0.14345878136200715,0.05641518848156647
tfidf,raw,content+url,0.8920862528514842,0.029338777586023865,0.12424475166410649,0.06006207142027369
tfidf,std,content+url,0.8933365958898285,0.02739795789924231,0.11218637992831541,0.0485218663003566
tfidf,late,content+url,0.9154451952043722,0.02626602008960986,0.08659754224270352,0.04959988757422434
tfidf,raw,content+url+js,0.8110977048379706,0.03696763735904668,0.30376344086021506,0.10165983195152511
tfidf,std,content+url+js,0.8625651202468747,0.03130795786823663,0.20837173579109064,0.09663639859163478
tfidf,late,content+url+js,0.9049642253576378,0.026619026478414635,0.09932155657962108,0.054878321436477216
xlm-r,raw,url,0.836389704495315,0.025438367370169235,0.22110855094726065,0.06471901160820545
xlm-r,std,url,0.8469006278589578,0.022781328599030492,0.20428827444956474,0.05027587394700201
xlm-r,raw,content,0.8958622395457976,0.02093407189564399,0.10320020481310803,0.058566785222827884
xlm-r,std,content,0.8945505612028013,0.03283000086339842,0.11114951356886842,0.06171663939179228
xlm-r,raw,content+url,0.909321773008327,0.0223654905011139,0.08250128008192523,0.03783190037100114
xlm-r,std,content+url,0.8946780990050129,0.02952263434280179,0.10409626216077827,0.04951660020023642
xlm-r,late,content+url,0.9197444313017114,0.02931808825202408,0.0656426011264721,0.04112920556477609
xlm-r,raw,content+url+js,0.8167031336873596,0.03150488727531781,0.3030977982590886,0.14046270545947367
xlm-r,std,content+url+js,0.8950676919364161,0.027237839829129376,0.09604454685099845,0.043436729702479235
xlm-r,late,content+url+js,0.917462904826813,0.029122980161237714,0.07123655913978494,0.04689231185571875
