config,seed,tier,n,metric,value
url,0,overall,125,F1,0.820896
url,0,bronze,25,recall,0.920000
url,0,silver,1,recall,1.000000
url,0,gold,0,recall,
url,0,unassigned,36,recall,0.861111
url,1,overall,125,F1,0.787402
url,1,bronze,26,recall,0.807692
url,1,silver,1,recall,0.000000
url,1,gold,0,recall,
url,1,unassigned,36,recall,0.805556
url,2,overall,125,F1,0.834646
url,2,bronze,22,recall,0.863636
url,2,silver,1,recall,0.000000
url,2,gold,0,recall,
url,2,unassigned,39,recall,0.871795
url,3,overall,125,F1,0.848000
url,3,bronze,21,recall,0.904762
url,3,silver,2,recall,0.500000
url,3,gold,0,recall,
url,3,unassigned,39,recall,0.846154
url,4,overall,125,F1,0.846154
url,4,bronze,23,recall,1.000000
url,4,silver,0,recall,
url,4,gold,0,recall,
url,4,unassigned,39,recall,0.820513
url,5,overall,125,F1,0.823529
url,5,bronze,24,recall,0.958333
url,5,silver,1,recall,1.000000
url,5,gold,0,recall,
url,5,unassigned,38,recall,0.842105
url,6,overall,125,F1,0.859375
url,6,bronze,28,recall,0.928571
url,6,silver,0,recall,
url,6,gold,0,recall,
url,6,unassigned,34,recall,0.852941
url,7,overall,125,F1,0.857143
url,7,bronze,24,recall,0.916667
url,7,silver,1,recall,1.000000
url,7,gold,0,recall,
url,7,unassigned,38,recall,0.815789
url,8,overall,125,F1,0.820896
url,8,bronze,31,recall,0.935484
url,8,silver,0,recall,
url,8,gold,0,recall,
url,8,unassigned,32,recall,0.812500
url,9,overall,125,F1,0.832000
url,9,bronze,22,recall,0.863636
url,9,silver,1,recall,0.000000
url,9,gold,0,recall,
url,9,unassigned,39,recall,0.846154
url,10,overall,125,F1,0.800000
url,10,bronze,24,recall,0.958333
url,10,silver,0,recall,
url,10,gold,0,recall,
url,10,unassigned,39,recall,0.743590
url,11,overall,125,F1,0.814815
url,11,bronze,26,recall,0.884615
url,11,silver,0,recall,
url,11,gold,0,recall,
url,11,unassigned,37,recall,0.864865
url,12,overall,125,F1,0.837209
url,12,bronze,25,recall,0.880000
url,12,silver,0,recall,
url,12,gold,0,recall,
url,12,unassigned,38,recall,0.842105
url,13,overall,125,F1,0.809524
url,13,bronze,27,recall,0.925926
url,13,silver,0,recall,
url,13,gold,0,recall,
url,13,unassigned,35,recall,0.742857
url,14,overall,125,F1,0.892308
url,14,bronze,23,recall,0.956522
url,14,silver,1,recall,0.000000
url,14,gold,0,recall,
url,14,unassigned,39,recall,0.923077
url,15,overall,125,F1,0.819672
url,15,bronze,23,recall,0.956522
url,15,silver,0,recall,
url,15,gold,0,recall,
url,15,unassigned,39,recall,0.717949
url,16,overall,125,F1,0.846154
url,16,bronze,22,recall,0.954545
url,16,silver,0,recall,
url,16,gold,0,recall,
url,16,unassigned,41,recall,0.829268
url,17,overall,125,F1,0.837209
url,17,bronze,22,recall,0.909091
url,17,silver,0,recall,
url,17,gold,0,recall,
url,17,unassigned,41,recall,0.829268
url,18,overall,125,F1,0.857143
url,18,bronze,24,recall,0.916667
url,18,silver,0,recall,
url,18,gold,0,recall,
url,18,unassigned,38,recall,0.842105
url,19,overall,125,F1,0.883721
url,19,bronze,26,recall,0.884615
url,19,silver,1,recall,1.000000
url,19,gold,0,recall,
url,19,unassigned,36,recall,0.916667
content,0,overall,125,F1,0.857143
content,0,bronze,25,recall,1.000000
content,0,silver,1,recall,1.000000
content,0,gold,0,recall,
content,0,unassigned,36,recall,0.861111
content,1,overall,125,F1,0.885496
content,1,bronze,26,recall,1.000000
content,1,silver,1,recall,1.000000
content,1,gold,0,recall,
content,1,unassigned,36,recall,0.861111
content,2,overall,125,F1,0.855072
content,2,bronze,22,recall,1.000000
content,2,silver,1,recall,1.000000
content,2,gold,0,recall,
content,2,unassigned,39,recall,0.923077
content,3,overall,125,F1,0.913386
content,3,bronze,21,recall,1.000000
content,3,silver,2,recall,1.000000
content,3,gold,0,recall,
content,3,unassigned,39,recall,0.897436
content,4,overall,125,F1,0.896000
content,4,bronze,23,recall,1.000000
content,4,silver,0,recall,
content,4,gold,0,recall,
content,4,unassigned,39,recall,0.846154
content,5,overall,125,F1,0.869565
content,5,bronze,24,recall,1.000000
content,5,silver,1,recall,1.000000
content,5,gold,0,recall,
content,5,unassigned,38,recall,0.921053
content,6,overall,125,F1,0.870229
content,6,bronze,28,recall,1.000000
content,6,silver,0,recall,
content,6,gold,0,recall,
content,6,unassigned,34,recall,0.852941
content,7,overall,125,F1,0.888889
content,7,bronze,24,recall,1.000000
content,7,silver,1,recall,1.000000
content,7,gold,0,recall,
content,7,unassigned,38,recall,0.921053
content,8,overall,125,F1,0.870229
content,8,bronze,31,recall,0.967742
content,8,silver,0,recall,
content,8,gold,0,recall,
content,8,unassigned,32,recall,0.843750
content,9,overall,125,F1,0.907692
content,9,bronze,22,recall,1.000000
content,9,silver,1,recall,1.000000
content,9,gold,0,recall,
content,9,unassigned,39,recall,0.923077
content,10,overall,125,F1,0.888889
content,10,bronze,24,recall,1.000000
content,10,silver,0,recall,
content,10,gold,0,recall,
content,10,unassigned,39,recall,0.923077
content,11,overall,125,F1,0.847222
content,11,bronze,26,recall,1.000000
content,11,silver,0,recall,
content,11,gold,0,recall,
content,11,unassigned,37,recall,0.945946
content,12,overall,125,F1,0.916031
content,12,bronze,25,recall,1.000000
content,12,silver,0,recall,
content,12,gold,0,recall,
content,12,unassigned,38,recall,0.921053
content,13,overall,125,F1,0.902256
content,13,bronze,27,recall,1.000000
content,13,silver,0,recall,
content,13,gold,0,recall,
content,13,unassigned,35,recall,0.942857
content,14,overall,125,F1,0.931298
content,14,bronze,23,recall,1.000000
content,14,silver,1,recall,1.000000
content,14,gold,0,recall,
content,14,unassigned,39,recall,0.948718
content,15,overall,125,F1,0.909091
content,15,bronze,23,recall,1.000000
content,15,silver,0,recall,
content,15,gold,0,recall,
content,15,unassigned,39,recall,0.948718
content,16,overall,125,F1,0.890625
content,16,bronze,22,recall,1.000000
content,16,silver,0,recall,
content,16,gold,0,recall,
content,16,unassigned,41,recall,0.853659
content,17,overall,125,F1,0.865672
content,17,bronze,22,recall,1.000000
content,17,silver,0,recall,
content,17,gold,0,recall,
content,17,unassigned,41,recall,0.878049
content,18,overall,125,F1,0.937500
content,18,bronze,24,recall,1.000000
content,18,silver,0,recall,
content,18,gold,0,recall,
content,18,unassigned,38,recall,0.947368
content,19,overall,125,F1,0.912000
content,19,bronze,26,recall,0.961538
content,19,silver,1,recall,1.000000
content,19,gold,0,recall,
content,19,unassigned,36,recall,0.861111
content+url,0,overall,125,F1,0.878788
content+url,0,bronze,25,recall,0.960000
content+url,0,silver,1,recall,1.000000
content+url,0,gold,0,recall,
content+url,0,unassigned,36,recall,0.916667
content+url,1,overall,125,F1,0.825397
content+url,1,bronze,26,recall,0.884615
content+url,1,silver,1,recall,0.000000
content+url,1,gold,0,recall,
content+url,1,unassigned,36,recall,0.805556
content+url,2,overall,125,F1,0.903226
content+url,2,bronze,22,recall,1.000000
content+url,2,silver,1,recall,0.000000
content+url,2,gold,0,recall,
content+url,2,unassigned,39,recall,0.871795
content+url,3,overall,125,F1,0.906250
content+url,3,bronze,21,recall,1.000000
content+url,3,silver,2,recall,0.500000
content+url,3,gold,0,recall,
content+url,3,unassigned,39,recall,0.923077
content+url,4,overall,125,F1,0.897638
content+url,4,bronze,23,recall,1.000000
content+url,4,silver,0,recall,
content+url,4,gold,0,recall,
content+url,4,unassigned,39,recall,0.871795
content+url,5,overall,125,F1,0.872180
content+url,5,bronze,24,recall,0.958333
content+url,5,silver,1,recall,1.000000
content+url,5,gold,0,recall,
content+url,5,unassigned,38,recall,0.894737
content+url,6,overall,125,F1,0.929134
content+url,6,bronze,28,recall,1.000000
content+url,6,silver,0,recall,
content+url,6,gold,0,recall,
content+url,6,unassigned,34,recall,0.911765
content+url,7,overall,125,F1,0.903226
content+url,7,bronze,24,recall,0.958333
content+url,7,silver,1,recall,1.000000
content+url,7,gold,0,recall,
content+url,7,unassigned,38,recall,0.842105
content+url,8,overall,125,F1,0.890625
content+url,8,bronze,31,recall,0.967742
content+url,8,silver,0,recall,
content+url,8,gold,0,recall,
content+url,8,unassigned,32,recall,0.843750
content+url,9,overall,125,F1,0.910569
content+url,9,bronze,22,recall,0.954545
content+url,9,silver,1,recall,0.000000
content+url,9,gold,0,recall,
content+url,9,unassigned,39,recall,0.897436
content+url,10,overall,125,F1,0.846154
content+url,10,bronze,24,recall,0.958333
content+url,10,silver,0,recall,
content+url,10,gold,0,recall,
content+url,10,unassigned,39,recall,0.820513
content+url,11,overall,125,F1,0.852941
content+url,11,bronze,26,recall,0.923077
content+url,11,silver,0,recall,
content+url,11,gold,0,recall,
content+url,11,unassigned,37,recall,0.918919
content+url,12,overall,125,F1,0.896000
content+url,12,bronze,25,recall,0.960000
content+url,12,silver,0,recall,
content+url,12,gold,0,recall,
content+url,12,unassigned,38,recall,0.842105
content+url,13,overall,125,F1,0.878049
content+url,13,bronze,27,recall,1.000000
content+url,13,silver,0,recall,
content+url,13,gold,0,recall,
content+url,13,unassigned,35,recall,0.771429
content+url,14,overall,125,F1,0.945736
content+url,14,bronze,23,recall,1.000000
content+url,14,silver,1,recall,0.000000
content+url,14,gold,0,recall,
content+url,14,unassigned,39,recall,0.974359
content+url,15,overall,125,F1,0.883333
content+url,15,bronze,23,recall,1.000000
content+url,15,silver,0,recall,
content+url,15,gold,0,recall,
content+url,15,unassigned,39,recall,0.769231
content+url,16,overall,125,F1,0.912000
content+url,16,bronze,22,recall,0.954545
content+url,16,silver,0,recall,
content+url,16,gold,0,recall,
content+url,16,unassigned,41,recall,0.878049
content+url,17,overall,125,F1,0.868217
content+url,17,bronze,22,recall,0.954545
content+url,17,silver,0,recall,
content+url,17,gold,0,recall,
content+url,17,unassigned,41,recall,0.853659
content+url,18,overall,125,F1,0.904762
content+url,18,bronze,24,recall,1.000000
content+url,18,silver,0,recall,
content+url,18,gold,0,recall,
content+url,18,unassigned,38,recall,0.868421
content+url,19,overall,125,F1,0.937500
content+url,19,bronze,26,recall,0.961538
content+url,19,silver,1,recall,1.000000
content+url,19,gold,0,recall,
content+url,19,unassigned,36,recall,0.944444
