message_id,label,host,apex,tld,valid,shortener,shortener_reg
TE_027,0,viettel.vn,viettel.vn,vn,1,0,0
TE_036,0,www.vietnamobile.com.vn,vietnamobile.com.vn,vn,1,0,0
TE_036,0,vietnamobile.com.vn,vietnamobile.com.vn,vn,1,0,0
TE_045,0,viettel.vn,viettel.vn,vn,1,0,0
COM_085,0,myvt.page.link,page.link,link,1,1,1
COM_086,0,momo.vn,momo.vn,vn,1,0,0
COM_087,0,viettel.vn,viettel.vn,vn,1,0,0
COM_090,0,viettel.vn,viettel.vn,vn,1,0,0
COM_094,0,viettel.vn,viettel.vn,vn,1,0,0
COM_095,0,mydata.viettel.vn,viettel.vn,vn,1,0,0
COM_097,0,thitimhieuluatphongchongmatuy.vn,thitimhieuluatphongchongmatuy.vn,vn,1,0,0
COM_101,0,myvt.page.link,page.link,link,1,1,1
COM_103,0,viettel.vn,viettel.vn,vn,1,0,0
COM_104,0,viettel.vn,viettel.vn,vn,1,0,0
COM_105,0,viettel.vn,viettel.vn,vn,1,0,0
COM_106,0,vt.vtmoney.vn,vtmoney.vn,vn,1,0,0
COM_109,0,viettel.vn,viettel.vn,vn,1,0,0
COM_111,0,km.vtmoney.vn,vtmoney.vn,vn,1,0,0
COM_113,0,myvt.page.link,page.link,link,1,1,1
COM_114,0,myvt.page.link,page.link,link,1,1,1
COM_117,0,mydata.viettel.vn,viettel.vn,vn,1,0,0
COM_118,0,www.tiktok.com,tiktok.com,com,1,0,0
COM_120,0,viettel.vn,viettel.vn,vn,1,0,0
COM_122,0,viettel.vn,viettel.vn,vn,1,0,0
COM_123,0,viettel.vn,viettel.vn,vn,1,0,0
COM_131,0,viettel.vn,viettel.vn,vn,1,0,0
COM_135,0,viettel.vn,viettel.vn,vn,1,0,0
COM_142,0,myvt.page.link,page.link,link,1,1,1
COM_146,0,catp.hcm,catp.hcm,hcm,0,0,0
COM_147,0,myvt.page.link,page.link,link,1,1,1
COM_149,0,myvt.page.link,page.link,link,1,1,1
COM_151,0,km.vtmoney.vn,vtmoney.vn,vn,1,0,0
COM_153,0,dx.gov.vn,dx.gov.vn,vn,1,0,0
COM_155,0,myvt.page.link,page.link,link,1,1,1
COM_157,0,myvt.page.link,page.link,link,1,1,1
COM_160,0,freedataviettel.ff.garena.vn,garena.vn,vn,1,0,0
COM_165,0,p.hiep,p.hiep,hiep,0,0,0
COM_165,0,p.hiep,p.hiep,hiep,0,0,0
COM_165,0,q.tan,q.tan,tan,0,0,0
COM_167,0,viettel.vn,viettel.vn,vn,1,0,0
COM_167,0,viettel.vn,viettel.vn,vn,1,0,0
COM_172,0,myvt.page.link,page.link,link,1,1,1
COM_173,0,vt.vtmoney.vn,vtmoney.vn,vn,1,0,0
COM_174,0,viettel.vn,viettel.vn,vn,1,0,0
COM_176,0,myvt.page.link,page.link,link,1,1,1
COM_179,0,myvt.page.link,page.link,link,1,1,1
COM_183,0,myvt.page.link,page.link,link,1,1,1
COM_185,0,myvt.page.link,page.link,link,1,1,1
COM_187,0,myvt.page.link,page.link,link,1,1,1
COM_189,0,viettel.vn,viettel.vn,vn,1,0,0
COM_191,0,viettel.vn,viettel.vn,vn,1,0,0
COM_191,0,viettel.vn,viettel.vn,vn,1,0,0
COM_194,0,viettel.vn,viettel.vn,vn,1,0,0
COM_194,0,viettel.vn,viettel.vn,vn,1,0,0
COM_197,0,viettel.vn,viettel.vn,vn,1,0,0
COM_199,0,myvt.page.link,page.link,link,1,1,1
COM_201,0,myvt.page.link,page.link,link,1,1,1
COM_202,0,km.vtmoney.vn,vtmoney.vn,vn,1,0,0
COM_205,0,myvt.page.link,page.link,link,1,1,1
COM_208,0,km.vtmoney.vn,vtmoney.vn,vn,1,0,0
COM_211,0,myvt.page.link,page.link,link,1,1,1
COM_212,0,myvt.page.link,page.link,link,1,1,1
COM_215,0,viettel.vn,viettel.vn,vn,1,0,0
COM_216,0,myvt.page.link,page.link,link,1,1,1
COM_217,0,myvt.page.link,page.link,link,1,1,1
COM_219,0,myvt.page.link,page.link,link,1,1,1
COM_225,0,viettel.vn,viettel.vn,vn,1,0,0
COM_226,0,myvt.page.link,page.link,link,1,1,1
COM_228,0,myclip.vn,myclip.vn,vn,1,0,0
COM_231,0,myvt.page.link,page.link,link,1,1,1
COM_234,0,vt.vtmoney.vn,vtmoney.vn,vn,1,0,0
COM_236,0,myvt.page.link,page.link,link,1,1,1
COM_238,0,myvt.page.link,page.link,link,1,1,1
COM_240,0,myvt.page.link,page.link,link,1,1,1
COM_242,0,viettel.vn,viettel.vn,vn,1,0,0
COM_251,0,myvt.page.link,page.link,link,1,1,1
COM_252,0,myvt.page.link,page.link,link,1,1,1
COM_256,0,myvt.page.link,page.link,link,1,1,1
COM_257,0,kmttqg.vietrade.gov.vn,vietrade.gov.vn,vn,1,0,0
COM_260,0,myvt.page.link,page.link,link,1,1,1
COM_265,0,myvt.page.link,page.link,link,1,1,1
COM_267,0,km.vtmoney.vn,vtmoney.vn,vn,1,0,0
COM_270,0,km.vtmoney.vn,vtmoney.vn,vn,1,0,0
COM_273,0,viettel.vn,viettel.vn,vn,1,0,0
COM_275,0,km.vtmoney.vn,vtmoney.vn,vn,1,0,0
COM_276,0,myvt.page.link,page.link,link,1,1,1
COM_277,0,viettel.vn,viettel.vn,vn,1,0,0
COM_278,0,myvt.page.link,page.link,link,1,1,1
COM_281,0,momo.vn,momo.vn,vn,1,0,0
COM_284,0,www.tiktok.com,tiktok.com,com,1,0,0
COM_284,0,zalo.me,zalo.me,me,1,0,1
COM_287,0,myvt.page.link,page.link,link,1,1,1
COM_289,0,s.viettel.vn,viettel.vn,vn,1,0,0
COM_292,0,viettel.vn,viettel.vn,vn,1,0,0
COM_293,0,viettel.vn,viettel.vn,vn,1,0,0
COM_295,0,myvt.page.link,page.link,link,1,1,1
COM_297,0,myvt.page.link,page.link,link,1,1,1
COM_302,0,myvt.page.link,page.link,link,1,1,1
COM_304,0,myvt.page.link,page.link,link,1,1,1
COM_305,0,myclip.vn,myclip.vn,vn,1,0,0
COM_307,0,km.vtmoney.vn,vtmoney.vn,vn,1,0,0
COM_308,0,myvt.page.link,page.link,link,1,1,1
COM_311,0,www.tiktok.com,tiktok.com,com,1,0,0
COM_312,0,viettel.vn,viettel.vn,vn,1,0,0
COM_313,0,myvt.page.link,page.link,link,1,1,1
COM_315,0,km.vtmoney.vn,vtmoney.vn,vn,1,0,0
COM_316,0,viettel.vn,viettel.vn,vn,1,0,0
COM_319,0,myvt.page.link,page.link,link,1,1,1
COM_322,0,viettel.vn,viettel.vn,vn,1,0,0
COM_323,0,viettel.vn,viettel.vn,vn,1,0,0
COM_324,0,myvt.page.link,page.link,link,1,1,1
COM_326,0,viettel.vn,viettel.vn,vn,1,0,0
COM_327,0,myvt.page.link,page.link,link,1,1,1
COM_329,0,myvt.page.link,page.link,link,1,1,1
COM_330,0,www.rbesportvn.com,rbesportvn.com,com,1,0,0
COM_332,0,myvt.page.link,page.link,link,1,1,1
COM_334,0,myvt.page.link,page.link,link,1,1,1
COM_335,0,myvt.page.link,page.link,link,1,1,1
COM_336,0,viettel.vn,viettel.vn,vn,1,0,0
COM_339,0,myvt.page.link,page.link,link,1,1,1
COM_342,0,myvt.page.link,page.link,link,1,1,1
COM_343,0,myvt.page.link,page.link,link,1,1,1
COM_345,0,zalo.me,zalo.me,me,1,0,1
COM_346,0,viettel.vn,viettel.vn,vn,1,0,0
COM_347,0,viettel.vn,viettel.vn,vn,1,0,0
COM_348,0,viettel.vn,viettel.vn,vn,1,0,0
COM_349,0,viettel.vn,viettel.vn,vn,1,0,0
COM_350,0,viettel.vn,viettel.vn,vn,1,0,0
COM_351,0,viettel.vn,viettel.vn,vn,1,0,0
COM_352,0,viettel.vn,viettel.vn,vn,1,0,0
COM_353,0,viettel.vn,viettel.vn,vn,1,0,0
COM_359,0,viettel.vn,viettel.vn,vn,1,0,0
COM_360,0,doanhnghiep.imuzik.vn,imuzik.vn,vn,1,0,0
COM_363,0,myvt.page.link,page.link,link,1,1,1
COM_371,0,myvt.page.link,page.link,link,1,1,1
COM_372,0,myvt.page.link,page.link,link,1,1,1
COM_375,0,myvt.page.link,page.link,link,1,1,1
COM_377,0,viettel.vn,viettel.vn,vn,1,0,0
COM_380,0,viettel.vn,viettel.vn,vn,1,0,0
COM_382,0,viettel.vn,viettel.vn,vn,1,0,0
COM_383,0,myvt.page.link,page.link,link,1,1,1
COM_384,0,viettel.vn,viettel.vn,vn,1,0,0
COM_389,0,myvt.page.link,page.link,link,1,1,1
COM_390,0,viettel.vn,viettel.vn,vn,1,0,0
COM_392,0,myvt.page.link,page.link,link,1,1,1
COM_394,0,myvt.page.link,page.link,link,1,1,1
COM_395,0,viettel.vn,viettel.vn,vn,1,0,0
COM_399,0,viettel.vn,viettel.vn,vn,1,0,0
COM_400,0,myvt.page.link,page.link,link,1,1,1
COM_402,0,myvt.page.link,page.link,link,1,1,1
COM_403,0,myvt.page.link,page.link,link,1,1,1
COM_404,0,viettel.vn,viettel.vn,vn,1,0,0
COM_406,0,viettel.vn,viettel.vn,vn,1,0,0
COM_407,0,viettel.vn,viettel.vn,vn,1,0,0
COM_409,0,myvt.page.link,page.link,link,1,1,1
COM_412,0,myvt.page.link,page.link,link,1,1,1
COM_413,0,viettel.vn,viettel.vn,vn,1,0,0
COM_414,0,viettel.vn,viettel.vn,vn,1,0,0
COM_415,0,viettel.vn,viettel.vn,vn,1,0,0
COM_416,0,myclip.vn,myclip.vn,vn,1,0,0
COM_419,0,vtmoney.onelink.me,onelink.me,me,1,1,0
COM_420,0,km.vtmoney.vn,vtmoney.vn,vn,1,0,0
COM_421,0,vt.viettelpay.vn,viettelpay.vn,vn,1,0,0
COM_427,0,myvt.page.link,page.link,link,1,1,1
COM_428,0,viettelmoney.vn,viettelmoney.vn,vn,1,0,0
COM_429,0,vtmoney.onelink.me,onelink.me,me,1,1,0
COM_433,0,myvt.page.link,page.link,link,1,1,1
COM_434,0,vtmoney.onelink.me,onelink.me,me,1,1,0
COM_436,0,viettel.vn,viettel.vn,vn,1,0,0
COM_438,0,myvt.page.link,page.link,link,1,1,1
COM_441,0,viettel.vn,viettel.vn,vn,1,0,0
COM_442,0,vietrade.gov.vn,vietrade.gov.vn,vn,1,0,0
COM_443,0,km.vtmoney.vn,vtmoney.vn,vn,1,0,0
COM_445,0,momo.vn,momo.vn,vn,1,0,0
COM_446,0,km.vtmoney.vn,vtmoney.vn,vn,1,0,0
COM_447,0,km.vtmoney.vn,vtmoney.vn,vn,1,0,0
COM_456,0,tv360.vn,tv360.vn,vn,1,0,0
COM_457,0,km.vtmoney.vn,vtmoney.vn,vn,1,0,0
COM_458,0,mydata.viettel.vn,viettel.vn,vn,1,0,0
COM_459,0,viettel.vn,viettel.vn,vn,1,0,0
COM_461,0,myvt.page.link,page.link,link,1,1,1
COM_463,0,km.vtmoney.vn,vtmoney.vn,vn,1,0,0
COM_464,0,chplay.viettel.vn,viettel.vn,vn,1,0,0
COM_465,0,myvt.page.link,page.link,link,1,1,1
COM_466,0,viettel.vn,viettel.vn,vn,1,0,0
COM_468,0,viettel.vn,viettel.vn,vn,1,0,0
COM_471,0,viettel.vn,viettel.vn,vn,1,0,0
COM_472,0,km.vtmoney.vn,vtmoney.vn,vn,1,0,0
COM_473,0,viettel.vn,viettel.vn,vn,1,0,0
COM_474,0,km.vtmoney.vn,vtmoney.vn,vn,1,0,0
COM_475,0,viettel.vn,viettel.vn,vn,1,0,0
COM_476,0,tv360.vn,tv360.vn,vn,1,0,0
COM_477,0,km.vtmoney.vn,vtmoney.vn,vn,1,0,0
COM_478,0,myvt.page.link,page.link,link,1,1,1
COM_479,0,myclip.vn,myclip.vn,vn,1,0,0
COM_480,0,mydata.viettel.vn,viettel.vn,vn,1,0,0
COM_482,0,km.vtmoney.vn,vtmoney.vn,vn,1,0,0
COM_483,0,tv360.vn,tv360.vn,vn,1,0,0
COM_484,0,myvt.page.link,page.link,link,1,1,1
COM_485,0,viettel.vn,viettel.vn,vn,1,0,0
COM_486,0,km.vtmoney.vn,vtmoney.vn,vn,1,0,0
COM_488,0,km.vtmoney.vn,vtmoney.vn,vn,1,0,0
COM_489,0,tv360.vn,tv360.vn,vn,1,0,0
COM_490,0,myvt.page.link,page.link,link,1,1,1
COM_493,0,km.vtmoney.vn,vtmoney.vn,vn,1,0,0
COM_494,0,vtmoney.onelink.me,onelink.me,me,1,1,0
COM_495,0,myvt.page.link,page.link,link,1,1,1
COM_497,0,myvt.page.link,page.link,link,1,1,1
COM_499,0,km.vtmoney.vn,vtmoney.vn,vn,1,0,0
COM_501,0,km.vtmoney.vn,vtmoney.vn,vn,1,0,0
COM_503,0,myvt.page.link,page.link,link,1,1,1
COM_504,0,km.vtmoney.vn,vtmoney.vn,vn,1,0,0
COM_505,0,tv360.vn,tv360.vn,vn,1,0,0
COM_507,0,myvt.page.link,page.link,link,1,1,1
COM_507,0,viettel.vn,viettel.vn,vn,1,0,0
COM_509,0,viettel.vn,viettel.vn,vn,1,0,0
COM_510,0,km.vtmoney.vn,vtmoney.vn,vn,1,0,0
COM_511,0,km.vtmoney.vn,vtmoney.vn,vn,1,0,0
COM_512,0,mydio.vn,mydio.vn,vn,1,0,0
COM_513,0,km.vtmoney.vn,vtmoney.vn,vn,1,0,0
COM_514,0,mocha.com.vn,mocha.com.vn,vn,1,0,0
COM_515,0,km.vtmoney.vn,vtmoney.vn,vn,1,0,0
COM_516,0,km.vtmoney.vn,vtmoney.vn,vn,1,0,0
COM_517,0,momo.vn,momo.vn,vn,1,0,0
COM_519,0,km.vtmoney.vn,vtmoney.vn,vn,1,0,0
COM_521,0,viettel.vn,viettel.vn,vn,1,0,0
COM_522,0,km.vtmoney.vn,vtmoney.vn,vn,1,0,0
COM_523,0,v.league,v.league,league,0,0,0
COM_523,0,tv360.vn,tv360.vn,vn,1,0,0
COM_524,0,km.vtmoney.vn,vtmoney.vn,vn,1,0,0
COM_525,0,viettel.vn,viettel.vn,vn,1,0,0
COM_526,0,tv360.vn,tv360.vn,vn,1,0,0
COM_527,0,km.vtmoney.vn,vtmoney.vn,vn,1,0,0
COM_528,0,km.vtmoney.vn,vtmoney.vn,vn,1,0,0
COM_529,0,km.vtmoney.vn,vtmoney.vn,vn,1,0,0
COM_531,0,viettelmoney.vn,viettelmoney.vn,vn,1,0,0
COM_532,0,myvt.page.link,page.link,link,1,1,1
COM_533,0,viettel.vn,viettel.vn,vn,1,0,0
COM_534,0,s.viettel.vn,viettel.vn,vn,1,0,0
COM_535,0,vtmoney.onelink.me,onelink.me,me,1,1,0
COM_536,0,km.vtmoney.vn,vtmoney.vn,vn,1,0,0
COM_537,0,viettel.vn,viettel.vn,vn,1,0,0
COM_538,0,km.vtmoney.vn,vtmoney.vn,vn,1,0,0
COM_541,0,km.vtmoney.vn,vtmoney.vn,vn,1,0,0
COM_542,0,myvt.page.link,page.link,link,1,1,1
COM_543,0,km.vtmoney.vn,vtmoney.vn,vn,1,0,0
COM_544,0,km.vtmoney.vn,vtmoney.vn,vn,1,0,0
COM_545,0,viettel.vn,viettel.vn,vn,1,0,0
COM_547,0,myvt.page.link,page.link,link,1,1,1
COM_548,0,myvt.page.link,page.link,link,1,1,1
COM_550,0,myvt.page.link,page.link,link,1,1,1
COM_551,0,km.vtmoney.vn,vtmoney.vn,vn,1,0,0
COM_552,0,km.vtmoney.vn,vtmoney.vn,vn,1,0,0
COM_553,0,viettel.vn,viettel.vn,vn,1,0,0
COM_554,0,s.viettel.vn,viettel.vn,vn,1,0,0
COM_555,0,km.vtmoney.vn,vtmoney.vn,vn,1,0,0
COM_556,0,myvt.page.link,page.link,link,1,1,1
COM_558,0,s.viettel.vn,viettel.vn,vn,1,0,0
COM_560,0,km.vtmoney.vn,vtmoney.vn,vn,1,0,0
COM_561,0,tinyurl.com,tinyurl.com,com,1,1,1
COM_562,0,viettel.vn,viettel.vn,vn,1,0,0
COM_564,0,km.vtmoney.vn,vtmoney.vn,vn,1,0,0
COM_565,0,myvt.page.link,page.link,link,1,1,1
COM_566,0,vtmoney.onelink.me,onelink.me,me,1,1,0
COM_567,0,viettel.vn,viettel.vn,vn,1,0,0
COM_568,0,viettel.vn,viettel.vn,vn,1,0,0
COM_569,0,viettel.vn,viettel.vn,vn,1,0,0
COM_571,0,km.vtmoney.vn,vtmoney.vn,vn,1,0,0
COM_572,0,km.vtmoney.vn,vtmoney.vn,vn,1,0,0
COM_573,0,ai.lh,ai.lh,lh,0,0,0
COM_575,0,km.vtmoney.vn,vtmoney.vn,vn,1,0,0
COM_576,0,myvt.page.link,page.link,link,1,1,1
COM_577,0,viettelmoney.vn,viettelmoney.vn,vn,1,0,0
COM_578,0,viettel.vn,viettel.vn,vn,1,0,0
COM_579,0,viettel.vn,viettel.vn,vn,1,0,0
COM_582,0,km.vtmoney.vn,vtmoney.vn,vn,1,0,0
COM_584,0,viettelmoney.vn,viettelmoney.vn,vn,1,0,0
COM_585,0,myvt.page.link,page.link,link,1,1,1
COM_586,0,km.vtmoney.vn,vtmoney.vn,vn,1,0,0
COM_587,0,myvt.page.link,page.link,link,1,1,1
COM_588,0,km.vtmoney.vn,vtmoney.vn,vn,1,0,0
COM_589,0,vietplant.com.vn,vietplant.com.vn,vn,1,0,0
COM_590,0,km.vtmoney.vn,vtmoney.vn,vn,1,0,0
COM_591,0,km.vtmoney.vn,vtmoney.vn,vn,1,0,0
COM_592,0,km.vtmoney.vn,vtmoney.vn,vn,1,0,0
COM_594,0,viettel.vn,viettel.vn,vn,1,0,0
COM_595,0,myvt.page.link,page.link,link,1,1,1
COM_598,0,tv360.vn,tv360.vn,vn,1,0,0
COM_599,0,viettel.vn,viettel.vn,vn,1,0,0
COM_603,0,s.viettel.vn,viettel.vn,vn,1,0,0
COM_604,0,km.vtmoney.vn,vtmoney.vn,vn,1,0,0
COM_605,0,viettel.vn,viettel.vn,vn,1,0,0
COM_606,0,km.vtmoney.vn,vtmoney.vn,vn,1,0,0
COM_607,0,km.vtmoney.vn,vtmoney.vn,vn,1,0,0
COM_608,0,myvt.page.link,page.link,link,1,1,1
COM_610,0,vtmoney.onelink.me,onelink.me,me,1,1,0
COM_612,0,viettel.vn,viettel.vn,vn,1,0,0
COM_615,0,myvt.page.link,page.link,link,1,1,1
COM_616,0,viettel.vn,viettel.vn,vn,1,0,0
COM_619,0,myvt.page.link,page.link,link,1,1,1
COM_621,0,myvt.page.link,page.link,link,1,1,1
COM_622,0,myvt.page.link,page.link,link,1,1,1
COM_623,0,mydio.vn,mydio.vn,vn,1,0,0
COM_624,0,myvt.page.link,page.link,link,1,1,1
COM_625,0,viettel.vn,viettel.vn,vn,1,0,0
COM_627,0,myvt.page.link,page.link,link,1,1,1
COM_628,0,viettel.vn,viettel.vn,vn,1,0,0
COM_629,0,viettel.vn,viettel.vn,vn,1,0,0
COM_630,0,viettel.vn,viettel.vn,vn,1,0,0
COM_631,0,vtmoney.onelink.me,onelink.me,me,1,1,0
COM_632,0,vtmoney.onelink.me,onelink.me,me,1,1,0
COM_635,0,km.vtmoney.vn,vtmoney.vn,vn,1,0,0
COM_637,0,myvt.page.link,page.link,link,1,1,1
COM_638,0,viettel.vn,viettel.vn,vn,1,0,0
COM_640,0,km.vtmoney.vn,vtmoney.vn,vn,1,0,0
COM_642,0,km.vtmoney.vn,vtmoney.vn,vn,1,0,0
COM_644,0,thiennguyen.app,thiennguyen.app,app,1,0,0
COM_645,0,km.vtmoney.vn,vtmoney.vn,vn,1,0,0
COM_646,0,km.vtmoney.vn,vtmoney.vn,vn,1,0,0
COM_647,0,vtmoney.onelink.me,onelink.me,me,1,1,0
COM_648,0,km.vtmoney.vn,vtmoney.vn,vn,1,0,0
COM_649,0,viettelmoney.vn,viettelmoney.vn,vn,1,0,0
COM_651,0,km.vtmoney.vn,vtmoney.vn,vn,1,0,0
COM_652,0,viettel.vn,viettel.vn,vn,1,0,0
COM_652,0,viettel.vn,viettel.vn,vn,1,0,0
COM_653,0,s.viettel.vn,viettel.vn,vn,1,0,0
COM_655,0,km.vtmoney.vn,vtmoney.vn,vn,1,0,0
COM_657,0,km.vtmoney.vn,vtmoney.vn,vn,1,0,0
COM_659,0,viettel.vn,viettel.vn,vn,1,0,0
COM_660,0,km.vtmoney.vn,vtmoney.vn,vn,1,0,0
COM_661,0,viettel.vn,viettel.vn,vn,1,0,0
COM_662,0,myvt.page.link,page.link,link,1,1,1
COM_663,0,viettel.vn,viettel.vn,vn,1,0,0
COM_665,0,vietplant.com.vn,vietplant.com.vn,vn,1,0,0
COM_666,0,km.vtmoney.vn,vtmoney.vn,vn,1,0,0
COM_667,0,km.vtmoney.vn,vtmoney.vn,vn,1,0,0
COM_670,0,viettel.vn,viettel.vn,vn,1,0,0
COM_671,0,myvt.page.link,page.link,link,1,1,1
COM_672,0,viettel.vn,viettel.vn,vn,1,0,0
COM_674,0,myvt.page.link,page.link,link,1,1,1
COM_676,0,viettel.vn,viettel.vn,vn,1,0,0
COM_677,0,myvt.page.link,page.link,link,1,1,1
COM_678,0,viettelmoney.vn,viettelmoney.vn,vn,1,0,0
COM_679,0,km.vtmoney.vn,vtmoney.vn,vn,1,0,0
COM_680,0,km.vtmoney.vn,vtmoney.vn,vn,1,0,0
COM_681,0,myvt.page.link,page.link,link,1,1,1
COM_682,0,km.vtmoney.vn,vtmoney.vn,vn,1,0,0
COM_684,0,viettel.vn,viettel.vn,vn,1,0,0
COM_685,0,viettel.vn,viettel.vn,vn,1,0,0
COM_686,0,myvt.page.link,page.link,link,1,1,1
COM_687,0,myvt.page.link,page.link,link,1,1,1
COM_688,0,km.vtmoney.vn,vtmoney.vn,vn,1,0,0
COM_689,0,viettel.vn,viettel.vn,vn,1,0,0
COM_690,0,onelink.momo.vn,momo.vn,vn,1,0,0
COM_690,0,viettel.vn,viettel.vn,vn,1,0,0
COM_693,0,km.vtmoney.vn,vtmoney.vn,vn,1,0,0
COM_694,0,www.viettel.vn,viettel.vn,vn,1,0,0
COM_695,0,km.vtmoney.vn,vtmoney.vn,vn,1,0,0
COM_696,0,viettel.vn,viettel.vn,vn,1,0,0
COM_697,0,onelink.momo.vn,momo.vn,vn,1,0,0
COM_698,0,km.vtmoney.vn,vtmoney.vn,vn,1,0,0
COM_699,0,km.vtmoney.vn,vtmoney.vn,vn,1,0,0
COM_700,0,viettel.vn,viettel.vn,vn,1,0,0
COM_701,0,km.vtmoney.vn,vtmoney.vn,vn,1,0,0
COM_703,0,myvt.page.link,page.link,link,1,1,1
COM_704,0,viettel.vn,viettel.vn,vn,1,0,0
COM_707,0,viettel.vn,viettel.vn,vn,1,0,0
COM_709,0,km.vtmoney.vn,vtmoney.vn,vn,1,0,0
COM_711,0,vtmoney.onelink.me,onelink.me,me,1,1,0
COM_713,0,viettel.vn,viettel.vn,vn,1,0,0
COM_714,0,lnkd.in,lnkd.in,in,1,1,0
COM_715,0,km.vtmoney.vn,vtmoney.vn,vn,1,0,0
COM_717,0,km.vtmoney.vn,vtmoney.vn,vn,1,0,0
COM_718,0,tv360.vn,tv360.vn,vn,1,0,0
COM_720,0,myvt.page.link,page.link,link,1,1,1
COM_721,0,myvt.page.link,page.link,link,1,1,1
COM_725,0,km.vtmoney.vn,vtmoney.vn,vn,1,0,0
COM_728,0,km.vtmoney.vn,vtmoney.vn,vn,1,0,0
COM_730,0,viettelmoney.vn,viettelmoney.vn,vn,1,0,0
COM_732,0,myvt.page.link,page.link,link,1,1,1
COM_733,0,km.vtmoney.vn,vtmoney.vn,vn,1,0,0
COM_734,0,viettel.vn,viettel.vn,vn,1,0,0
COM_736,0,vtmoney.onelink.me,onelink.me,me,1,1,0
COM_741,0,km.vtmoney.vn,vtmoney.vn,vn,1,0,0
COM_745,0,km.vtmoney.vn,vtmoney.vn,vn,1,0,0
COM_751,0,viettel.vn,viettel.vn,vn,1,0,0
COM_752,0,vtmoney.onelink.me,onelink.me,me,1,1,0
COM_756,0,viettel.vn,viettel.vn,vn,1,0,0
COM_759,0,myvt.page.link,page.link,link,1,1,1
COM_760,0,myvt.page.link,page.link,link,1,1,1
COM_768,0,myvt.page.link,page.link,link,1,1,1
COM_769,0,viettelmoney.vn,viettelmoney.vn,vn,1,0,0
COM_770,0,mydata.viettel.vn,viettel.vn,vn,1,0,0
COM_771,0,viettel.vn,viettel.vn,vn,1,0,0
COM_772,0,vtmoney.onelink.me,onelink.me,me,1,1,0
COM_773,0,tv360.vn,tv360.vn,vn,1,0,0
COM_774,0,myvt.page.link,page.link,link,1,1,1
COM_777,0,viettel.vn,viettel.vn,vn,1,0,0
COM_779,0,viettel.vn,viettel.vn,vn,1,0,0
COM_780,0,myvt.page.link,page.link,link,1,1,1
COM_781,0,viettel.vn,viettel.vn,vn,1,0,0
COM_783,0,myvt.page.link,page.link,link,1,1,1
COM_784,0,km.vtmoney.vn,vtmoney.vn,vn,1,0,0
COM_786,0,grb.to,grb.to,to,1,1,0
COM_790,0,myvt.page.link,page.link,link,1,1,1
COM_791,0,viettel.vn,viettel.vn,vn,1,0,0
COM_795,0,myvt.page.link,page.link,link,1,1,1
COM_797,0,myvt.page.link,page.link,link,1,1,1
COM_799,0,viettel.vn,viettel.vn,vn,1,0,0
COM_801,0,vietteltelecom.vn,vietteltelecom.vn,vn,1,0,0
COM_804,0,myvt.page.link,page.link,link,1,1,1
COM_805,0,tv360.vn,tv360.vn,vn,1,0,0
COM_808,0,imuzik.vn,imuzik.vn,vn,1,0,0
COM_809,0,s.viettel.vn,viettel.vn,vn,1,0,0
COM_810,0,km.vtmoney.vn,vtmoney.vn,vn,1,0,0
COM_811,0,km.vtmoney.vn,vtmoney.vn,vn,1,0,0
COM_812,0,www.vietteltelecom.vn,vietteltelecom.vn,vn,1,0,0
COM_813,0,viettel.vn,viettel.vn,vn,1,0,0
COM_815,0,myvt.page.link,page.link,link,1,1,1
COM_818,0,tv360.vn,tv360.vn,vn,1,0,0
COM_821,0,viettel.vn,viettel.vn,vn,1,0,0
COM_821,0,viettel.vn,viettel.vn,vn,1,0,0
COM_822,0,myvt.page.link,page.link,link,1,1,1
COM_827,0,viettel.vn,viettel.vn,vn,1,0,0
COM_832,0,viettel.vn,viettel.vn,vn,1,0,0
COM_833,0,cps.onl,cps.onl,onl,1,1,0
COM_833,0,cps.onl,cps.onl,onl,1,1,0
COM_835,0,mydata.viettel.vn,viettel.vn,vn,1,0,0
COM_836,0,myvt.page.link,page.link,link,1,1,1
COM_837,0,freedataviettel.ff.garena.vn,garena.vn,vn,1,0,0
COM_838,0,mydata.viettel.vn,viettel.vn,vn,1,0,0
COM_839,0,viettel.vn,viettel.vn,vn,1,0,0
COM_840,0,viettel.vn,viettel.vn,vn,1,0,0
COM_841,0,viettel.vn,viettel.vn,vn,1,0,0
COM_843,0,km.vtmoney.vn,vtmoney.vn,vn,1,0,0
COM_844,0,viettel.vn,viettel.vn,vn,1,0,0
COM_846,0,viettel.vn,viettel.vn,vn,1,0,0
COM_850,0,viettel.vn,viettel.vn,vn,1,0,0
COM_854,0,imuzik.vn,imuzik.vn,vn,1,0,0
COM_858,0,viettel.vn,viettel.vn,vn,1,0,0
COM_861,0,viettelmoney.go.link,go.link,link,1,1,0
COM_862,0,vtmoney.onelink.me,onelink.me,me,1,1,0
COM_868,0,viettel.vn,viettel.vn,vn,1,0,0
COM_870,0,tv360.vn,tv360.vn,vn,1,0,0
COM_871,0,viettel.vn,viettel.vn,vn,1,0,0
COM_872,0,viettel.vn,viettel.vn,vn,1,0,0
COM_872,0,myvt.page.link,page.link,link,1,1,1
COM_873,0,km.vtmoney.vn,vtmoney.vn,vn,1,0,0
COM_874,0,isignplus.vn,isignplus.vn,vn,1,0,0
COM_876,0,tv360.vn,tv360.vn,vn,1,0,0
COM_879,0,viettel.vn,viettel.vn,vn,1,0,0
COM_880,0,yk.vtp.vn,vtp.vn,vn,1,0,0
COM_881,0,yk.vtp.vn,vtp.vn,vn,1,0,0
COM_882,0,viettel.vn,viettel.vn,vn,1,0,0
COM_886,0,myvt.page.link,page.link,link,1,1,1
COM_887,0,viettelmoney.go.link,go.link,link,1,1,0
COM_888,0,tv360.vn,tv360.vn,vn,1,0,0
COM_889,0,tv360.vn,tv360.vn,vn,1,0,0
COM_891,0,myvt.page.link,page.link,link,1,1,1
COM_892,0,viettel.vn,viettel.vn,vn,1,0,0
COM_896,0,viettel.vn,viettel.vn,vn,1,0,0
COM_897,0,myvt.page.link,page.link,link,1,1,1
COM_898,0,viettel.vn,viettel.vn,vn,1,0,0
COM_902,0,viettel.vn,viettel.vn,vn,1,0,0
COM_903,0,m.viettelstore.vn,viettelstore.vn,vn,1,0,0
COM_904,0,viettel.vn,viettel.vn,vn,1,0,0
COM_905,0,viettel.vn,viettel.vn,vn,1,0,0
COM_906,0,viettel.vn,viettel.vn,vn,1,0,0
COM_907,0,vietteltelecom.vn,vietteltelecom.vn,vn,1,0,0
COM_910,0,viettel.vn,viettel.vn,vn,1,0,0
COM_911,0,viettel.vn,viettel.vn,vn,1,0,0
COM_912,0,myviettel.go.link,go.link,link,1,1,0
COM_913,0,viettel.vn,viettel.vn,vn,1,0,0
COM_915,0,viettel.vn,viettel.vn,vn,1,0,0
COM_918,0,viettel.vn,viettel.vn,vn,1,0,0
COM_919,0,tv360.vn,tv360.vn,vn,1,0,0
COM_919,0,zalo.me,zalo.me,me,1,0,1
COM_920,0,viettel.vn,viettel.vn,vn,1,0,0
COM_921,0,vietteltelecom.vn,vietteltelecom.vn,vn,1,0,0
COM_922,0,viettel.vn,viettel.vn,vn,1,0,0
COM_923,0,viettel.vn,viettel.vn,vn,1,0,0
COM_930,0,vietteltelecom.vn,vietteltelecom.vn,vn,1,0,0
COM_931,0,www.vietteltelecom.vn,vietteltelecom.vn,vn,1,0,0
COM_932,0,km.vtmoney.vn,vtmoney.vn,vn,1,0,0
COM_933,0,viettel.vn,viettel.vn,vn,1,0,0
COM_934,0,viettel.vn,viettel.vn,vn,1,0,0
COM_936,0,viettel.vn,viettel.vn,vn,1,0,0
COM_940,0,viettel.vn,viettel.vn,vn,1,0,0
COM_944,0,viettel.vn,viettel.vn,vn,1,0,0
COM_945,0,vietteltelecom.vn,vietteltelecom.vn,vn,1,0,0
COM_948,0,viettelmoney.go.link,go.link,link,1,1,0
COM_949,0,viettel.vn,viettel.vn,vn,1,0,0
COM_951,0,viettel.vn,viettel.vn,vn,1,0,0
COM_953,0,viettel.vn,viettel.vn,vn,1,0,0
COM_956,0,viettel.vn,viettel.vn,vn,1,0,0
COM_957,0,begroup.onelink.me,onelink.me,me,1,1,0
COM_961,0,www.viettel.vn,viettel.vn,vn,1,0,0
COM_964,0,vietteltelecom.vn,vietteltelecom.vn,vn,1,0,0
COM_965,0,viettel.vn,viettel.vn,vn,1,0,0
COM_966,0,viettel.vn,viettel.vn,vn,1,0,0
COM_967,0,vietteltelecom.vn,vietteltelecom.vn,vn,1,0,0
COM_968,0,vietteltelecom.vn,vietteltelecom.vn,vn,1,0,0
COM_970,0,vietteltelecom.vn,vietteltelecom.vn,vn,1,0,0
COM_971,0,vneid.gov.vn,vneid.gov.vn,vn,1,0,0
COM_972,0,viettel.vn,viettel.vn,vn,1,0,0
COM_978,0,vietteltelecom.vn,vietteltelecom.vn,vn,1,0,0
COM_979,0,viettelmoney.go.link,go.link,link,1,1,0
COM_982,0,mydio.vn,mydio.vn,vn,1,0,0
COM_984,0,viettel.vn,viettel.vn,vn,1,0,0
COM_987,0,viettel.vn,viettel.vn,vn,1,0,0
COM_988,0,vietteltelecom.vn,vietteltelecom.vn,vn,1,0,0
COM_989,0,viettel.vn,viettel.vn,vn,1,0,0
COM_993,0,vietteltelecom.vn,vietteltelecom.vn,vn,1,0,0
COM_994,0,viettel.vn,viettel.vn,vn,1,0,0
COM_995,0,vietteltelecom.vn,vietteltelecom.vn,vn,1,0,0
COM_997,0,viettelmoney.go.link,go.link,link,1,1,0
COM_998,0,vietteltelecom.vn,vietteltelecom.vn,vn,1,0,0
COM_1000,0,vietteltelecom.vn,vietteltelecom.vn,vn,1,0,0
COM_1002,0,vietteltelecom.vn,vietteltelecom.vn,vn,1,0,0
COM_1004,0,viettel.vn,viettel.vn,vn,1,0,0
COM_1005,0,viettel.vn,viettel.vn,vn,1,0,0
COM_1007,0,vietteltelecom.vn,vietteltelecom.vn,vn,1,0,0
COM_1009,0,vietteltelecom.vn,vietteltelecom.vn,vn,1,0,0
COM_1010,0,viettel.vn,viettel.vn,vn,1,0,0
COM_1012,0,viettelmoney.go.link,go.link,link,1,1,0
COM_1015,0,tv360.vn,tv360.vn,vn,1,0,0
COM_1016,0,viettel.vn,viettel.vn,vn,1,0,0
COM_1017,0,viettel.vn,viettel.vn,vn,1,0,0
COM_1019,0,myvt.page.link,page.link,link,1,1,1
COM_1021,0,tv360.vn,tv360.vn,vn,1,0,0
COM_1022,0,viettelmoney.go.link,go.link,link,1,1,0
COM_1026,0,tv360.vn,tv360.vn,vn,1,0,0
COM_1027,0,viettelmoney.go.link,go.link,link,1,1,0
COM_1030,0,viettel.vn,viettel.vn,vn,1,0,0
COM_1035,0,s.viettel.vn,viettel.vn,vn,1,0,0
COM_1036,0,viettel.vn,viettel.vn,vn,1,0,0
COM_1037,0,viettel.vn,viettel.vn,vn,1,0,0
COM_1040,0,viettel.vn,viettel.vn,vn,1,0,0
COM_1042,0,vietteltelecom.vn,vietteltelecom.vn,vn,1,0,0
COM_1044,0,vietteltelecom.vn,vietteltelecom.vn,vn,1,0,0
COM_1049,0,viettelmoney.go.link,go.link,link,1,1,0
COM_1051,0,viettel.vn,viettel.vn,vn,1,0,0
COM_1053,0,doanhnghiep.imuzik.vn,imuzik.vn,vn,1,0,0
COM_1058,0,vietteltelecom.vn,vietteltelecom.vn,vn,1,0,0
COM_1059,0,viettelmoney.go.link,go.link,link,1,1,0
COM_1062,0,viettel.vn,viettel.vn,vn,1,0,0
COM_1064,0,km.vtmoney.vn,vtmoney.vn,vn,1,0,0
COM_1067,0,tv360.vn,tv360.vn,vn,1,0,0
COM_1069,0,viettel.vn,viettel.vn,vn,1,0,0
COM_1075,0,myviettel.go.link,go.link,link,1,1,0
COM_1077,0,myviettel.go.link,go.link,link,1,1,0
COM_1078,0,viettel.vn,viettel.vn,vn,1,0,0
COM_1080,0,viettel.vn,viettel.vn,vn,1,0,0
COM_1082,0,viettel.vn,viettel.vn,vn,1,0,0
COM_1086,0,viettelmoney.go.link,go.link,link,1,1,0
COM_1087,0,vietteltelecom.vn,vietteltelecom.vn,vn,1,0,0
COM_1088,0,vietteltelecom.vn,vietteltelecom.vn,vn,1,0,0
COM_1090,0,tv360.vn,tv360.vn,vn,1,0,0
COM_1091,0,vietteltelecom.vn,vietteltelecom.vn,vn,1,0,0
COM_1092,0,viettel.vn,viettel.vn,vn,1,0,0
COM_1096,0,viettelmoney.go.link,go.link,link,1,1,0
COM_1097,0,tv360.vn,tv360.vn,vn,1,0,0
COM_1099,0,viettelmoney.go.link,go.link,link,1,1,0
COM_1100,0,ketnoitronniemvui.tv360.vn,tv360.vn,vn,1,0,0
COM_1101,0,viettel.vn,viettel.vn,vn,1,0,0
COM_1102,0,viettel.vn,viettel.vn,vn,1,0,0
COM_1104,0,myviettel.go.link,go.link,link,1,1,0
COM_1106,0,viettelmoney.go.link,go.link,link,1,1,0
COM_1107,0,viettel.vn,viettel.vn,vn,1,0,0
COM_1108,0,viettelmoney.go.link,go.link,link,1,1,0
COM_1109,0,viettel.vn,viettel.vn,vn,1,0,0
COM_1110,0,myviettel.go.link,go.link,link,1,1,0
COM_1111,0,viettel.vn,viettel.vn,vn,1,0,0
COM_1113,0,vietteltelecom.vn,vietteltelecom.vn,vn,1,0,0
COM_1115,0,viettel.vn,viettel.vn,vn,1,0,0
COM_1117,0,viettel.vn,viettel.vn,vn,1,0,0
COM_1118,0,vietteltelecom.vn,vietteltelecom.vn,vn,1,0,0
COM_1119,0,tv360.vn,tv360.vn,vn,1,0,0
COM_1120,0,vietteltelecom.vn,vietteltelecom.vn,vn,1,0,0
COM_1121,0,myviettel.go.link,go.link,link,1,1,0
COM_1123,0,viettel.vn,viettel.vn,vn,1,0,0
COM_1124,0,viettelmoney.go.link,go.link,link,1,1,0
COM_1125,0,viettel.vn,viettel.vn,vn,1,0,0
COM_1127,0,viettel.vn,viettel.vn,vn,1,0,0
COM_1128,0,tv360.vn,tv360.vn,vn,1,0,0
COM_1133,0,myviettel.go.link,go.link,link,1,1,0
COM_1135,0,viettel.vn,viettel.vn,vn,1,0,0
COM_1136,0,viettel.vn,viettel.vn,vn,1,0,0
COM_1138,0,gic.viettel.vn,viettel.vn,vn,1,0,0
COM_1139,0,viettelmoney.go.link,go.link,link,1,1,0
COM_1141,0,viettel.vn,viettel.vn,vn,1,0,0
COM_1142,0,vietteltelecom.vn,vietteltelecom.vn,vn,1,0,0
COM_1144,0,viettel.vn,viettel.vn,vn,1,0,0
COM_1145,0,myviettel.go.link,go.link,link,1,1,0
COM_1146,0,viettel.vn,viettel.vn,vn,1,0,0
COM_1147,0,viettel.vn,viettel.vn,vn,1,0,0
COM_1149,0,tinyurl.com,tinyurl.com,com,1,1,1
COM_1151,0,vietteltelecom25.tv360.vn,tv360.vn,vn,1,0,0
COM_1152,0,viettel.vn,viettel.vn,vn,1,0,0
COM_1156,0,viettel.vn,viettel.vn,vn,1,0,0
COM_1157,0,viettel.vn,viettel.vn,vn,1,0,0
COM_1158,0,vietteltelecom.vn,vietteltelecom.vn,vn,1,0,0
COM_1159,0,viettel.vn,viettel.vn,vn,1,0,0
COM_1160,0,viettel.vn,viettel.vn,vn,1,0,0
COM_1163,0,p.long,p.long,long,0,0,0
COM_1163,0,tp.thu,tp.thu,thu,0,0,0
COM_1163,0,xay-p.long,xay-p.long,long,0,0,0
COM_1164,0,vietteltelecom.vn,vietteltelecom.vn,vn,1,0,0
COM_1168,0,p.long,p.long,long,0,0,0
COM_1168,0,tp.thu,tp.thu,thu,0,0,0
COM_1169,0,tv360.vn,tv360.vn,vn,1,0,0
COM_1170,0,viettel.vn,viettel.vn,vn,1,0,0
COM_1174,0,vietteltelecom.vn,vietteltelecom.vn,vn,1,0,0
COM_1175,0,viettel.vn,viettel.vn,vn,1,0,0
COM_1177,0,viettel.vn,viettel.vn,vn,1,0,0
COM_1179,0,viettel.vn,viettel.vn,vn,1,0,0
COM_1180,0,viettelmoney.go.link,go.link,link,1,1,0
COM_1181,0,tv360.vn,tv360.vn,vn,1,0,0
COM_1182,0,viettelmoney.go.link,go.link,link,1,1,0
COM_1183,0,viettel.vn,viettel.vn,vn,1,0,0
COM_1184,0,tv360.vn,tv360.vn,vn,1,0,0
COM_1185,0,hhmb.net,hhmb.net,net,1,0,0
COM_1187,0,viettel.vn,viettel.vn,vn,1,0,0
COM_1188,0,viettel.vn,viettel.vn,vn,1,0,0
COM_1189,0,ty.combo,ty.combo,combo,0,0,0
COM_1189,0,ads888to44.com,ads888to44.com,com,1,0,0
COM_1191,0,vietteltelecom.vn,vietteltelecom.vn,vn,1,0,0
COM_1192,0,tv360.vn,tv360.vn,vn,1,0,0
COM_1193,0,vietteltelecom.vn,vietteltelecom.vn,vn,1,0,0
COM_1194,0,viettel.vn,viettel.vn,vn,1,0,0
COM_1199,0,viettel.vn,viettel.vn,vn,1,0,0
COM_1201,0,s.viettel.vn,viettel.vn,vn,1,0,0
COM_1202,0,viettel.vn,viettel.vn,vn,1,0,0
COM_1204,0,ai.lh,ai.lh,lh,0,0,0
COM_1207,0,antuongviettel.tv360.vn,tv360.vn,vn,1,0,0
COM_1210,0,viettel.vn,viettel.vn,vn,1,0,0
COM_1211,0,viettel.vn,viettel.vn,vn,1,0,0
COM_1215,0,vietteltelecom.vn,vietteltelecom.vn,vn,1,0,0
COM_1216,0,viettel.vn,viettel.vn,vn,1,0,0
COM_1217,0,s.viettel.vn,viettel.vn,vn,1,0,0
COM_1218,0,vietteltelecom.vn,vietteltelecom.vn,vn,1,0,0
COM_1220,0,viettel.vn,viettel.vn,vn,1,0,0
COM_1221,0,vietteltelecom.vn,vietteltelecom.vn,vn,1,0,0
COM_1222,0,dx3389.8qbet16.com,8qbet16.com,com,1,0,0
COM_1223,0,vietteltelecom.vn,vietteltelecom.vn,vn,1,0,0
COM_1224,0,tv360.vn,tv360.vn,vn,1,0,0
COM_1225,0,vietteltelecom.vn,vietteltelecom.vn,vn,1,0,0
COM_1226,0,viettel.vn,viettel.vn,vn,1,0,0
COM_1227,0,viettel.vn,viettel.vn,vn,1,0,0
COM_1229,0,viettelmoney.go.link,go.link,link,1,1,0
COM_1230,0,viettelmoney.go.link,go.link,link,1,1,0
COM_1233,0,viettel.vn,viettel.vn,vn,1,0,0
COM_1235,0,viettel.vn,viettel.vn,vn,1,0,0
COM_1238,0,viettelmoney.go.link,go.link,link,1,1,0
COM_1241,0,s.viettel.vn,viettel.vn,vn,1,0,0
COM_1242,0,viettel.vn,viettel.vn,vn,1,0,0
COM_1243,0,tgdv.vtscloud.vn,vtscloud.vn,vn,1,0,0
COM_1248,0,viettel.vn,viettel.vn,vn,1,0,0
COM_1252,0,accounts.fpt.vn,fpt.vn,vn,1,0,0
COM_1254,0,tv360.vn,tv360.vn,vn,1,0,0
COM_1255,0,vietteltelecom.vn,vietteltelecom.vn,vn,1,0,0
COM_1256,0,vietteltelecom.vn,vietteltelecom.vn,vn,1,0,0
COM_1259,0,vietteltelecom.vn,vietteltelecom.vn,vn,1,0,0
COM_1260,0,vietteltelecom.vn,vietteltelecom.vn,vn,1,0,0
COM_1261,0,mydio.vn,mydio.vn,vn,1,0,0
COM_1262,0,vietteltelecom.vn,vietteltelecom.vn,vn,1,0,0
COM_1263,0,viettel.vn,viettel.vn,vn,1,0,0
COM_1264,0,tv360.vn,tv360.vn,vn,1,0,0
COM_1268,0,viettel.vn,viettel.vn,vn,1,0,0
COM_1269,0,vietteltelecom.vn,vietteltelecom.vn,vn,1,0,0
COM_1270,0,viettel.vn,viettel.vn,vn,1,0,0
COM_1272,0,tv360.vn,tv360.vn,vn,1,0,0
COM_1273,0,tv360.vn,tv360.vn,vn,1,0,0
COM_1274,0,vietteltelecom.vn,vietteltelecom.vn,vn,1,0,0
COM_1280,0,vietteltelecom.vn,vietteltelecom.vn,vn,1,0,0
COM_1282,0,vietteltelecom.vn,vietteltelecom.vn,vn,1,0,0
COM_1283,0,viettel.vn,viettel.vn,vn,1,0,0
COM_1284,0,viettel.vn,viettel.vn,vn,1,0,0
COM_1285,0,viettelmoney.go.link,go.link,link,1,1,0
COM_1286,0,tv360.vn,tv360.vn,vn,1,0,0
COM_1288,0,viettel.vn,viettel.vn,vn,1,0,0
COM_1289,0,viettelmoney.go.link,go.link,link,1,1,0
COM_1290,0,viettel.vn,viettel.vn,vn,1,0,0
COM_1291,0,viettel.vn,viettel.vn,vn,1,0,0
COM_1292,0,viettel.vn,viettel.vn,vn,1,0,0
COM_1294,0,vietteltelecom.vn,vietteltelecom.vn,vn,1,0,0
COM_1296,0,viettel.vn,viettel.vn,vn,1,0,0
COM_1298,0,viettel.vn,viettel.vn,vn,1,0,0
COM_1299,0,viettel.vn,viettel.vn,vn,1,0,0
COM_1300,0,viettel.vn,viettel.vn,vn,1,0,0
COM_1301,0,viettel.vn,viettel.vn,vn,1,0,0
COM_1303,0,tv360.vn,tv360.vn,vn,1,0,0
COM_1306,0,vietteltelecom.vn,vietteltelecom.vn,vn,1,0,0
COM_1307,0,vietteltelecom.vn,vietteltelecom.vn,vn,1,0,0
COM_1310,0,vietteltelecom.vn,vietteltelecom.vn,vn,1,0,0
COM_1312,0,vietteltelecom.vn,vietteltelecom.vn,vn,1,0,0
COM_1313,0,viettel.vn,viettel.vn,vn,1,0,0
COM_1314,0,s.viettel.vn,viettel.vn,vn,1,0,0
COM_1315,0,viettel.vn,viettel.vn,vn,1,0,0
COM_1317,0,vietteltelecom.vn,vietteltelecom.vn,vn,1,0,0
COM_1318,0,vietteltelecom.vn,vietteltelecom.vn,vn,1,0,0
COM_1320,0,viettel.vn,viettel.vn,vn,1,0,0
COM_1321,0,viettel.vn,viettel.vn,vn,1,0,0
COM_1323,0,viettel.vn,viettel.vn,vn,1,0,0
COM_1329,0,viettel.vn,viettel.vn,vn,1,0,0
COM_1330,0,viettelmoney.go.link,go.link,link,1,1,0
COM_1331,0,viettelmoney.go.link,go.link,link,1,1,0
COM_1336,0,viettelmoney.vn,viettelmoney.vn,vn,1,0,0
COM_1337,0,viettel.vn,viettel.vn,vn,1,0,0
COM_1338,0,viettel.vn,viettel.vn,vn,1,0,0
COM_1342,0,viettel.vn,viettel.vn,vn,1,0,0
COM_1344,0,vietteltelecom.vn,vietteltelecom.vn,vn,1,0,0
COM_1347,0,viettel.vn,viettel.vn,vn,1,0,0
COM_1349,0,s.viettel.vn,viettel.vn,vn,1,0,0
COM_1351,0,viettelmoney.go.link,go.link,link,1,1,0
COM_1354,0,viettel.vn,viettel.vn,vn,1,0,0
COM_1358,0,vietteltelecom.vn,vietteltelecom.vn,vn,1,0,0
COM_1359,0,viettel.vn,viettel.vn,vn,1,0,0
COM_1361,0,viettelmoney.go.link,go.link,link,1,1,0
COM_1362,0,viettel.vn,viettel.vn,vn,1,0,0
COM_1363,0,viettel.vn,viettel.vn,vn,1,0,0
COM_1366,0,viettel.vn,viettel.vn,vn,1,0,0
COM_1370,0,viettel.vn,viettel.vn,vn,1,0,0
COM_1378,0,viettel.vn,viettel.vn,vn,1,0,0
COM_1383,0,s.viettel.vn,viettel.vn,vn,1,0,0
COM_1384,0,vietteltelecom.vn,vietteltelecom.vn,vn,1,0,0
COM_1386,0,vietteltelecom.vn,vietteltelecom.vn,vn,1,0,0
COM_1387,0,viettel.vn,viettel.vn,vn,1,0,0
COM_1388,0,s.viettel.vn,viettel.vn,vn,1,0,0
COM_1393,0,viettel.vn,viettel.vn,vn,1,0,0
COM_1394,0,viettel.vn,viettel.vn,vn,1,0,0
COM_1395,0,viettel.vn,viettel.vn,vn,1,0,0
COM_1401,0,viettel.vn,viettel.vn,vn,1,0,0
COM_1402,0,vietteltelecom.vn,vietteltelecom.vn,vn,1,0,0
COM_1405,0,viettel.vn,viettel.vn,vn,1,0,0
COM_1406,0,viettel.vn,viettel.vn,vn,1,0,0
COM_1409,0,tv360.vn,tv360.vn,vn,1,0,0
COM_1413,0,viettel.vn,viettel.vn,vn,1,0,0
COM_1415,0,viettel.vn,viettel.vn,vn,1,0,0
COM_1416,0,viettel.vn,viettel.vn,vn,1,0,0
COM_1418,0,viettel.vn,viettel.vn,vn,1,0,0
COM_1419,0,viettel.vn,viettel.vn,vn,1,0,0
COM_1423,0,vietteltelecom.vn,vietteltelecom.vn,vn,1,0,0
COM_1426,0,viettel.vn,viettel.vn,vn,1,0,0
COM_1427,0,viettel.vn,viettel.vn,vn,1,0,0
COM_1429,0,vietteltelecom.vn,vietteltelecom.vn,vn,1,0,0
COM_1431,0,vietteltelecom.vn,vietteltelecom.vn,vn,1,0,0
COM_1432,0,viettel.vn,viettel.vn,vn,1,0,0
COM_1435,0,viettel.vn,viettel.vn,vn,1,0,0
COM_1440,0,viettel.vn,viettel.vn,vn,1,0,0
COM_1442,0,viettel.vn,viettel.vn,vn,1,0,0
COM_1442,0,vietteltelecom.vn,vietteltelecom.vn,vn,1,0,0
COM_1443,0,viettel.vn,viettel.vn,vn,1,0,0
COM_1443,0,vietteltelecom.vn,vietteltelecom.vn,vn,1,0,0
COM_1444,0,viettel.vn,viettel.vn,vn,1,0,0
COM_1446,0,viettel.vn,viettel.vn,vn,1,0,0
COM_1447,0,viettel.vn,viettel.vn,vn,1,0,0
COM_1448,0,viettel.vn,viettel.vn,vn,1,0,0
COM_1451,0,vietteltelecom.vn,vietteltelecom.vn,vn,1,0,0
COM_1452,0,viettelmoney.vn,viettelmoney.vn,vn,1,0,0
COM_1455,0,viettel.vn,viettel.vn,vn,1,0,0
COM_1744,0,online2in1card.vib.com.vn,vib.com.vn,vn,1,0,0
COM_2029,0,my.vnpt.com.vn,vnpt.com.vn,vn,1,0,0
COM_2032,0,viettel.vn,viettel.vn,vn,1,0,0
COM_2033,0,viettel.vn,viettel.vn,vn,1,0,0
COM_2034,0,viettel.vn,viettel.vn,vn,1,0,0
COM_2038,0,viettelmoney.go.link,go.link,link,1,1,0
COM_2039,0,tv360.vn,tv360.vn,vn,1,0,0
COM_2042,0,viettel.vn,viettel.vn,vn,1,0,0
COM_2093,0,kiotvietbiz.vn,kiotvietbiz.vn,vn,1,0,0
COM_2097,0,my.vnpt.com.vn,vnpt.com.vn,vn,1,0,0
COM_2097,0,digishop.vnpt.vn,vnpt.vn,vn,1,0,0
COM_2103,0,gamev.vn,gamev.vn,vn,1,0,0
COM_2105,0,gametp.vn,gametp.vn,vn,1,0,0
COM_2106,0,my.vnpt.com.vn,vnpt.com.vn,vn,1,0,0
COM_2106,0,digishop.vnpt.vn,vnpt.vn,vn,1,0,0
COM_2108,0,mkara.com.vn,mkara.com.vn,vn,1,0,0
COM_2109,0,vuihoc.vn,vuihoc.vn,vn,1,0,0
COM_2111,0,gamehappy.vn,gamehappy.vn,vn,1,0,0
COM_2112,0,gametp.vn,gametp.vn,vn,1,0,0
COM_2113,0,vngenai.vn,vngenai.vn,vn,1,0,0
COM_2115,0,gmgame.vn,gmgame.vn,vn,1,0,0
COM_2120,0,onegame.com.vn,onegame.com.vn,vn,1,0,0
COM_2121,0,cambridge.vn,cambridge.vn,vn,1,0,0
COM_2123,0,mkara.com.vn,mkara.com.vn,vn,1,0,0
COM_2124,0,my.vnpt.com.vn,vnpt.com.vn,vn,1,0,0
COM_2127,0,mkara.com.vn,mkara.com.vn,vn,1,0,0
COM_2129,0,mdhl.tayninh.gov.vn,tayninh.gov.vn,vn,1,0,0
COM_2130,0,gamev.vn,gamev.vn,vn,1,0,0
COM_2131,0,cambridge.vn,cambridge.vn,vn,1,0,0
COM_2132,0,onegame.com.vn,onegame.com.vn,vn,1,0,0
COM_2135,0,dgmdhl.tayninh.gov.vn,tayninh.gov.vn,vn,1,0,0
COM_2136,0,laixevenha.vn,laixevenha.vn,vn,1,0,0
COM_2137,0,my.vnpt.com.vn,vnpt.com.vn,vn,1,0,0
COM_2138,0,laixevenha.vn,laixevenha.vn,vn,1,0,0
COM_2139,0,laixevenha.vn,laixevenha.vn,vn,1,0,0
COM_2139,0,dvs.vnpt.vn,vnpt.vn,vn,1,0,0
COM_2140,0,laixevenha.vn,laixevenha.vn,vn,1,0,0
COM_2141,0,laixevenha.vn,laixevenha.vn,vn,1,0,0
COM_2141,0,dvs.vnpt.vn,vnpt.vn,vn,1,0,0
COM_2142,0,laixevenha.vn,laixevenha.vn,vn,1,0,0
COM_2143,0,laixevenha.vn,laixevenha.vn,vn,1,0,0
COM_2143,0,dvs.vnpt.vn,vnpt.vn,vn,1,0,0
COM_2144,0,laixevenha.vn,laixevenha.vn,vn,1,0,0
COM_2145,0,dvs.vnpt.vn,vnpt.vn,vn,1,0,0
COM_2145,0,laixevenha.vn,laixevenha.vn,vn,1,0,0
COM_2146,0,digishop.vnpt.vn,vnpt.vn,vn,1,0,0
COM_2147,0,my.vnpt.com.vn,vnpt.com.vn,vn,1,0,0
COM_2148,0,laixevenha.vn,laixevenha.vn,vn,1,0,0
COM_2153,0,km.vnptmoney.vn,vnptmoney.vn,vn,1,0,0
COM_2154,0,my.vnpt.com.vn,vnpt.com.vn,vn,1,0,0
COM_2155,0,laixevenha.vn,laixevenha.vn,vn,1,0,0
COM_2157,0,laixevenha.vn,laixevenha.vn,vn,1,0,0
COM_2158,0,dvs.vnpt.vn,vnpt.vn,vn,1,0,0
COM_2158,0,laixevenha.vn,laixevenha.vn,vn,1,0,0
COM_2159,0,km.vnptmoney.vn,vnptmoney.vn,vn,1,0,0
COM_2160,0,play.app.goo.gl,goo.gl,gl,1,1,1
COM_2161,0,laixevenha.vn,laixevenha.vn,vn,1,0,0
COM_2162,0,laixevenha.vn,laixevenha.vn,vn,1,0,0
COM_2163,0,laixevenha.vn,laixevenha.vn,vn,1,0,0
COM_2163,0,dvs.vnpt.vn,vnpt.vn,vn,1,0,0
COM_2164,0,laixevenha.vn,laixevenha.vn,vn,1,0,0
COM_2165,0,laixevenha.vn,laixevenha.vn,vn,1,0,0
COM_2166,0,dvs.vnpt.vn,vnpt.vn,vn,1,0,0
COM_2166,0,laixevenha.vn,laixevenha.vn,vn,1,0,0
COM_2170,0,laixevenha.vn,laixevenha.vn,vn,1,0,0
COM_2171,0,laixevenha.vn,laixevenha.vn,vn,1,0,0
COM_2172,0,laixevenha.vn,laixevenha.vn,vn,1,0,0
COM_2174,0,laixevenha.vn,laixevenha.vn,vn,1,0,0
COM_2175,0,my.vnpt.com.vn,vnpt.com.vn,vn,1,0,0
COM_2176,0,my.vnpt.com.vn,vnpt.com.vn,vn,1,0,0
COM_2177,0,my.vnpt.com.vn,vnpt.com.vn,vn,1,0,0
COM_2179,0,mytv.com.vn,mytv.com.vn,vn,1,0,0
COM_2181,0,laixevenha.vn,laixevenha.vn,vn,1,0,0
COM_2183,0,laixevenha.vn,laixevenha.vn,vn,1,0,0
COM_2184,0,my.vnpt.com.vn,vnpt.com.vn,vn,1,0,0
COM_2185,0,applepay.ma,applepay.ma,ma,1,0,0
COM_2186,0,digishop.vnpt.vn,vnpt.vn,vn,1,0,0
COM_2187,0,my.vnpt.com.vn,vnpt.com.vn,vn,1,0,0
COM_2189,0,laixevenha.vn,laixevenha.vn,vn,1,0,0
COM_2189,0,mathx.vn,mathx.vn,vn,1,0,0
COM_2191,0,laixevenha.vn,laixevenha.vn,vn,1,0,0
COM_2192,0,my.vnpt.com.vn,vnpt.com.vn,vn,1,0,0
COM_2193,0,my.vnpt.com.vn,vnpt.com.vn,vn,1,0,0
COM_2194,0,gameasy.vn,gameasy.vn,vn,1,0,0
COM_2195,0,dvs.vnpt.vn,vnpt.vn,vn,1,0,0
COM_2196,0,my.vnpt.com.vn,vnpt.com.vn,vn,1,0,0
COM_2197,0,my.vnpt.com.vn,vnpt.com.vn,vn,1,0,0
COM_2198,0,my.vnpt.com.vn,vnpt.com.vn,vn,1,0,0
COM_2199,0,my.vnpt.com.vn,vnpt.com.vn,vn,1,0,0
COM_2201,0,meclip.vn,meclip.vn,vn,1,0,0
COM_2204,0,my.vnpt.com.vn,vnpt.com.vn,vn,1,0,0
COM_2206,0,km.vnptmoney.vn,vnptmoney.vn,vn,1,0,0
COM_2207,0,my.vnpt.com.vn,vnpt.com.vn,vn,1,0,0
COM_2208,0,my.vnpt.com.vn,vnpt.com.vn,vn,1,0,0
COM_2209,0,km.vnptmoney.vn,vnptmoney.vn,vn,1,0,0
COM_2210,0,my.vnpt.com.vn,vnpt.com.vn,vn,1,0,0
COM_2211,0,my.vnpt.com.vn,vnpt.com.vn,vn,1,0,0
COM_2212,0,digishop.vnpt.vn,vnpt.vn,vn,1,0,0
COM_2213,0,05.han,05.han,han,0,0,0
COM_2214,0,my.vnpt.com.vn,vnpt.com.vn,vn,1,0,0
COM_2215,0,km.vnptmoney.vn,vnptmoney.vn,vn,1,0,0
COM_2216,0,hsdt.umc2.edu.vn,umc2.edu.vn,vn,1,0,0
COM_2217,0,bicagame.vn,bicagame.vn,vn,1,0,0
COM_2219,0,cambridge.vn,cambridge.vn,vn,1,0,0
COM_2220,0,mytv.com.vn,mytv.com.vn,vn,1,0,0
COM_2221,0,dvs.vnpt.vn,vnpt.vn,vn,1,0,0
COM_2223,0,mkara.com.vn,mkara.com.vn,vn,1,0,0
COM_2224,0,dvs.vnpt.vn,vnpt.vn,vn,1,0,0
COM_2225,0,05.han,05.han,han,0,0,0
COM_2229,0,dvs.vnpt.vn,vnpt.vn,vn,1,0,0
COM_2230,0,my.vnpt.com.vn,vnpt.com.vn,vn,1,0,0
COM_2233,0,gmgame.vn,gmgame.vn,vn,1,0,0
COM_2234,0,dvs.vnpt.vn,vnpt.vn,vn,1,0,0
COM_2234,0,id.gosu.vn,gosu.vn,vn,1,0,0
COM_2235,0,km.vnptmoney.vn,vnptmoney.vn,vn,1,0,0
COM_2236,0,my.vnpt.com.vn,vnpt.com.vn,vn,1,0,0
COM_2238,0,my.vnpt.com.vn,vnpt.com.vn,vn,1,0,0
COM_2239,0,my.vnpt.com.vn,vnpt.com.vn,vn,1,0,0
COM_2240,0,my.vnpt.com.vn,vnpt.com.vn,vn,1,0,0
COM_2241,0,my.vnpt.com.vn,vnpt.com.vn,vn,1,0,0
COM_2242,0,my.vnpt.com.vn,vnpt.com.vn,vn,1,0,0
COM_2245,0,my.vnpt.com.vn,vnpt.com.vn,vn,1,0,0
COM_2246,0,06.han,06.han,han,0,0,0
COM_2248,0,km.vnptmoney.vn,vnptmoney.vn,vn,1,0,0
COM_2249,0,agame.vn,agame.vn,vn,1,0,0
COM_2251,0,my.vnpt.com.vn,vnpt.com.vn,vn,1,0,0
COM_2254,0,my.vnpt.com.vn,vnpt.com.vn,vn,1,0,0
COM_2255,0,gamev.vn,gamev.vn,vn,1,0,0
COM_2255,0,dvs.vnpt.vn,vnpt.vn,vn,1,0,0
COM_2259,0,id.gosu.vn,gosu.vn,vn,1,0,0
COM_2260,0,digishop.vnpt.vn,vnpt.vn,vn,1,0,0
COM_2261,0,my.vnpt.com.vn,vnpt.com.vn,vn,1,0,0
COM_2262,0,gametp.vn,gametp.vn,vn,1,0,0
COM_2263,0,mangoplus.vn,mangoplus.vn,vn,1,0,0
COM_2264,0,my.vnpt.com.vn,vnpt.com.vn,vn,1,0,0
COM_2265,0,dvs.vnpt.vn,vnpt.vn,vn,1,0,0
COM_2266,0,khuyenmai.vinaphone.com.vn,vinaphone.com.vn,vn,1,0,0
COM_2267,0,gametp.vn,gametp.vn,vn,1,0,0
COM_2268,0,agame.vn,agame.vn,vn,1,0,0
COM_2269,0,mkara.com.vn,mkara.com.vn,vn,1,0,0
COM_2269,0,dvs.vnpt.vn,vnpt.vn,vn,1,0,0
COM_2271,0,06.han,06.han,han,0,0,0
COM_2275,0,gametp.vn,gametp.vn,vn,1,0,0
COM_2277,0,my.vnpt.com.vn,vnpt.com.vn,vn,1,0,0
COM_2278,0,dvs.vnpt.vn,vnpt.vn,vn,1,0,0
COM_2282,0,mytv.com.vn,mytv.com.vn,vn,1,0,0
COM_2283,0,mathx.vn,mathx.vn,vn,1,0,0
COM_2283,0,mathx.vn,mathx.vn,vn,1,0,0
COM_2284,0,mkara.com.vn,mkara.com.vn,vn,1,0,0
COM_2284,0,dvs.vnpt.vn,vnpt.vn,vn,1,0,0
COM_2287,0,mkara.com.vn,mkara.com.vn,vn,1,0,0
COM_2287,0,dvs.vnpt.vn,vnpt.vn,vn,1,0,0
COM_2288,0,mkara.com.vn,mkara.com.vn,vn,1,0,0
COM_2290,0,dvs.vnpt.vn,vnpt.vn,vn,1,0,0
COM_2291,0,dvs.vnpt.vn,vnpt.vn,vn,1,0,0
COM_2292,0,khuyenmai.vinaphone.com.vn,vinaphone.com.vn,vn,1,0,0
COM_2294,0,family.vnstudy.vn,vnstudy.vn,vn,1,0,0
COM_2298,0,dimarket.vn,dimarket.vn,vn,1,0,0
COM_2299,0,khuyenmai.vinaphone.com.vn,vinaphone.com.vn,vn,1,0,0
COM_2300,0,khuyenmai.vinaphone.com.vn,vinaphone.com.vn,vn,1,0,0
COM_2301,0,my.vnpt.com.vn,vnpt.com.vn,vn,1,0,0
COM_2304,0,khuyenmai.vinaphone.com.vn,vinaphone.com.vn,vn,1,0,0
COM_2305,0,mkara.com.vn,mkara.com.vn,vn,1,0,0
COM_2306,0,gametp.vn,gametp.vn,vn,1,0,0
COM_2307,0,khuyenmai.vinaphone.com.vn,vinaphone.com.vn,vn,1,0,0
COM_2309,0,my.vnpt.com.vn,vnpt.com.vn,vn,1,0,0
COM_2310,0,my.vnpt.com.vn,vnpt.com.vn,vn,1,0,0
COM_2312,0,my.vnpt.com.vn,vnpt.com.vn,vn,1,0,0
COM_2313,0,gamev.vn,gamev.vn,vn,1,0,0
COM_2315,0,play.google.com,google.com,com,1,0,0
COM_2316,0,vplay.vn,vplay.vn,vn,1,0,0
COM_2320,0,id.gosu.vn,gosu.vn,vn,1,0,0
COM_2322,0,khuyenmai.vinaphone.com.vn,vinaphone.com.vn,vn,1,0,0
COM_2324,0,vinaon.vn,vinaon.vn,vn,1,0,0
COM_2332,0,my.vnpt.com.vn,vnpt.com.vn,vn,1,0,0
COM_2333,0,khuyenmai.vinaphone.com.vn,vinaphone.com.vn,vn,1,0,0
COM_2334,0,khuyenmai.vinaphone.com.vn,vinaphone.com.vn,vn,1,0,0
COM_2337,0,khuyenmai.vinaphone.com.vn,vinaphone.com.vn,vn,1,0,0
COM_2341,0,tb.vnptmoney.vn,vnptmoney.vn,vn,1,0,0
COM_2341,0,hcvn.app,hcvn.app,app,1,0,0
COM_2344,0,tb.vnptmoney.vn,vnptmoney.vn,vn,1,0,0
COM_2345,0,evn.tayninh,evn.tayninh,tayninh,0,0,0
COM_2347,0,viettel.vn,viettel.vn,vn,1,0,0
COM_2348,0,reoqoovn.com.vn,reoqoovn.com.vn,vn,1,0,0
COM_2349,0,my.vnpt.com.vn,vnpt.com.vn,vn,1,0,0
COM_2350,0,vietteltelecom.vn,vietteltelecom.vn,vn,1,0,0
COM_2353,0,mkara.com.vn,mkara.com.vn,vn,1,0,0
COM_2354,0,cartoongame.vn,cartoongame.vn,vn,1,0,0
COM_2356,0,vplay.vn,vplay.vn,vn,1,0,0
COM_2357,0,my.vnpt.com.vn,vnpt.com.vn,vn,1,0,0
COM_2360,0,my.vnpt.com.vn,vnpt.com.vn,vn,1,0,0
COM_2360,0,digishop.vnpt.vn,vnpt.vn,vn,1,0,0
COM_2362,0,gametp.vn,gametp.vn,vn,1,0,0
COM_2362,0,dvs.vnpt.vn,vnpt.vn,vn,1,0,0
COM_2363,0,dvs.vnpt.vn,vnpt.vn,vn,1,0,0
COM_2367,0,my.vnpt.com.vn,vnpt.com.vn,vn,1,0,0
COM_2368,0,gametp.vn,gametp.vn,vn,1,0,0
COM_2373,0,my.vnpt.com.vn,vnpt.com.vn,vn,1,0,0
COM_2380,0,my.vnpt.com.vn,vnpt.com.vn,vn,1,0,0
COM_2385,0,ebank.msb.com.vn,msb.com.vn,vn,1,0,0
COM_2403,0,km.vnptmoney.vn,vnptmoney.vn,vn,1,0,0
COM_2404,0,km.vnptmoney.vn,vnptmoney.vn,vn,1,0,0
COM_2405,0,km.vnptmoney.vn,vnptmoney.vn,vn,1,0,0
COM_2406,0,km.vnptmoney.vn,vnptmoney.vn,vn,1,0,0
COM_2412,0,gmail.com,gmail.com,com,1,0,0
COM_2412,0,google.com,google.com,com,1,0,0
COM_2413,0,gmail.com,gmail.com,com,1,0,0
COM_2414,0,gmail.com,gmail.com,com,1,0,0
COM_2416,0,k.tra,k.tra,tra,0,0,0
COM_2417,0,k.tra,k.tra,tra,0,0,0
COM_2419,0,ads.mytv.com.vn,mytv.com.vn,vn,1,0,0
COM_2420,0,ads.mytv.com.vn,mytv.com.vn,vn,1,0,0
COM_2429,0,tgdv.vtscloud.vn,vtscloud.vn,vn,1,0,0
COM_2431,0,go.vn,go.vn,vn,1,0,0
COM_2435,0,kmttqg.vietrade.gov.vn,vietrade.gov.vn,vn,1,0,0
COM_2436,0,kmttqg.vietrade.gov.vn,vietrade.gov.vn,vn,1,0,0
COM_2439,0,vnpt.tinvay.com.vn,tinvay.com.vn,vn,1,0,0
COM_2440,0,gon.dk,gon.dk,dk,1,0,0
COM_2440,0,vnpt.tinvay.com.vn,tinvay.com.vn,vn,1,0,0
COM_2441,0,my.vnpt.com.vn,vnpt.com.vn,vn,1,0,0
COM_2442,0,my.vnpt.com.vn,vnpt.com.vn,vn,1,0,0
COM_2443,0,my.vnpt.com.vn,vnpt.com.vn,vn,1,0,0
COM_2444,0,my.vnpt.com.vn,vnpt.com.vn,vn,1,0,0
COM_2450,0,tinyurl.com,tinyurl.com,com,1,1,1
COM_2451,0,tinyurl.com,tinyurl.com,com,1,1,1
COM_2453,0,www.vietnamobile.com.vn,vietnamobile.com.vn,vn,1,0,0
COM_2454,0,tinyurl.com,tinyurl.com,com,1,1,1
COM_2458,0,meclip.vn,meclip.vn,vn,1,0,0
COM_2460,0,dan.soan,dan.soan,soan,0,0,0
COM_2460,0,qk.tu,qk.tu,tu,0,0,0
COM_2463,0,gmail.com,gmail.com,com,1,0,0
COM_2475,0,memusic.vn,memusic.vn,vn,1,0,0
COM_2476,0,memusic.vn,memusic.vn,vn,1,0,0
COM_2476,0,onelink.to,onelink.to,to,1,1,0
COM_2477,0,vangtraotay.vn,vangtraotay.vn,vn,1,0,0
COM_2483,0,id.dealtoday.vn,dealtoday.vn,vn,1,0,0
COM_2491,0,app.vnpay.vn,vnpay.vn,vn,1,0,0
COM_2494,0,qk.tu,qk.tu,tu,0,0,0
COM_2501,0,tp.hcm,tp.hcm,hcm,0,0,0
COM_2501,0,hang.ho,hang.ho,ho,0,0,0
COM_2515,0,my.vnpt.com.vn,vnpt.com.vn,vn,1,0,0
COM_2516,0,vnpt.com.vn,vnpt.com.vn,vn,1,0,0
COM_2517,0,my.vnpt.com.vn,vnpt.com.vn,vn,1,0,0
COM_2518,0,my.vnpt.com.vn,vnpt.com.vn,vn,1,0,0
COM_2521,0,thitimhieuluatphongchongmatuy.vn,thitimhieuluatphongchongmatuy.vn,vn,1,0,0
COM_2523,0,km.vnptmoney.vn,vnptmoney.vn,vn,1,0,0
COM_2524,0,tt.vnptmoney.vn,vnptmoney.vn,vn,1,0,0
COM_2525,0,km.vnptmoney.vn,vnptmoney.vn,vn,1,0,0
COM_2526,0,km.vnptmoney.vn,vnptmoney.vn,vn,1,0,0
COM_2547,0,chiase.mobifone.vn,mobifone.vn,vn,1,0,0
COM_2548,0,chiase.mobifone.vn,mobifone.vn,vn,1,0,0
COM_2553,0,cliptv.vn,cliptv.vn,vn,1,0,0
COM_2555,0,dx.gov.vn,dx.gov.vn,vn,1,0,0
COM_2556,0,catp.hcm,catp.hcm,hcm,0,0,0
COM_2561,0,dichvucong.gov.vn,dichvucong.gov.vn,vn,1,0,0
COM_2561,0,dichvucong.bocongan.gov.vn,bocongan.gov.vn,vn,1,0,0
COM_2575,0,thitimhieuluatphongchongmatuy.vn,thitimhieuluatphongchongmatuy.vn,vn,1,0,0
COM_2580,0,9b.moi.ssd,9b.moi.ssd,ssd,0,0,0
COM_2581,0,l.o2o.vn,o2o.vn,vn,1,1,0
COM_2585,0,mymobifone.page.link,page.link,link,1,1,1
COM_2586,0,mymobifone.page.link,page.link,link,1,1,1
COM_2588,0,my.vnpt.com.vn,vnpt.com.vn,vn,1,0,0
COM_2592,0,bit.ly,bit.ly,ly,1,1,1
COM_2595,0,mobistudy.vn,mobistudy.vn,vn,1,0,0
COM_2599,0,lottecinemavn.com,lottecinemavn.com,com,1,0,0
COM_2600,0,pgi.com.vn,pgi.com.vn,vn,1,0,0
COM_2601,0,ecogreen.com.vn,ecogreen.com.vn,vn,1,0,0
COM_2602,0,t.me,t.me,me,1,0,0
COM_2604,0,tp.hcm,tp.hcm,hcm,0,0,0
COM_2614,0,api.mobifone.vn,mobifone.vn,vn,1,0,0
COM_2615,0,ahamove.onelink.me,onelink.me,me,1,1,0
COM_2617,0,bit.ly,bit.ly,ly,1,1,1
COM_2618,0,kmttqg.vietrade.gov.vn,vietrade.gov.vn,vn,1,0,0
COM_2619,0,bit.ly,bit.ly,ly,1,1,1
COM_2620,0,vletcombank.com,vletcombank.com,com,1,0,0
COM_2628,0,thitimhieuphapluat.moj.gov.vn,moj.gov.vn,vn,1,0,0
COM_2629,0,themanson.vn,themanson.vn,vn,1,0,0
COM_2633,0,lzd.co,lzd.co,co,1,1,0
COM_2634,0,lzd.co,lzd.co,co,1,1,0
COM_2636,0,speedtest.vn,speedtest.vn,vn,1,0,0
COM_2637,0,glive.vn,glive.vn,vn,1,0,0
COM_2638,0,glive.vn,glive.vn,vn,1,0,0
COM_2639,0,glive.vn,glive.vn,vn,1,0,0
COM_2640,0,glive.vn,glive.vn,vn,1,0,0
COM_2641,0,tp.hcm,tp.hcm,hcm,0,0,0
COM_2641,0,tp.hcm,tp.hcm,hcm,0,0,0
COM_2643,0,glive.vn,glive.vn,vn,1,0,0
COM_2644,0,glive.vn,glive.vn,vn,1,0,0
COM_2645,0,glive.vn,glive.vn,vn,1,0,0
COM_2646,0,glive.vn,glive.vn,vn,1,0,0
COM_2647,0,cao.de,cao.de,de,1,0,0
COM_2647,0,glive.vn,glive.vn,vn,1,0,0
COM_2647,0,ngay.tcqc,ngay.tcqc,tcqc,0,0,0
COM_2649,0,vangtraotay.vn,vangtraotay.vn,vn,1,0,0
COM_2650,0,stv.net.vn,stv.net.vn,vn,1,0,0
COM_2651,0,stv.net.vn,stv.net.vn,vn,1,0,0
COM_2653,0,onlinecard.vib.com.vn,vib.com.vn,vn,1,0,0
COM_2656,0,m.phi,m.phi,phi,0,0,0
COM_2661,0,broward.edu.vn,broward.edu.vn,vn,1,0,0
COM_2666,0,vnptpay.vn,vnptpay.vn,vn,1,0,0
COM_2667,0,vinaphone.vietlottsms.vn,vietlottsms.vn,vn,1,0,0
COM_2670,0,thitimhieuluatcanhsatbienvietnam.vn,thitimhieuluatcanhsatbienvietnam.vn,vn,1,0,0
COM_2672,0,btec.fpt.edu.vn,fpt.edu.vn,vn,1,0,0
COM_2688,0,mca.vinaphone.com.vn,vinaphone.com.vn,vn,1,0,0
COM_2689,0,vangtraotay.vn,vangtraotay.vn,vn,1,0,0
COM_2690,0,mca.vinaphone.com.vn,vinaphone.com.vn,vn,1,0,0
COM_2693,0,vt.viettelpay.vn,viettelpay.vn,vn,1,0,0
COM_2694,0,vt.viettelpay.vn,viettelpay.vn,vn,1,0,0
COM_2698,0,bit.ly,bit.ly,ly,1,1,1
COM_2699,0,bit.ly,bit.ly,ly,1,1,1
COM_2700,0,bit.ly,bit.ly,ly,1,1,1
COM_2700,0,bit.ly,bit.ly,ly,1,1,1
COM_2703,0,vangtraotay.vn,vangtraotay.vn,vn,1,0,0
COM_2705,0,vangtraotay.vn,vangtraotay.vn,vn,1,0,0
COM_2707,0,vangtraotay.vn,vangtraotay.vn,vn,1,0,0
COM_2708,0,vangtraotay.vn,vangtraotay.vn,vn,1,0,0
COM_2709,0,vangtraotay.vn,vangtraotay.vn,vn,1,0,0
COM_2710,0,vangtraotay.vn,vangtraotay.vn,vn,1,0,0
COM_2711,0,vangtraotay.vn,vangtraotay.vn,vn,1,0,0
COM_2713,0,vangtraotay.vn,vangtraotay.vn,vn,1,0,0
COM_2714,0,ga.sau,ga.sau,sau,0,0,0
COM_2714,0,ngay.tcqc,ngay.tcqc,tcqc,0,0,0
COM_2715,0,sclip.vn,sclip.vn,vn,1,0,0
COM_2715,0,vangtraotay.vn,vangtraotay.vn,vn,1,0,0
COM_2716,0,ga.sau,ga.sau,sau,0,0,0
COM_2716,0,ngay.tcqc,ngay.tcqc,tcqc,0,0,0
COM_2717,0,adsblock.vn,adsblock.vn,vn,1,0,0
COM_2718,0,adsblock.vn,adsblock.vn,vn,1,0,0
COM_2722,0,vangtraotay.vn,vangtraotay.vn,vn,1,0,0
COM_2723,0,vangtraotay.vn,vangtraotay.vn,vn,1,0,0
COM_2724,0,sjc.sau,sjc.sau,sau,0,0,0
COM_2724,0,ngay.tcqc,ngay.tcqc,tcqc,0,0,0
COM_2726,0,vangtraotay.vn,vangtraotay.vn,vn,1,0,0
COM_2727,0,rsx.sau,rsx.sau,sau,0,0,0
COM_2727,0,vangtraotay.vn,vangtraotay.vn,vn,1,0,0
COM_2728,0,vangtraotay.vn,vangtraotay.vn,vn,1,0,0
COM_2729,0,infoplus.vn,infoplus.vn,vn,1,0,0
COM_2729,0,vangtraotay.vn,vangtraotay.vn,vn,1,0,0
COM_2730,0,vangtraotay.vn,vangtraotay.vn,vn,1,0,0
COM_2732,0,mytunes.vn,mytunes.vn,vn,1,0,0
COM_2733,0,mytunes.vn,mytunes.vn,vn,1,0,0
COM_2734,0,cuasotinhyeu.net.vn.sau,cuasotinhyeu.net.vn.sau,sau,0,0,0
COM_2735,0,cuasotinhyeu.net.vn,cuasotinhyeu.net.vn,vn,1,0,0
COM_2737,0,5oo.oood,5oo.oood,oood,0,0,0
COM_2737,0,vangtraotay.vn,vangtraotay.vn,vn,1,0,0
COM_2739,0,vangtraotay.vn,vangtraotay.vn,vn,1,0,0
COM_2741,0,ocbm.runmobi.vn,runmobi.vn,vn,1,0,0
COM_2742,0,vangtraotay.vn,vangtraotay.vn,vn,1,0,0
COM_2742,0,ringtunes.vn,ringtunes.vn,vn,1,0,0
COM_2743,0,ringtunes.vn,ringtunes.vn,vn,1,0,0
COM_2744,0,ngay.tcqc,ngay.tcqc,tcqc,0,0,0
COM_2746,0,www.apestomen.com.vn,apestomen.com.vn,vn,1,0,0
COM_2747,0,m.phi,m.phi,phi,0,0,0
COM_2749,0,sao247.vn,sao247.vn,vn,1,0,0
COM_2749,0,ngay.tcqc,ngay.tcqc,tcqc,0,0,0
COM_2751,0,vangtraotay.vn,vangtraotay.vn,vn,1,0,0
COM_2752,0,giaitribox.vn,giaitribox.vn,vn,1,0,0
COM_2753,0,giaitribox.vn,giaitribox.vn,vn,1,0,0
COM_2754,0,vangtraotay.vn,vangtraotay.vn,vn,1,0,0
COM_2754,0,ngay.tcqc,ngay.tcqc,tcqc,0,0,0
COM_2755,0,vangtraotay.vn,vangtraotay.vn,vn,1,0,0
COM_2761,0,tinnhanh24.vn,tinnhanh24.vn,vn,1,0,0
COM_2765,0,vangtraotay.vn,vangtraotay.vn,vn,1,0,0
COM_2766,0,vangtraotay.vn,vangtraotay.vn,vn,1,0,0
COM_2767,0,gojek.com,gojek.com,com,1,0,0
COM_2770,0,v.m14.vn,m14.vn,vn,1,0,0
COM_2770,0,ngay.tu,ngay.tu,tu,0,0,0
COM_2771,0,tyvn.vmobile.com.vn,vmobile.com.vn,vn,1,0,0
COM_2772,0,v-care.vn,v-care.vn,vn,1,0,0
COM_2773,0,playbox.com.vn,playbox.com.vn,vn,1,0,0
COM_2774,0,playbox.com.vn,playbox.com.vn,vn,1,0,0
COM_2775,0,gsol.vn,gsol.vn,vn,1,0,0
COM_2776,0,gsol.vn,gsol.vn,vn,1,0,0
COM_2776,0,ngay.tcqc,ngay.tcqc,tcqc,0,0,0
COM_2777,0,histar.ansovang.vn,ansovang.vn,vn,1,0,0
COM_2777,0,ngay.tcqc,ngay.tcqc,tcqc,0,0,0
COM_2780,0,tnviet.vn,tnviet.vn,vn,1,0,0
COM_2781,0,tnviet.vn,tnviet.vn,vn,1,0,0
COM_2782,0,bluezone.gov.vn,bluezone.gov.vn,vn,1,0,0
COM_2785,0,v.fzone.vn,fzone.vn,vn,1,0,0
COM_2786,0,v.fzone.vn,fzone.vn,vn,1,0,0
COM_2787,0,funclip.vn,funclip.vn,vn,1,0,0
COM_2788,0,funclip.vn,funclip.vn,vn,1,0,0
COM_2789,0,tocdocao.chi,tocdocao.chi,chi,0,0,0
COM_2789,0,phaimanhplus.vn,phaimanhplus.vn,vn,1,0,0
COM_2789,0,ngay.tuchoi,ngay.tuchoi,tuchoi,0,0,0
COM_2790,0,xosophatloc.vn.saukm,xosophatloc.vn.saukm,saukm,0,0,0
COM_2790,0,ngay.tcqc,ngay.tcqc,tcqc,0,0,0
COM_2791,0,v-sky.vn,v-sky.vn,vn,1,0,0
COM_2792,0,gameshow.saukm,gameshow.saukm,saukm,0,0,0
COM_2792,0,ngay.tc,ngay.tc,tc,1,0,0
COM_2793,0,gameshows.vn.sau,gameshows.vn.sau,sau,0,0,0
COM_2793,0,ngay.tcqc,ngay.tcqc,tcqc,0,0,0
COM_2794,0,vcolour.vn,vcolour.vn,vn,1,0,0
COM_2795,0,englishnow.vn,englishnow.vn,vn,1,0,0
COM_2796,0,m2life.vn,m2life.vn,vn,1,0,0
COM_2800,0,hoi.tien,hoi.tien,tien,0,0,0
COM_2800,0,ngay.lh,ngay.lh,lh,0,0,0
COM_2804,0,isport.vn,isport.vn,vn,1,0,0
COM_2805,0,boxphim.vn,boxphim.vn,vn,1,0,0
COM_2808,0,viet.chuong,viet.chuong,chuong,0,0,0
COM_2808,0,ngay.tcqc,ngay.tcqc,tcqc,0,0,0
COM_2809,0,viet.ct,viet.ct,ct,0,0,0
COM_2809,0,ngay.tcqc,ngay.tcqc,tcqc,0,0,0
COM_2810,0,fungame.vn,fungame.vn,vn,1,0,0
COM_2811,0,dvhay.vn,dvhay.vn,vn,1,0,0
COM_2812,0,ustation.vn,ustation.vn,vn,1,0,0
COM_2814,0,bongdahot.vn,bongdahot.vn,vn,1,0,0
COM_2815,0,ngay.tcqc,ngay.tcqc,tcqc,0,0,0
COM_2816,0,ngay.tcqc,ngay.tcqc,tcqc,0,0,0
COM_2817,0,cuchot.vn,cuchot.vn,vn,1,0,0
COM_2817,0,ngay.tcqc,ngay.tcqc,tcqc,0,0,0
COM_2818,0,cuchot.vn,cuchot.vn,vn,1,0,0
COM_2818,0,ngay.tcqc,ngay.tcqc,tcqc,0,0,0
COM_2819,0,www.cuchot.vn,cuchot.vn,vn,1,0,0
COM_2819,0,tin.sau,tin.sau,sau,0,0,0
COM_2819,0,ngay.tcqc,ngay.tcqc,tcqc,0,0,0
COM_2820,0,vipdata.vn,vipdata.vn,vn,1,0,0
COM_2821,0,vipdata.vn,vipdata.vn,vn,1,0,0
COM_2822,0,attp.vn,attp.vn,vn,1,0,0
COM_2822,0,ngay.tcqc,ngay.tcqc,tcqc,0,0,0
COM_2823,0,attp.vn,attp.vn,vn,1,0,0
COM_2824,0,attp.vn,attp.vn,vn,1,0,0
COM_2824,0,ngay.tcqc,ngay.tcqc,tcqc,0,0,0
COM_2826,0,v.hayxem.vn,hayxem.vn,vn,1,0,0
COM_2827,0,v.hayxem.vn,hayxem.vn,vn,1,0,0
COM_2830,0,ngay.lh,ngay.lh,lh,0,0,0
COM_2831,0,vlixi.vn,vlixi.vn,vn,1,0,0
COM_2833,0,giaitrivn.net,giaitrivn.net,net,1,0,0
COM_2834,0,giaitrivn.net,giaitrivn.net,net,1,0,0
COM_2835,0,clipmobile.saukm,clipmobile.saukm,saukm,0,0,0
COM_2835,0,ngay.tc,ngay.tc,tc,1,0,0
COM_2836,0,ngay.tcqc,ngay.tcqc,tcqc,0,0,0
COM_2839,0,tintaichinh360.vn,tintaichinh360.vn,vn,1,0,0
COM_2841,0,thuong.saukm,thuong.saukm,saukm,0,0,0
COM_2841,0,ngay.tcqc,ngay.tcqc,tcqc,0,0,0
COM_2842,0,nhe.tuchoi,nhe.tuchoi,tuchoi,0,0,0
COM_2849,0,mylucky.vn.sau,mylucky.vn.sau,sau,0,0,0
COM_2849,0,ngay.tcqc,ngay.tcqc,tcqc,0,0,0
COM_2850,0,learn4fun.vn,learn4fun.vn,vn,1,0,0
COM_2851,0,mwinpro.vn,mwinpro.vn,vn,1,0,0
COM_2855,0,daiduongdsa.vn,daiduongdsa.vn,vn,1,0,0
COM_2856,0,itravels.vn,itravels.vn,vn,1,0,0
COM_2857,0,itravels.vn,itravels.vn,vn,1,0,0
COM_2858,0,itravels.vn,itravels.vn,vn,1,0,0
COM_2862,0,vskill.vn,vskill.vn,vn,1,0,0
COM_2864,0,onelink.to,onelink.to,to,1,1,0
COM_2864,0,suckhoetoandan.vn,suckhoetoandan.vn,vn,1,0,0
COM_2864,0,tokhaiyte.vn,tokhaiyte.vn,vn,1,0,0
COM_2865,0,ncovi.vn,ncovi.vn,vn,1,0,0
COM_2865,0,tokhaiyte.vn,tokhaiyte.vn,vn,1,0,0
COM_2866,0,attp.vn,attp.vn,vn,1,0,0
COM_2868,0,m.kho-clip.com,kho-clip.com,com,1,0,0
COM_2870,0,phongthuytrondoi.com.sau,phongthuytrondoi.com.sau,sau,0,0,0
COM_2871,0,kenhgiaitrivn.net,kenhgiaitrivn.net,net,1,0,0
COM_2876,0,www.vietnamobile.com.vn,vietnamobile.com.vn,vn,1,0,0
COM_2881,0,bit.ly,bit.ly,ly,1,1,1
COM_2884,0,bit.ly,bit.ly,ly,1,1,1
COM_2884,0,123.chi,123.chi,chi,0,0,0
COM_2893,0,vietnamobile.com.vn,vietnamobile.com.vn,vn,1,0,0
COM_2902,0,tien.tu,tien.tu,tu,0,0,0
COM_2903,0,tien.tu,tien.tu,tu,0,0,0
COM_2904,0,tddn.vn,tddn.vn,vn,1,0,0
COM_2908,0,happyring.vietnamobile.com.vn,vietnamobile.com.vn,vn,1,0,0
COM_2909,0,happyring.vietnamobile.com.vn,vietnamobile.com.vn,vn,1,0,0
COM_2910,0,happyring.vietnamobile.com.vn,vietnamobile.com.vn,vn,1,0,0
COM_2911,0,www.vietnamobile.com.vn,vietnamobile.com.vn,vn,1,0,0
COM_2920,0,www.facebook.com,facebook.com,com,1,0,0
COM_2923,0,dinh.tu,dinh.tu,tu,0,0,0
COM_2929,0,vntiki.onelink.me,onelink.me,me,1,1,0
COM_2935,0,dhht.vn,dhht.vn,vn,1,0,0
COM_2936,0,id.vin,id.vin,vin,1,1,0
COM_2940,0,tp.hcm,tp.hcm,hcm,0,0,0
COM_2941,0,tp.hcm,tp.hcm,hcm,0,0,0
COM_2943,0,tvshow.mobifone.vn,mobifone.vn,vn,1,0,0
COM_2943,0,tvshow.giaitri24h.com.vn,giaitri24h.com.vn,vn,1,0,0
COM_2944,0,tvshow.mobifone.vn,mobifone.vn,vn,1,0,0
COM_2944,0,tvshow.giaitri24h.com.vn,giaitri24h.com.vn,vn,1,0,0
COM_2945,0,tvshow.mobifone.vn,mobifone.vn,vn,1,0,0
COM_2945,0,tvshow.giaitri24h.com.vn,giaitri24h.com.vn,vn,1,0,0
COM_2946,0,tvshow.mobifone.vn,mobifone.vn,vn,1,0,0
COM_2946,0,tvshow.giaitri24h.com.vn,giaitri24h.com.vn,vn,1,0,0
COM_2949,0,mayman.myfoto.vn,myfoto.vn,vn,1,0,0
COM_2951,0,mayman.myfoto.vn,myfoto.vn,vn,1,0,0
COM_2953,0,coccoc.com,coccoc.com,com,1,0,0
COM_2954,0,mbf.vn,mbf.vn,vn,1,0,0
COM_2954,0,next.mobifone.vn,mobifone.vn,vn,1,0,0
COM_2956,0,ngay.lh,ngay.lh,lh,0,0,0
COM_2959,0,my.vnpt.com.vn,vnpt.com.vn,vn,1,0,0
COM_2961,0,vietteltelecom.vn,vietteltelecom.vn,vn,1,0,0
COM_2962,0,my.vnpt.com.vn,vnpt.com.vn,vn,1,0,0
COM_2967,0,viettel.vn,viettel.vn,vn,1,0,0
COM_2968,0,my.vnpt.com.vn,vnpt.com.vn,vn,1,0,0
COM_2970,0,tgdv.vtscloud.vn,vtscloud.vn,vn,1,0,0
COM_2972,0,khaosat1913.com,khaosat1913.com,com,1,0,0
COM_2973,0,tracking.be.com.vn,be.com.vn,vn,1,0,0
COM_2979,0,kmttqg.vietrade.gov.vn,vietrade.gov.vn,vn,1,0,0
COM_2982,0,bachhoaxanh.com,bachhoaxanh.com,com,1,0,0
COM_2983,0,g8858.com,g8858.com,com,1,0,0
COM_2984,0,fg68888.com,fg68888.com,com,1,0,0
COM_2985,0,techcombank.shop,techcombank.shop,shop,1,0,0
COM_2986,0,tammi.vn,tammi.vn,vn,1,0,0
COM_2987,0,viettel.vn,viettel.vn,vn,1,0,0
COM_2990,0,ezviz.com,ezviz.com,com,1,0,0
COM_2993,0,tinyurl.com,tinyurl.com,com,1,1,1
COM_2993,0,tinyurl.com,tinyurl.com,com,1,1,1
COM_2995,0,bit.ly,bit.ly,ly,1,1,1
COM_001,1,vietcombank.vn-gll.top,vn-gll.top,top,1,0,0
COM_002,1,tri.co,tri.co,co,1,0,0
COM_002,1,khac.do,khac.do,do,1,0,0
COM_002,1,dich.video,dich.video,video,1,0,0
COM_002,1,tnews.to,tnews.to,to,1,0,0
COM_003,1,acb.i-pay.vip,i-pay.vip,vip,1,0,0
COM_004,1,vietinbamk.com,vietinbamk.com,com,1,0,0
COM_005,1,vietcombank.vn,vietcombank.vn,vn,1,0,0
COM_006,1,techcombank.huy-the-visa-vn.com,huy-the-visa-vn.com,com,1,0,0
COM_008,1,shb.com.vn-zy.top,vn-zy.top,top,1,0,0
COM_009,1,vietcombank.vn-mtt.top,vn-mtt.top,top,1,0,0
COM_010,1,techcombank.vn,techcombank.vn,vn,1,0,0
COM_011,1,vietcombank.vn-nng.top,vn-nng.top,top,1,0,0
COM_012,1,vpbank.com.vn-hb.life,vn-hb.life,life,1,0,0
COM_013,1,ebmld.kejda.me,kejda.me,me,1,0,0
COM_014,1,vietcombank.vn-utt.xyz,vn-utt.xyz,xyz,1,0,0
COM_015,1,drnjmi.lozuf.me,lozuf.me,me,1,0,0
COM_016,1,bidv.cc,bidv.cc,cc,1,0,0
COM_017,1,lzd.co,lzd.co,co,1,1,0
COM_018,1,i-sacombank.com,i-sacombank.com,com,1,0,0
COM_019,1,icloud.co,icloud.co,co,1,0,0
COM_020,1,vietcombank.vn,vietcombank.vn,vn,1,0,0
COM_020,1,llc.top,llc.top,top,1,0,0
COM_021,1,msb.com.vn-sp.top,vn-sp.top,top,1,0,0
COM_022,1,www.bidvsmat.com,bidvsmat.com,com,1,0,0
TE_023,1,priority.com,priority.com,com,1,0,0
TE_024,1,vietcompriority.com,vietcompriority.com,com,1,0,0
TE_025,1,vietcomi.com,vietcomi.com,com,1,0,0
TE_026,1,hqpfcghx.dchvb.tech,dchvb.tech,tech,1,0,0
TE_028,1,i.xpl.asia,xpl.asia,asia,1,0,0
TE_029,1,t.ly,t.ly,ly,1,1,0
TE_031,1,mm99.band,mm99.band,band,1,0,0
TE_032,1,dichvucong-vn.com,dichvucong-vn.com,com,1,0,0
TE_033,1,rhpsvl.lozuf.me,lozuf.me,me,1,0,0
TE_034,1,mothe.senid.vn,senid.vn,vn,1,0,0
TE_035,1,vn-priority-tech.com,vn-priority-tech.com,com,1,0,0
TE_037,1,whastxpp.vip,whastxpp.vip,vip,1,0,0
TE_038,1,vndichvucong-gov.com,vndichvucong-gov.com,com,1,0,0
TE_039,1,khaosat1913.com,khaosat1913.com,com,1,0,0
TE_040,1,vcb-doi-thuong.com,vcb-doi-thuong.com,com,1,0,0
TE_041,1,dichvucongvn.com,dichvucongvn.com,com,1,0,0
TE_043,1,v-c-b-priority.com,v-c-b-priority.com,com,1,0,0
TE_044,1,rekcpg.com,rekcpg.com,com,1,0,0
TE_046,1,imad-tg.com,imad-tg.com,com,1,0,0
TE_047,1,bit.ly,bit.ly,ly,1,1,1
TE_048,1,vnptdiem.com,vnptdiem.com,com,1,0,0
TE_049,1,govvn-dichvucong.com,govvn-dichvucong.com,com,1,0,0
NEW_050,1,acb.vnipay.top,vnipay.top,top,1,0,0
NEW_051,1,www.vniatinbanks.cc,vniatinbanks.cc,cc,1,0,0
NEW_052,1,bidv.xyz,bidv.xyz,xyz,1,0,0
NEW_053,1,login-online.com.vn,login-online.com.vn,vn,1,0,0
NEW_053,1,phi.goi,phi.goi,goi,0,0,0
NEW_053,1,15.xin,15.xin,xin,1,0,0
NEW_054,1,www.opaxa.icu,opaxa.icu,icu,1,0,0
NEW_055,1,dichvucongg.top,dichvucongg.top,top,1,0,0
NEW_056,1,www.bank.vip,bank.vip,vip,1,0,0
NEW_057,1,vietcombank.vn-ms.top,vn-ms.top,top,1,0,0
NEW_058,1,sub.com,sub.com,com,1,0,0
NEW_059,1,yk.vtp.vn,vtp.vn,vn,1,0,0
NEW_061,1,dichvucongs.top,dichvucongs.top,top,1,0,0
NEW_062,1,hoan-th.ue,hoan-th.ue,ue,0,0,0
NEW_062,1,www.dichvucong.vip,dichvucong.vip,vip,1,0,0
NEW_063,1,dichvucon.cc,dichvucon.cc,cc,1,0,0
NEW_064,1,www.wtudl.icu,wtudl.icu,icu,1,0,0
COM_065,1,expertinvisalign.online,expertinvisalign.online,online,1,0,0
COM_068,1,ln.run,ln.run,run,1,1,0
COM_069,1,gddecwjj.bamczalo.me,bamczalo.me,me,1,0,0
COM_070,1,gomapple.com,gomapple.com,com,1,0,0
COM_071,1,0kgoogle.com,0kgoogle.com,com,1,0,0
COM_072,1,dx1115.868qbet.com,868qbet.com,com,1,0,0
COM_073,1,atuapple.com,atuapple.com,com,1,0,0
COM_074,1,79codethantai.biz,79codethantai.biz,biz,1,0,0
COM_075,1,qktyhqsh.saqew.link,saqew.link,link,1,0,0
COM_076,1,lc79.sh,lc79.sh,sh,1,0,0
COM_077,1,phsqqgk.oerapple.com,oerapple.com,com,1,0,0
COM_078,1,ua49.com,ua49.com,com,1,0,0
COM_079,1,zalo.me,zalo.me,me,1,0,1
COM_080,1,zalo.me,zalo.me,me,1,0,1
COM_081,1,zalo.me,zalo.me,me,1,0,1
COM_082,1,zalo.me,zalo.me,me,1,0,1
COM_083,1,c.li,c.li,li,1,0,0
COM_084,1,zalo.me,zalo.me,me,1,0,1
COM_386,1,c.de,c.de,de,1,0,0
COM_450,1,ma-en.bid,ma-en.bid,bid,1,0,0
COM_450,1,n.ap,n.ap,ap,0,0,0
COM_452,1,sxajah.ciaso.bid,ciaso.bid,bid,1,0,0
COM_460,1,go2t56.fkpxv.bid,fkpxv.bid,bid,1,0,0
COM_491,1,yjxeau.btckd.bid,btckd.bid,bid,1,0,0
COM_506,1,pbitsh.lqbiyw.de,lqbiyw.de,de,1,0,0
COM_508,1,dwdhrq.zklgik.de,zklgik.de,de,1,0,0
COM_518,1,rmfjdn.scfucs.de,scfucs.de,de,1,0,0
COM_520,1,qfpixo.xatykx.de,xatykx.de,de,1,0,0
COM_539,1,ytvsie.grvzu.online,grvzu.online,online,1,0,0
COM_540,1,fqnzef.vwemqh.online,vwemqh.online,online,1,0,0
COM_557,1,slljcc.acu7-rd.de,acu7-rd.de,de,1,0,0
COM_559,1,tjdnrw.wqg3-rd.de,wqg3-rd.de,de,1,0,0
COM_570,1,sbixtb.ots-d.de,ots-d.de,de,1,0,0
COM_593,1,aqztnj.z8od-rd.de,z8od-rd.de,de,1,0,0
COM_596,1,nqvzlq.fvr3-rd.de,fvr3-rd.de,de,1,0,0
COM_597,1,lljofw.yj7x-rd.de,yj7x-rd.de,de,1,0,0
COM_602,1,mgwtxz.u2xi-rd.de,u2xi-rd.de,de,1,0,0
COM_641,1,twyx-it7n.de,twyx-it7n.de,de,1,0,0
COM_643,1,cuod-nj7n.de,cuod-nj7n.de,de,1,0,0
COM_654,1,o.nh,o.nh,nh,0,0,0
COM_658,1,whpccw.anr5kq.bid,anr5kq.bid,bid,1,0,0
COM_664,1,sceqca.anr6zq.bid,anr6zq.bid,bid,1,0,0
COM_691,1,gfvzrm.anhcq.me,anhcq.me,me,1,0,0
COM_706,1,gqbhek.anqzu.me,anqzu.me,me,1,0,0
COM_708,1,18corl.kx5n.me,kx5n.me,me,1,0,0
COM_716,1,qcfs9j.nfiw0t.me,nfiw0t.me,me,1,0,0
COM_726,1,mewi.tpae.online,tpae.online,online,1,0,0
COM_727,1,rrboxu.tpqw9c.cc,tpqw9c.cc,cc,1,0,0
COM_731,1,oiaoup.tpqr2c.cc,tpqr2c.cc,cc,1,0,0
COM_735,1,ijpyjg.tpzse.cc,tpzse.cc,cc,1,0,0
COM_738,1,fviojk.tpgrd.cc,tpgrd.cc,cc,1,0,0
COM_740,1,iohafr.tphrd.cc,tphrd.cc,cc,1,0,0
COM_742,1,hdbpkc.tpqaz.de,tpqaz.de,de,1,0,0
COM_743,1,qcvfrt.bdilm.cc,bdilm.cc,cc,1,0,0
COM_744,1,eblar.bdukm.cc,bdukm.cc,cc,1,0,0
COM_746,1,ffacxq.bdtxj.me,bdtxj.me,me,1,0,0
COM_747,1,svtd.bdlkj.me,bdlkj.me,me,1,0,0
COM_749,1,smiejk.ddqw4c.me,ddqw4c.me,me,1,0,0
COM_753,1,quuim.ddutcj.me,ddutcj.me,me,1,0,0
COM_754,1,c97qvs.ddhac.de,ddhac.de,de,1,0,0
COM_761,1,kgvsot.mcygz.me,mcygz.me,me,1,0,0
COM_792,1,cocxrevqm.thsume.de,thsume.de,de,1,0,0
COM_792,1,zalo.me,zalo.me,me,1,0,1
COM_800,1,xlqhekw.dmfv.tech,dmfv.tech,tech,1,0,0
COM_800,1,zalo.me,zalo.me,me,1,0,1
COM_816,1,uzvisevgd.buoh.tech,buoh.tech,tech,1,0,0
COM_816,1,zalo.me,zalo.me,me,1,0,1
COM_820,1,zalo.me,zalo.me,me,1,0,1
COM_825,1,xdnhdb.vmbj.bid,vmbj.bid,bid,1,0,0
COM_825,1,zalo.me,zalo.me,me,1,0,1
COM_848,1,jthusm.wvbidv.link,wvbidv.link,link,1,0,0
COM_859,1,pmefuycoy.dhka.tech,dhka.tech,tech,1,0,0
COM_859,1,goo.gl,goo.gl,gl,1,1,1
COM_860,1,cmrcuo.trc2br2.me,trc2br2.me,me,1,0,0
COM_867,1,lgzfug.bdhxm.de,bdhxm.de,de,1,0,0
COM_867,1,zalo.me,zalo.me,me,1,0,1
COM_875,1,tld0koebq.yqszalo.me,yqszalo.me,me,1,0,0
COM_875,1,ii.acol,ii.acol,acol,0,0,0
COM_883,1,auz0gvzhx.njzalo.me,njzalo.me,me,1,0,0
COM_890,1,ldknz1qzv.djzalo.me,djzalo.me,me,1,0,0
COM_900,1,dylpiz.jwzalo.me,jwzalo.me,me,1,0,0
COM_901,1,xldedl.xwzalo.me,xwzalo.me,me,1,0,0
COM_914,1,atva.zoomzalo.me,zoomzalo.me,me,1,0,0
COM_917,1,sakxfc.qpzalo.me,qpzalo.me,me,1,0,0
COM_962,1,cymfyw.lxzalo.me,lxzalo.me,me,1,0,0
COM_973,1,cbaqry.rmzalo.me,rmzalo.me,me,1,0,0
COM_1001,1,mmmqqm.uszalo.me,uszalo.me,me,1,0,0
COM_1006,1,rsywyo.axzalo.me,axzalo.me,me,1,0,0
COM_1013,1,wzsyhr.yxcv.link,yxcv.link,link,1,0,0
COM_1024,1,samzalo.me,samzalo.me,me,1,0,0
COM_1032,1,qbxpqk.kczalo.me,kczalo.me,me,1,0,0
COM_1034,1,rqefkj.vzzalo.me,vzzalo.me,me,1,0,0
COM_1057,1,cunpyvr.cndgz.link,cndgz.link,link,1,0,0
COM_1057,1,zalo.megoogle,zalo.megoogle,megoogle,0,0,0
COM_1070,1,fujhlu.ltzalo.me,ltzalo.me,me,1,0,0
COM_1084,1,cktyiqnky.wnyl.bid,wnyl.bid,bid,1,0,0
COM_1094,1,gkvtwbx.fgbtr.online,fgbtr.online,online,1,0,0
COM_1134,1,hkfhzo.cnrapple.com,cnrapple.com,com,1,0,0
COM_1154,1,kgtlte.birapple.com,birapple.com,com,1,0,0
COM_1176,1,eujtwh.xoapple.com,xoapple.com,com,1,0,0
COM_1178,1,tjrzaf.xoapple.com,xoapple.com,com,1,0,0
COM_1195,1,ewypxefyl.kjew.bid,kjew.bid,bid,1,0,0
COM_1200,1,kipwppvdw.nferw.de,nferw.de,de,1,0,0
COM_1209,1,bit.ly,bit.ly,ly,1,1,1
COM_1212,1,pk7989.com,pk7989.com,com,1,0,0
COM_1245,1,nohucode50k.club,nohucode50k.club,club,1,0,0
COM_1257,1,tpsdei.byrapple.com,byrapple.com,com,1,0,0
COM_1276,1,zlsuuh.obrapple.com,obrapple.com,com,1,0,0
COM_1278,1,epobg.pyapple.com,pyapple.com,com,1,0,0
COM_1324,1,pjpsek.wcapple.com,wcapple.com,com,1,0,0
COM_1341,1,uhvucu.mqobidv.com,mqobidv.com,com,1,0,0
COM_1355,1,gzheok.orbidv.com,orbidv.com,com,1,0,0
COM_1371,1,bpdfwr.debidv.com,debidv.com,com,1,0,0
COM_1373,1,rrfsws.debidv.com,debidv.com,com,1,0,0
COM_1377,1,pemdi.debidv.com,debidv.com,com,1,0,0
COM_1380,1,zdfrab.ncbidv.com,ncbidv.com,com,1,0,0
COM_1381,1,gqbcci.acbidv.com,acbidv.com,com,1,0,0
COM_1389,1,mdaexo.ucbidv.com,ucbidv.com,com,1,0,0
COM_1390,1,kvftpw.ucbidv.com,ucbidv.com,com,1,0,0
COM_1391,1,iixmee.fubidv.com,fubidv.com,com,1,0,0
COM_1392,1,johqu.axbidv.com,axbidv.com,com,1,0,0
COM_1398,1,tutwol.ucbidv.com,ucbidv.com,com,1,0,0
COM_1403,1,oyhkr.bidvoa.com,bidvoa.com,com,1,0,0
COM_1411,1,invip.run,invip.run,run,1,0,0
COM_1412,1,otwbwd.bidvjr.com,bidvjr.com,com,1,0,0
COM_1439,1,txerr.bidvxz.com,bidvxz.com,com,1,0,0
COM_1441,1,jfdhyc.bidvit.com,bidvit.com,com,1,0,0
COM_1456,1,e9zo.com,e9zo.com,com,1,0,0
COM_1457,1,gamevip05.vip,gamevip05.vip,vip,1,0,0
COM_1458,1,733.momo-live.vip,momo-live.vip,vip,1,0,0
COM_1459,1,kiemtien.vin,kiemtien.vin,vin,1,0,0
COM_1461,1,athd.cc,athd.cc,cc,1,0,0
COM_1461,1,t.xi,t.xi,xi,0,0,0
COM_1462,1,ixzk.giftpro1.com,giftpro1.com,com,1,0,0
COM_1463,1,tdrewf.freekm.me,freekm.me,me,1,0,0
COM_1465,1,qeexh.kejda.me,kejda.me,me,1,0,0
COM_1466,1,ok.va,ok.va,va,1,0,0
COM_1466,1,w8rq.mogfc.org,mogfc.org,org,1,0,0
COM_1467,1,dwok.gemhay.me,gemhay.me,me,1,0,0
COM_1468,1,ibit.ly,ibit.ly,ly,1,0,0
COM_1469,1,ny5c.geqre.me,geqre.me,me,1,0,0
COM_1470,1,bit.ly,bit.ly,ly,1,1,1
COM_1471,1,t.ly,t.ly,ly,1,1,0
COM_1472,1,qrco.de,qrco.de,de,1,1,0
COM_1474,1,sadttr.aezalo.me,aezalo.me,me,1,0,0
COM_1476,1,qstehek.lngxa.bid,lngxa.bid,bid,1,0,0
COM_1477,1,evn.io.vn,evn.io.vn,vn,1,0,0
COM_1478,1,gov-dichvucong.com,gov-dichvucong.com,com,1,0,0
COM_1479,1,dichvuconggov-vn.com,dichvuconggov-vn.com,com,1,0,0
COM_1480,1,dichvucongg.top,dichvucongg.top,top,1,0,0
COM_1481,1,schvucongs.top,schvucongs.top,top,1,0,0
COM_1482,1,etaxmobi.tongcucthue.ung,etaxmobi.tongcucthue.ung,ung,0,0,0
COM_1482,1,dung.app,dung.app,app,1,0,0
COM_1491,1,zalo.me,zalo.me,me,1,0,1
COM_1492,1,thuedjentuu.vn,thuedjentuu.vn,vn,1,0,0
COM_1493,1,bit.ly,bit.ly,ly,1,1,1
COM_1494,1,vn.net,vn.net,net,1,0,0
COM_1495,1,tang.gay,tang.gay,gay,1,0,0
COM_1495,1,huit.edu.vn,huit.edu.vn,vn,1,0,0
COM_1496,1,vietcompriority-diem.com,vietcompriority-diem.com,com,1,0,0
COM_1497,1,vietcombank.vn-ctt.vip,vn-ctt.vip,vip,1,0,0
COM_1498,1,alpha-ebanking.xyz,alpha-ebanking.xyz,xyz,1,0,0
COM_1499,1,mbank.odbnk.space,odbnk.space,space,1,0,0
COM_1500,1,techcombank.huy-the-visa-vn.com,huy-the-visa-vn.com,com,1,0,0
COM_1501,1,acb.i-pay.vip,i-pay.vip,vip,1,0,0
COM_1502,1,vietinbamk.com,vietinbamk.com,com,1,0,0
COM_1503,1,ctacq.cc,ctacq.cc,cc,1,0,0
COM_1504,1,xd8qe5.cc,xd8qe5.cc,cc,1,0,0
COM_1505,1,tpbank.vn-mtt.top,vn-mtt.top,top,1,0,0
COM_1506,1,msb.vn-zy.top,vn-zy.top,top,1,0,0
COM_1507,1,vneid.gov-xacthuc.cc,gov-xacthuc.cc,cc,1,0,0
COM_1508,1,phatnguoi.cucduongbo.top,cucduongbo.top,top,1,0,0
COM_1509,1,tp.hcm,tp.hcm,hcm,0,0,0
COM_1509,1,thuedientu.gdt-gov.vip,gdt-gov.vip,vip,1,0,0
COM_1510,1,bocongan.apk-chinhphu.cc,apk-chinhphu.cc,cc,1,0,0
COM_1511,1,vksnd.ho-so-dieu-tra.net,ho-so-dieu-tra.net,net,1,0,0
COM_1512,1,chuanhoathongtin-vinaphone.top,chuanhoathongtin-vinaphone.top,top,1,0,0
COM_1513,1,bhxh.baohiem-xahoi.vip,baohiem-xahoi.vip,vip,1,0,0
COM_1514,1,vneid.hethong-chinhphu.top,hethong-chinhphu.top,top,1,0,0
COM_1515,1,dangkiem.gov-vn.cc,gov-vn.cc,cc,1,0,0
COM_1516,1,toaan.ho-so-online.vip,ho-so-online.vip,vip,1,0,0
COM_1518,1,shopee.tuyendung-ctv.top,tuyendung-ctv.top,top,1,0,0
COM_1519,1,tikihethongmuasam12h.com,tikihethongmuasam12h.com,com,1,0,0
COM_1520,1,lazada.job-online.vip,job-online.vip,vip,1,0,0
COM_1521,1,telegram.tuyen-ctv.cc,tuyen-ctv.cc,cc,1,0,0
COM_1522,1,amazon.kinhdoanh-online.top,kinhdoanh-online.top,top,1,0,0
COM_1523,1,youtube3o.blogspot.co.nz,blogspot.co.nz,nz,1,0,0
COM_1524,1,tuyendung.nhansu-online.cc,nhansu-online.cc,cc,1,0,0
COM_1525,1,tuyendung.taichinh-ctv.top,taichinh-ctv.top,top,1,0,0
COM_1526,1,tiktok.review-kiemtien.cc,review-kiemtien.cc,cc,1,0,0
COM_1527,1,tiktokshopvn.com,tiktokshopvn.com,com,1,0,0
COM_1528,1,shopee.qua-tri-an.vip,qua-tri-an.vip,vip,1,0,0
COM_1529,1,lazada.wu-ji.com,wu-ji.com,com,1,0,0
COM_1530,1,dienmayxanh.traothuong.top,traothuong.top,top,1,0,0
COM_1531,1,tiki.qua,tiki.qua,qua,0,0,0
COM_1532,1,shein.hopqua-mayman.vip,hopqua-mayman.vip,vip,1,0,0
COM_1533,1,facebook-helpdesk.blogspot.de,blogspot.de,de,1,0,0
COM_1534,1,apple.khuyenmai-khung.top,khuyenmai-khung.top,top,1,0,0
COM_1535,1,zaloraglobal8.com,zaloraglobal8.com,com,1,0,0
COM_1536,1,sendo.voucher-sinhnhat.vip,voucher-sinhnhat.vip,vip,1,0,0
COM_1537,1,ghtk.capnhat-diachi.top,capnhat-diachi.top,top,1,0,0
COM_1538,1,jt-express.thutuc-luukho.cc,thutuc-luukho.cc,cc,1,0,0
COM_1539,1,viettelpost.vandon-quocte.vip,vandon-quocte.vip,vip,1,0,0
COM_1540,1,ninjavan.henlich-giaohang.cc,henlich-giaohang.cc,cc,1,0,0
COM_1541,1,shopeexpress.hoantien-donhang.top,hoantien-donhang.top,top,1,0,0
COM_1542,1,vn.net,vn.net,net,1,0,0
COM_1543,1,ems.buuphat-khancap.vip,buuphat-khancap.vip,vip,1,0,0
COM_1544,1,bestexpress.huy-donhang.top,huy-donhang.top,top,1,0,0
COM_1545,1,ghn.suco-donhang.cc,suco-donhang.cc,cc,1,0,0
COM_1546,1,fedex.khaibao-haiquan.top,khaibao-haiquan.top,top,1,0,0
COM_1547,1,vietcombank.vn-yys.top,vn-yys.top,top,1,0,0
COM_1548,1,techcombank.uu,techcombank.uu,uu,0,0,0
COM_1549,1,mbbank.huy-the-visa.top,huy-the-visa.top,top,1,0,0
COM_1550,1,agribank.xacthuc-otp.online,xacthuc-otp.online,online,1,0,0
COM_1551,1,acb.ib-portal.cc,ib-portal.cc,cc,1,0,0
COM_1552,1,vietinbank.bao-mat.vip,bao-mat.vip,vip,1,0,0
COM_1553,1,momovuive.fun,momovuive.fun,fun,1,0,0
COM_1554,1,zalopay.goiqua-trian.vip,goiqua-trian.vip,vip,1,0,0
COM_1555,1,sacombank.dangky-the.cc,dangky-the.cc,cc,1,0,0
COM_1556,1,vib.khoifuc-matkhau.top,khoifuc-matkhau.top,top,1,0,0
COM_1557,1,cuocthi.binhchon-idol.club,binhchon-idol.club,club,1,0,0
COM_1558,1,shopee.qua-tang-sn.top,qua-tang-sn.top,top,1,0,0
COM_1559,1,xulydonhangtiki.com,xulydonhangtiki.com,com,1,0,0
COM_1560,1,tiktok.tuyendung-ctv.top,tuyendung-ctv.top,top,1,0,0
COM_1561,1,lazada.voucher-khung.cc,voucher-khung.cc,cc,1,0,0
COM_1562,1,thuezalo.com,thuezalo.com,com,1,0,0
COM_1563,1,viettel.uudai-data4g.com,uudai-data4g.com,com,1,0,0
COM_1564,1,cryptovn.kiemtien-online.vip,kiemtien-online.vip,vip,1,0,0
COM_1565,1,amnhac.quatang-andanhanh.cc,quatang-andanhanh.cc,cc,1,0,0
COM_1566,1,ghtk.capnhat-diachi.top,capnhat-diachi.top,top,1,0,0
COM_1567,1,vneid.chinhphu-gov.vip,chinhphu-gov.vip,vip,1,0,0
COM_1568,1,phatnguoi.cucduongbo.top,cucduongbo.top,top,1,0,0
COM_1569,1,tp.hcm,tp.hcm,hcm,0,0,0
COM_1569,1,thuedientu.gdt-gov.vip,gdt-gov.vip,vip,1,0,0
COM_1570,1,bocongan.apk-chinhphu.cc,apk-chinhphu.cc,cc,1,0,0
COM_1571,1,bhxh.baohiem-xahoi.vip,baohiem-xahoi.vip,vip,1,0,0
COM_1572,1,chuanhoathongtin-vinaphone.top,chuanhoathongtin-vinaphone.top,top,1,0,0
COM_1573,1,toaan.ho-so-online.vip,ho-so-online.vip,vip,1,0,0
COM_1574,1,dangkiem.gov-vn.cc,gov-vn.cc,cc,1,0,0
COM_1575,1,vneid.hethong-chinhphu.top,hethong-chinhphu.top,top,1,0,0
COM_1576,1,vksnd.ho-so-dieu-tra.net,ho-so-dieu-tra.net,net,1,0,0
COM_1577,1,evnspc.gachno-dienluc.top,gachno-dienluc.top,top,1,0,0
COM_1578,1,viettelpost.vandon-quocte.vip,vandon-quocte.vip,vip,1,0,0
COM_1579,1,jt-express.thutuc-luukho.cc,thutuc-luukho.cc,cc,1,0,0
COM_1580,1,capnuoc.tra-cuu-suco.vip,tra-cuu-suco.vip,vip,1,0,0
COM_1581,1,ninjavan.henlich-giaohang.cc,henlich-giaohang.cc,cc,1,0,0
COM_1582,1,vnpt.hoa-don-dien-tu.online,hoa-don-dien-tu.online,online,1,0,0
COM_1583,1,capnuoccholon.thanh-toan.vip,thanh-toan.vip,vip,1,0,0
COM_1584,1,fpt.lich-baotri.net,lich-baotri.net,net,1,0,0
COM_1585,1,ghn.suco-donhang.cc,suco-donhang.cc,cc,1,0,0
COM_1586,1,vtvcab.giahan-kenh.cc,giahan-kenh.cc,cc,1,0,0
COM_1587,1,meta.fanpage-support.vip,fanpage-support.vip,vip,1,0,0
COM_1588,1,telegram.cancel-deletion.top,cancel-deletion.top,top,1,0,0
COM_1589,1,vietnamairlines.doi-lich-bay.top,doi-lich-bay.top,top,1,0,0
COM_1590,1,vietjet.ve,vietjet.ve,ve,1,0,0
COM_1591,1,agoda.datphong-suco.cc,datphong-suco.cc,cc,1,0,0
COM_1592,1,tiktokshop.khang-cao.cc,khang-cao.cc,cc,1,0,0
COM_1593,1,appleid.icloud-appeal.cc,icloud-appeal.cc,cc,1,0,0
COM_1594,1,traveloka.hoantien-vi.club,hoantien-vi.club,club,1,0,0
COM_1595,1,booking.confirmation-id14373445.com,confirmation-id14373445.com,com,1,0,0
COM_1596,1,google.storage-upgrade.top,storage-upgrade.top,top,1,0,0
COM_1597,1,kubet.napthuong,kubet.napthuong,napthuong,0,0,0
COM_1598,1,789bet.keonhacai.top,keonhacai.top,top,1,0,0
COM_1599,1,hi88.nohu-online.cc,nohu-online.cc,cc,1,0,0
COM_1600,1,pay.yandex.pochta.admin.jet-casino-zahorovod3.top,jet-casino-zahorovod3.top,top,1,0,0
COM_1601,1,f8bet.quayhu-vjp.online,quayhu-vjp.online,online,1,0,0
COM_1602,1,shb.et,shb.et,et,1,0,0
COM_1602,1,shbet.gamebai-doithuong.cc,gamebai-doithuong.cc,cc,1,0,0
COM_1603,1,fun88.nhanloc-lixi.top,nhanloc-lixi.top,top,1,0,0
COM_1604,1,w88.xacminh-ruttien.vip,xacminh-ruttien.vip,vip,1,0,0
COM_1605,1,m88.com,m88.com,com,1,0,0
COM_1605,1,m88.nohu-jackpot.online,nohu-jackpot.online,online,1,0,0
COM_1606,1,jwf88pefdz.682667com-dhxl.top,682667com-dhxl.top,top,1,0,0
COM_1607,1,shopee.tuyendung-ctv.top,tuyendung-ctv.top,top,1,0,0
COM_1608,1,tiki.nhansu-online.vip,nhansu-online.vip,vip,1,0,0
COM_1609,1,tiktok.tuyendung-idol.cc,tuyendung-idol.cc,cc,1,0,0
COM_1610,1,youtubem.com,youtubem.com,com,1,0,0
COM_1611,1,amazon.kinhdoanh-onl.top,kinhdoanh-onl.top,top,1,0,0
COM_1612,1,lazada.tuyendung-nhansu.club,tuyendung-nhansu.club,club,1,0,0
COM_1613,1,vieclam.the-thao-onl.cc,the-thao-onl.cc,cc,1,0,0
COM_1614,1,telegram.job-tuyendung.top,job-tuyendung.top,top,1,0,0
COM_1615,1,grab.tuyendung-taixe.vip,tuyendung-taixe.vip,vip,1,0,0
COM_1616,1,sendo.ctv-danhgia.online,ctv-danhgia.online,online,1,0,0
COM_1617,1,dinhphong.dautu-40.online,dautu-40.online,online,1,0,0
COM_1618,1,aitrading.kiemtien-crypto.cc,kiemtien-crypto.cc,cc,1,0,0
COM_1619,1,bitcoin-gemin-com.financialmarketsworld.com,financialmarketsworld.com,com,1,0,0
COM_1620,1,gamemono.net,gamemono.net,net,1,0,0
COM_1621,1,skyway.co-phan-onl.cc,co-phan-onl.cc,cc,1,0,0
COM_1622,1,pinetwork-gb64tykw.web3pi.icu,web3pi.icu,icu,1,0,0
COM_1623,1,lionteams.forex-dautu.top,forex-dautu.top,top,1,0,0
COM_1624,1,asuragroup.nuoibo-onl.online,nuoibo-onl.online,online,1,0,0
COM_1625,1,goldfund.dautu-vang.club,dautu-vang.club,club,1,0,0
COM_1626,1,allcryptowallets.at,allcryptowallets.at,at,1,0,0
COM_1627,1,vaynhanhuytin.com,vaynhanhuytin.com,com,1,0,0
COM_1628,1,f88.vay-tieudung.top,vay-tieudung.top,top,1,0,0
COM_1629,1,doctorvay.vaycaptoc.cc,vaycaptoc.cc,cc,1,0,0
COM_1630,1,tindung.vay-nhanh.online,vay-nhanh.online,online,1,0,0
COM_1631,1,vaytinchap.hoso-online.vip,hoso-online.vip,vip,1,0,0
COM_1632,1,moneycat.vay-nhanh.top,vay-nhanh.top,top,1,0,0
COM_1633,1,dong247.vaytochanh.cc,vaytochanh.cc,cc,1,0,0
COM_1634,1,senmo.suadoi-hoso.top,suadoi-hoso.top,top,1,0,0
COM_1635,1,cash24.vay-tieudung.vip,vay-tieudung.vip,vip,1,0,0
COM_1636,1,money-easilycqe.buzz,money-easilycqe.buzz,buzz,1,0,0
COM_1637,1,datnen.bds-dautu.online,bds-dautu.online,online,1,0,0
COM_1638,1,vinhome.duan-bds.vip,duan-bds.vip,vip,1,0,0
COM_1639,1,mobifone.khosim-giare.cc,khosim-giare.cc,cc,1,0,0
COM_1640,1,nhadat.chinhchu-ban.top,chinhchu-ban.top,top,1,0,0
COM_1641,1,datxanh.bds-sukien.cc,bds-sukien.cc,cc,1,0,0
COM_1642,1,tienganh.khoahoc-onl.vip,khoahoc-onl.vip,vip,1,0,0
COM_1643,1,chungkhoan.nhansach.top,nhansach.top,top,1,0,0
COM_1644,1,thaoduoc.giatruyen-vn.online,giatruyen-vn.online,online,1,0,0
COM_1645,1,spa.uudai-lamdep.club,uudai-lamdep.club,club,1,0,0
COM_1646,1,giasu.tuyendung-onl.cc,tuyendung-onl.cc,cc,1,0,0
COM_1647,1,dragoncapital.hopdong-dautu.vip,hopdong-dautu.vip,vip,1,0,0
COM_1648,1,vndirect.xacthuc-chuky.cc,xacthuc-chuky.cc,cc,1,0,0
COM_1649,1,anphat.gopvon-dautu.online,gopvon-dautu.online,online,1,0,0
COM_1650,1,ssi.hopdong-uythac.top,hopdong-uythac.top,top,1,0,0
COM_1651,1,vinacapital.quy-dautu.top,quy-dautu.top,top,1,0,0
COM_1652,1,dautu.hopdong-thongminh.cc,hopdong-thongminh.cc,cc,1,0,0
COM_1653,1,mbs.quanly-danhmuc.vip,quanly-danhmuc.vip,vip,1,0,0
COM_1654,1,vndirect.kyso-margin.top,kyso-margin.top,top,1,0,0
COM_1655,1,nuoibo.dautu-thongminh.online,dautu-thongminh.online,online,1,0,0
COM_1656,1,tcb.kiemtra-traiphieu.cc,kiemtra-traiphieu.cc,cc,1,0,0
COM_1657,1,startup.gopvon-dau-tu.top,gopvon-dau-tu.top,top,1,0,0
COM_1658,1,thuedientu.kyso-hdoan.vip,kyso-hdoan.vip,vip,1,0,0
COM_1659,1,pinetwork.hopdong-dongthuan.cc,hopdong-dongthuan.cc,cc,1,0,0
COM_1660,1,cryptovip.tin-noi-bo.top,tin-noi-bo.top,top,1,0,0
COM_1661,1,finhay.mo-khoa-tkhoan.cc,mo-khoa-tkhoan.cc,cc,1,0,0
COM_1662,1,goldfund.hopdong-muavang.online,hopdong-muavang.online,online,1,0,0
COM_1663,1,forex.hopdong-uythac.vip,hopdong-uythac.vip,vip,1,0,0
COM_1664,1,vinhome.hopdong-datcoc.top,hopdong-datcoc.top,top,1,0,0
COM_1665,1,vinatrust.capnhat-hdoan.cc,capnhat-hdoan.cc,cc,1,0,0
COM_1666,1,dichvucong.hopdong-gopvon.top,hopdong-gopvon.top,top,1,0,0
COM_1667,1,alma.thanhly-hopdong.vip,thanhly-hopdong.vip,vip,1,0,0
COM_1668,1,vinpearl.xacminh-the.cc,xacminh-the.cc,cc,1,0,0
COM_1669,1,flc.giahan-voucher.top,giahan-voucher.top,top,1,0,0
COM_1670,1,crys.tal,crys.tal,tal,0,0,0
COM_1670,1,crystalbay.kynighivjp.online,kynighivjp.online,online,1,0,0
COM_1671,1,novaland.the-trian.cc,the-trian.cc,cc,1,0,0
COM_1672,1,sungroup.condotel-dautu.top,condotel-dautu.top,top,1,0,0
COM_1673,1,saigontourist.hopdong-loi.vip,hopdong-loi.vip,vip,1,0,0
COM_1674,1,dulich.khaosat-vietnam.cc,khaosat-vietnam.cc,cc,1,0,0
COM_1675,1,alma.galatrian,alma.galatrian,galatrian,0,0,0
COM_1676,1,kynighi.thutuc-rutgoc.online,thutuc-rutgoc.online,online,1,0,0
COM_1677,1,clubmed.uudai-kynighi.vip,uudai-kynighi.vip,vip,1,0,0
COM_1678,1,vinhome.tiendo-bangiao.cc,tiendo-bangiao.cc,cc,1,0,0
COM_1679,1,traveloka.hopdong-baohiem.top,hopdong-baohiem.top,top,1,0,0
COM_1680,1,booking.ctv-review.top,ctv-review.top,top,1,0,0
COM_1681,1,sontra.phiquanly-thongbao.vip,phiquanly-thongbao.vip,vip,1,0,0
COM_1682,1,dragoncapital.hopdong-dautu.vip,hopdong-dautu.vip,vip,1,0,0
COM_1683,1,vndirect.xacthuc-chuky.cc,xacthuc-chuky.cc,cc,1,0,0
COM_1684,1,anphat.gopvon-dautu.online,gopvon-dautu.online,online,1,0,0
COM_1685,1,ssi.hopdong-uythac.top,hopdong-uythac.top,top,1,0,0
COM_1686,1,vinacapital.quy-dautu.top,quy-dautu.top,top,1,0,0
COM_1687,1,dautu.hopdong-thongminh.cc,hopdong-thongminh.cc,cc,1,0,0
COM_1688,1,mbs.quanly-danhmuc.vip,quanly-danhmuc.vip,vip,1,0,0
COM_1689,1,vndirect.kyso-margin.top,kyso-margin.top,top,1,0,0
COM_1690,1,nuoibo.dautu-thongminh.online,dautu-thongminh.online,online,1,0,0
COM_1691,1,tcb.kiemtra-traiphieu.cc,kiemtra-traiphieu.cc,cc,1,0,0
COM_1692,1,startup.gopvon-dau-tu.top,gopvon-dau-tu.top,top,1,0,0
COM_1693,1,thuedientu.kyso-hdoan.vip,kyso-hdoan.vip,vip,1,0,0
COM_1694,1,pinetwork.hopdong-dongthuan.cc,hopdong-dongthuan.cc,cc,1,0,0
COM_1695,1,cryptovip.tin-noi-bo.top,tin-noi-bo.top,top,1,0,0
COM_1696,1,finhay.mo-khoa-tkhoan.cc,mo-khoa-tkhoan.cc,cc,1,0,0
COM_1697,1,kubet.napthuong,kubet.napthuong,napthuong,0,0,0
COM_1698,1,789bet.keonhacai.top,keonhacai.top,top,1,0,0
COM_1699,1,hi88.nohu-online.cc,nohu-online.cc,cc,1,0,0
COM_1700,1,new88.hoantien-casino.vip,hoantien-casino.vip,vip,1,0,0
COM_1701,1,f8bet.quayhu-vjp.online,quayhu-vjp.online,online,1,0,0
COM_1702,1,shb.et,shb.et,et,1,0,0
COM_1702,1,shbet.gamebai-doithuong.cc,gamebai-doithuong.cc,cc,1,0,0
COM_1703,1,fun88.nhanloc-lixi.top,nhanloc-lixi.top,top,1,0,0
COM_1704,1,w88.xacminh-ruttien.vip,xacminh-ruttien.vip,vip,1,0,0
COM_1705,1,m88.com,m88.com,com,1,0,0
COM_1705,1,m88.nohu-jackpot.online,nohu-jackpot.online,online,1,0,0
COM_1706,1,fi88.casinothuong.club,casinothuong.club,club,1,0,0
COM_1707,1,gamevip05.vip,gamevip05.vip,vip,1,0,0
COM_1708,1,evsur.ru,evsur.ru,ru,1,0,0
COM_1709,1,game-prices.com,game-prices.com,com,1,0,0
COM_1710,1,7ball.rutthuong-jackpot.online,rutthuong-jackpot.online,online,1,0,0
COM_1711,1,bk8.thethao-onl.vip,thethao-onl.vip,vip,1,0,0
COM_1712,1,shopee.tuyendung-ctv.top,tuyendung-ctv.top,top,1,0,0
COM_1713,1,business-tiktok.store,business-tiktok.store,store,1,0,0
COM_1714,1,tiktok25881.shop,tiktok25881.shop,shop,1,0,0
COM_1715,1,youtube.google.com.acountin.com,acountin.com,com,1,0,0
COM_1716,1,amazon-top-coupon.com,amazon-top-coupon.com,com,1,0,0
COM_1717,1,lazada.tuyendung-nhansu.club,tuyendung-nhansu.club,club,1,0,0
COM_1718,1,cohoivieclam.shop,cohoivieclam.shop,shop,1,0,0
COM_1719,1,telegram.job-tuyendung.top,job-tuyendung.top,top,1,0,0
COM_1720,1,grab.sxlph.club,sxlph.club,club,1,0,0
COM_1721,1,sendo.ctv-danhgia.online,ctv-danhgia.online,online,1,0,0
COM_1722,1,facebook-business-help-center-fanpage-checkpoint1203.ml,facebook-business-help-center-fanpage-checkpoint1203.ml,ml,1,0,0
COM_1723,1,meta.tuyendung-ctv.top,tuyendung-ctv.top,top,1,0,0
COM_1725,1,shopeepay.daily-qr.online,daily-qr.online,online,1,0,0
COM_1726,1,lazadamtdt.com,lazadamtdt.com,com,1,0,0
COM_1727,1,telegram.clb-henho.cc,clb-henho.cc,cc,1,0,0
COM_1728,1,tinder-garten.de,tinder-garten.de,de,1,0,0
COM_1729,1,11zalo.com,11zalo.com,com,1,0,0
COM_1730,1,ryanb-sexyvideoclips.blogspot.sg,blogspot.sg,sg,1,0,0
COM_1731,1,tp.hcm,tp.hcm,hcm,0,0,0
COM_1731,1,sexphotoss490.000webhostapp.com,000webhostapp.com,com,1,0,0
COM_1732,1,match.tim-ban-phuong.cc,tim-ban-phuong.cc,cc,1,0,0
COM_1733,1,telegram.tgatgj.xyz,tgatgj.xyz,xyz,1,0,0
COM_1734,1,shhubsexxygirllove.blogspot.com,shhubsexxygirllove.blogspot.com,com,1,0,0
COM_1736,1,c.to,c.to,to,1,0,0
COM_1737,1,vietcom.cc,vietcom.cc,cc,1,0,0
COM_1738,1,visavnn.cc,visavnn.cc,cc,1,0,0
COM_1739,1,priority-vcb.com,priority-vcb.com,com,1,0,0
COM_1741,1,vietcom-priority-vn.com,vietcom-priority-vn.com,com,1,0,0
COM_1742,1,www.facebook.com,facebook.com,com,1,0,0
COM_1743,1,nhanqua.sale,nhanqua.sale,sale,1,0,0
COM_1745,1,vib-diem.com,vib-diem.com,com,1,0,0
COM_1746,1,tgdv.vtscloud.vn,vtscloud.vn,vn,1,0,0
COM_1748,1,ygcad.czbidv.com,czbidv.com,com,1,0,0
COM_1749,1,qqkjhn.wobidv.com,wobidv.com,com,1,0,0
COM_1750,1,ladrl.mqobidv.com,mqobidv.com,com,1,0,0
COM_1751,1,bit.ly,bit.ly,ly,1,1,1
COM_1762,1,lkqayv.us,lkqayv.us,us,1,0,0
COM_1763,1,ky.bao,ky.bao,bao,0,0,0
COM_1763,1,f868686.com,f868686.com,com,1,0,0
COM_1765,1,l4l5ybtx.xmi-p.tech,xmi-p.tech,tech,1,0,0
COM_1766,1,aevn.me,aevn.me,me,1,0,0
COM_2005,1,www.ee8qbet.com,ee8qbet.com,com,1,0,0
COM_2008,1,kdtuts.urbidv.com,urbidv.com,com,1,0,0
COM_2009,1,ezqgz.axbidv.com,axbidv.com,com,1,0,0
COM_2010,1,fly88.health,fly88.health,health,1,0,0
COM_2011,1,ngflk.bidvxz.com,bidvxz.com,com,1,0,0
COM_2012,1,ww98dt3.cc,ww98dt3.cc,cc,1,0,0
COM_2013,1,vovjr.bidv8ab.com,bidv8ab.com,com,1,0,0
COM_2014,1,jpwam.ribidv.com,ribidv.com,com,1,0,0
COM_2015,1,nk99hv.com,nk99hv.com,com,1,0,0
COM_2016,1,pjpih.fubidv.com,fubidv.com,com,1,0,0
COM_2017,1,hi593.com,hi593.com,com,1,0,0
COM_2018,1,tiktok.thu,tiktok.thu,thu,0,0,0
COM_2019,1,ku456.netm,ku456.netm,netm,0,0,0
COM_2020,1,tiktok.thu,tiktok.thu,thu,0,0,0
COM_2020,1,zalo.me,zalo.me,me,1,0,1
COM_2021,1,izalo.me,izalo.me,me,1,0,0
COM_2022,1,zalo.me,zalo.me,me,1,0,1
COM_2023,1,zalo.me,zalo.me,me,1,0,1
COM_2024,1,zalo.me,zalo.me,me,1,0,1
COM_2025,1,vay.tu,vay.tu,tu,0,0,0
COM_2027,1,www.v8.casino,v8.casino,casino,1,0,0
COM_2028,1,v8.com,v8.com,com,1,0,0
COM_2030,1,de.ta,de.ta,ta,0,0,0
COM_2030,1,bitly.com.vn,bitly.com.vn,vn,1,0,0
COM_2031,1,vietcombank.vn-gll.top,vn-gll.top,top,1,0,0
COM_2046,1,luat.tran,luat.tran,tran,0,0,0
COM_2049,1,csgt.bocongan.web.id,bocongan.web.id,id,1,0,0
COM_2050,1,vndichvucong-gov.com,vndichvucong-gov.com,com,1,0,0
COM_2052,1,i.dljj.shop,dljj.shop,shop,1,0,0
COM_2053,1,vie999.com,vie999.com,com,1,0,0
COM_2054,1,vndichvuconggov.com,vndichvuconggov.com,com,1,0,0
COM_2055,1,ezviz.com,ezviz.com,com,1,0,0
COM_2056,1,diamond-vp-bank.com,diamond-vp-bank.com,com,1,0,0
COM_2058,1,vp-diamond-vn-diem.com,vp-diamond-vn-diem.com,com,1,0,0
COM_2059,1,n9989.com,n9989.com,com,1,0,0
COM_2060,1,qh88-vip.biz,qh88-vip.biz,biz,1,0,0
COM_2061,1,dichvucongvngov.com,dichvucongvngov.com,com,1,0,0
COM_2062,1,v8abwc.com,v8abwc.com,com,1,0,0
COM_2063,1,vcbankpriority.com,vcbankpriority.com,com,1,0,0
COM_2064,1,a8858.com,a8858.com,com,1,0,0
COM_2065,1,vietcombank.vn-dll.vip,vn-dll.vip,vip,1,0,0
COM_2066,1,www.vnietinbank.com,vnietinbank.com,com,1,0,0
COM_2067,1,getphonelive.website,getphonelive.website,website,1,0,0
COM_2068,1,acb-online.cc,acb-online.cc,cc,1,0,0
COM_2069,1,y1xq.koqaz.com,koqaz.com,com,1,0,0
COM_2074,1,c.v8ab11.com,v8ab11.com,com,1,0,0
COM_2077,1,idebpy.bidvux.com,bidvux.com,com,1,0,0
COM_2078,1,dvnjza.abubidv.com,abubidv.com,com,1,0,0
