run,message_id,label,prediction
registered_august,COM_2362,0,0
registered_august,COM_2367,0,0
registered_august,COM_2368,0,0
registered_august,COM_2372,0,0
registered_august,COM_2376,0,0
registered_august,COM_2378,0,0
registered_august,COM_2390,0,0
registered_august,COM_2391,0,0
registered_august,COM_2392,0,0
registered_august,COM_2393,0,0
registered_august,COM_2399,0,0
registered_august,COM_2403,0,0
registered_august,COM_2410,0,1
registered_august,COM_2415,0,0
registered_august,COM_2420,0,0
registered_august,COM_2428,0,1
registered_august,COM_2429,0,0
registered_august,COM_2435,0,0
registered_august,COM_2440,0,0
registered_august,COM_2452,0,0
registered_august,COM_2454,0,0
registered_august,COM_2465,0,0
registered_august,COM_2469,0,0
registered_august,COM_2471,0,0
registered_august,COM_2474,0,0
registered_august,COM_2481,0,0
registered_august,COM_2485,0,0
registered_august,COM_2486,0,0
registered_august,COM_2488,0,0
registered_august,COM_2508,0,0
registered_august,COM_2511,0,0
registered_august,COM_2513,0,0
registered_august,COM_2514,0,0
registered_august,COM_2520,0,0
registered_august,COM_2531,0,0
registered_august,COM_2534,0,0
registered_august,COM_2536,0,0
registered_august,COM_2543,0,0
registered_august,COM_2552,0,0
registered_august,COM_2564,0,0
registered_august,COM_2565,0,0
registered_august,COM_2577,0,0
registered_august,COM_2580,0,0
registered_august,COM_2582,0,0
registered_august,COM_2590,0,0
registered_august,COM_2592,0,0
registered_august,COM_2593,0,0
registered_august,COM_2594,0,0
registered_august,COM_2596,0,0
registered_august,COM_2601,0,0
registered_august,COM_2606,0,0
registered_august,COM_2617,0,0
registered_august,COM_2619,0,0
registered_august,COM_2620,0,0
registered_august,COM_2630,0,0
registered_august,COM_2633,0,0
registered_august,COM_2638,0,0
registered_august,COM_2650,0,0
registered_august,COM_2652,0,0
registered_august,COM_2655,0,0
registered_august,COM_2656,0,0
registered_august,COM_2678,0,0
registered_august,COM_2684,0,0
registered_august,COM_2694,0,0
registered_august,COM_2700,0,0
registered_august,COM_2707,0,0
registered_august,COM_2719,0,0
registered_august,COM_2720,0,0
registered_august,COM_2741,0,0
registered_august,COM_2746,0,0
registered_august,COM_2750,0,0
registered_august,COM_2752,0,0
registered_august,COM_2753,0,0
registered_august,COM_2760,0,0
registered_august,COM_2764,0,0
registered_august,COM_2788,0,0
registered_august,COM_2805,0,0
registered_august,COM_2813,0,0
registered_august,COM_2821,0,0
registered_august,COM_2822,0,0
registered_august,COM_2826,0,0
registered_august,COM_2828,0,0
registered_august,COM_2833,0,0
registered_august,COM_2834,0,0
registered_august,COM_2840,0,0
registered_august,COM_2842,0,0
registered_august,COM_2851,0,0
registered_august,COM_2856,0,0
registered_august,COM_2858,0,0
registered_august,COM_2860,0,0
registered_august,COM_2864,0,0
registered_august,COM_2869,0,0
registered_august,COM_2871,0,0
registered_august,COM_2873,0,0
registered_august,COM_2874,0,0
registered_august,COM_2882,0,0
registered_august,COM_2883,0,0
registered_august,COM_2887,0,0
registered_august,COM_2894,0,0
registered_august,COM_2895,0,0
registered_august,COM_2897,0,0
registered_august,COM_2898,0,0
registered_august,COM_2911,0,0
registered_august,COM_2912,0,0
registered_august,COM_2923,0,0
registered_august,COM_2924,0,0
registered_august,COM_2925,0,0
registered_august,COM_2929,0,1
registered_august,COM_2933,0,0
registered_august,COM_2937,0,0
registered_august,COM_2939,0,0
registered_august,COM_2941,0,0
registered_august,COM_2943,0,0
registered_august,COM_2949,0,0
registered_august,COM_2950,0,0
registered_august,COM_2953,0,0
registered_august,COM_2954,0,0
registered_august,COM_2965,0,0
registered_august,COM_2971,0,0
registered_august,COM_2976,0,0
without_august,TE_045,0,0
without_august,COM_085,0,0
without_august,COM_092,0,0
without_august,COM_100,0,0
without_august,COM_103,0,0
without_august,COM_119,0,0
without_august,COM_134,0,0
without_august,COM_139,0,0
without_august,COM_145,0,0
without_august,COM_160,0,0
without_august,COM_162,0,0
without_august,COM_170,0,0
without_august,COM_172,0,0
without_august,COM_181,0,0
without_august,COM_193,0,0
without_august,COM_201,0,0
without_august,COM_212,0,0
without_august,COM_215,0,0
without_august,COM_216,0,0
without_august,COM_223,0,0
without_august,COM_224,0,0
without_august,COM_233,0,0
without_august,COM_234,0,0
without_august,COM_236,0,0
without_august,COM_247,0,0
without_august,COM_248,0,0
without_august,COM_250,0,0
without_august,COM_267,0,0
without_august,COM_271,0,0
without_august,COM_275,0,0
without_august,COM_279,0,0
without_august,COM_298,0,0
without_august,COM_312,0,0
without_august,COM_313,0,0
without_august,COM_316,0,0
without_august,COM_317,0,0
without_august,COM_319,0,0
without_august,COM_325,0,0
without_august,COM_337,0,0
without_august,COM_338,0,0
without_august,COM_357,0,1
without_august,COM_361,0,0
without_august,COM_365,0,0
without_august,COM_367,0,0
without_august,COM_369,0,0
without_august,COM_370,0,0
without_august,COM_371,0,0
without_august,COM_373,0,0
without_august,COM_375,0,0
without_august,COM_376,0,0
without_august,COM_377,0,0
without_august,COM_378,0,0
without_august,COM_382,0,0
without_august,COM_383,0,0
without_august,COM_384,0,0
without_august,COM_387,0,0
without_august,COM_391,0,0
without_august,COM_396,0,1
without_august,COM_398,0,0
without_august,COM_404,0,0
without_august,COM_407,0,0
without_august,COM_411,0,0
without_august,COM_412,0,0
without_august,COM_414,0,0
without_august,COM_415,0,0
without_august,COM_422,0,0
without_august,COM_438,0,0
without_august,COM_446,0,0
without_august,COM_451,0,0
without_august,COM_463,0,0
without_august,COM_473,0,0
without_august,COM_478,0,0
without_august,COM_481,0,0
without_august,COM_484,0,0
without_august,COM_489,0,0
without_august,COM_494,0,0
without_august,COM_513,0,0
without_august,COM_519,0,0
without_august,COM_531,0,0
without_august,COM_547,0,0
without_august,COM_549,0,0
without_august,COM_555,0,0
without_august,COM_563,0,0
without_august,COM_566,0,0
without_august,COM_572,0,0
without_august,COM_588,0,0
without_august,COM_589,0,0
without_august,COM_601,0,0
without_august,COM_603,0,0
without_august,COM_605,0,0
without_august,COM_609,0,0
without_august,COM_610,0,0
without_august,COM_615,0,0
without_august,COM_616,0,0
without_august,COM_620,0,1
without_august,COM_621,0,0
without_august,COM_624,0,0
without_august,COM_626,0,0
without_august,COM_630,0,0
without_august,COM_631,0,0
without_august,COM_639,0,0
without_august,COM_647,0,0
without_august,COM_653,0,0
without_august,COM_665,0,0
without_august,COM_695,0,0
without_august,COM_698,0,0
without_august,COM_700,0,0
without_august,COM_711,0,0
without_august,COM_714,0,1
without_august,COM_718,0,0
without_august,COM_720,0,0
without_august,COM_722,0,0
without_august,COM_723,0,0
without_august,COM_725,0,0
without_august,COM_728,0,0
without_august,COM_736,0,0
without_august,COM_737,0,0
without_august,COM_748,0,0
without_august,COM_752,0,0
without_august,COM_757,0,0
without_august,COM_760,0,0
without_august,COM_767,0,0
without_august,COM_769,0,0
without_august,COM_773,0,0
without_august,COM_781,0,0
without_august,COM_790,0,0
without_august,COM_798,0,1
without_august,COM_801,0,0
without_august,COM_811,0,0
without_august,COM_817,0,0
without_august,COM_821,0,0
without_august,COM_822,0,0
without_august,COM_828,0,0
without_august,COM_835,0,0
without_august,COM_841,0,0
without_august,COM_854,0,0
without_august,COM_858,0,0
without_august,COM_863,0,0
without_august,COM_868,0,0
without_august,COM_871,0,0
without_august,COM_886,0,0
without_august,COM_892,0,0
without_august,COM_894,0,0
without_august,COM_898,0,0
without_august,COM_899,0,0
without_august,COM_905,0,0
without_august,COM_907,0,0
without_august,COM_908,0,0
without_august,COM_912,0,0
without_august,COM_923,0,0
without_august,COM_924,0,0
without_august,COM_935,0,0
without_august,COM_947,0,0
without_august,COM_955,0,0
without_august,COM_956,0,0
without_august,COM_958,0,1
without_august,COM_959,0,0
without_august,COM_960,0,0
without_august,COM_967,0,0
without_august,COM_969,0,0
without_august,COM_971,0,1
without_august,COM_984,0,0
without_august,COM_989,0,0
without_august,COM_1010,0,0
without_august,COM_1016,0,0
without_august,COM_1023,0,0
without_august,COM_1033,0,0
without_august,COM_1038,0,0
without_august,COM_1039,0,0
without_august,COM_1040,0,0
without_august,COM_1043,0,0
without_august,COM_1046,0,0
without_august,COM_1048,0,0
without_august,COM_1049,0,0
without_august,COM_1052,0,0
without_august,COM_1062,0,0
without_august,COM_1065,0,0
without_august,COM_1068,0,0
without_august,COM_1072,0,0
without_august,COM_1073,0,0
without_august,COM_1077,0,0
without_august,COM_1080,0,0
without_august,COM_1081,0,0
without_august,COM_1087,0,0
without_august,COM_1095,0,0
without_august,COM_1104,0,0
without_august,COM_1122,0,0
without_august,COM_1141,0,0
without_august,COM_1146,0,0
without_august,COM_1149,0,0
without_august,COM_1151,0,0
without_august,COM_1152,0,0
without_august,COM_1159,0,0
without_august,COM_1163,0,0
without_august,COM_1166,0,0
without_august,COM_1172,0,0
without_august,COM_1175,0,0
without_august,COM_1177,0,0
without_august,COM_1189,0,1
without_august,COM_1191,0,0
without_august,COM_1193,0,0
without_august,COM_1196,0,0
without_august,COM_1205,0,0
without_august,COM_1219,0,0
without_august,COM_1224,0,0
without_august,COM_1230,0,0
without_august,COM_1231,0,0
without_august,COM_1233,0,0
without_august,COM_1234,0,0
without_august,COM_1239,0,0
without_august,COM_1252,0,0
without_august,COM_1267,0,0
without_august,COM_1270,0,0
without_august,COM_1272,0,0
without_august,COM_1281,0,0
without_august,COM_1284,0,0
without_august,COM_1286,0,0
without_august,COM_1287,0,0
without_august,COM_1290,0,0
without_august,COM_1291,0,0
without_august,COM_1292,0,0
without_august,COM_1306,0,0
without_august,COM_1316,0,0
without_august,COM_1322,0,0
without_august,COM_1333,0,0
without_august,COM_1336,0,0
without_august,COM_1339,0,0
without_august,COM_1343,0,0
without_august,COM_1347,0,0
without_august,COM_1358,0,0
without_august,COM_1360,0,0
without_august,COM_1366,0,0
without_august,COM_1372,0,0
without_august,COM_1379,0,0
without_august,COM_1384,0,0
without_august,COM_1385,0,0
without_august,COM_1395,0,0
without_august,COM_1405,0,0
without_august,COM_1409,0,0
without_august,COM_1413,0,0
without_august,COM_1424,0,0
without_august,COM_1426,0,0
without_august,COM_1431,0,0
without_august,COM_1433,0,0
without_august,COM_1434,0,0
without_august,COM_1444,0,0
without_august,COM_1445,0,0
without_august,COM_1451,0,0
without_august,COM_1452,0,0
without_august,COM_1453,0,0
without_august,COM_2029,0,0
without_august,COM_2089,0,0
without_august,COM_2097,0,0
without_august,COM_2103,0,0
without_august,COM_2104,0,0
without_august,COM_2107,0,0
without_august,COM_2110,0,0
without_august,COM_2117,0,0
without_august,COM_2120,0,0
without_august,COM_2134,0,0
without_august,COM_2139,0,0
without_august,COM_2143,0,0
without_august,COM_2145,0,0
without_august,COM_2154,0,0
without_august,COM_2155,0,0
without_august,COM_2156,0,0
without_august,COM_2158,0,0
without_august,COM_2161,0,0
without_august,COM_2162,0,0
without_august,COM_2165,0,0
without_august,COM_2167,0,0
without_august,COM_2173,0,0
without_august,COM_2180,0,0
without_august,COM_2197,0,0
without_august,COM_2201,0,0
without_august,COM_2211,0,0
without_august,COM_2215,0,0
without_august,COM_2219,0,0
without_august,COM_2225,0,0
without_august,COM_2228,0,0
without_august,COM_2238,0,0
without_august,COM_2248,0,0
without_august,COM_2250,0,0
without_august,COM_2253,0,0
without_august,COM_2257,0,0
without_august,COM_2259,0,0
without_august,COM_2263,0,0
without_august,COM_2266,0,0
without_august,COM_2269,0,0
without_august,COM_2282,0,0
without_august,COM_2286,0,0
without_august,COM_2294,0,0
without_august,COM_2310,0,0
without_august,COM_2316,0,0
without_august,COM_2319,0,0
without_august,COM_2321,0,0
without_august,COM_2324,0,0
without_august,COM_2330,0,0
without_august,COM_2332,0,0
without_august,COM_2340,0,0
without_august,COM_2349,0,0
without_august,COM_2352,0,0
without_august,COM_004,1,1
without_august,COM_005,1,1
without_august,COM_009,1,1
without_august,COM_012,1,1
without_august,COM_013,1,0
without_august,COM_014,1,1
without_august,COM_015,1,1
without_august,TE_024,1,1
without_august,TE_049,1,1
without_august,NEW_050,1,1
without_august,NEW_051,1,1
without_august,NEW_059,1,0
without_august,NEW_062,1,1
without_august,COM_072,1,1
without_august,COM_081,1,1
without_august,COM_082,1,1
without_august,COM_083,1,1
without_august,COM_502,1,1
without_august,COM_557,1,1
without_august,COM_658,1,1
without_august,COM_706,1,1
without_august,COM_735,1,1
without_august,COM_746,1,1
without_august,COM_859,1,1
without_august,COM_875,1,1
without_august,COM_900,1,1
without_august,COM_1032,1,1
without_august,COM_1063,1,1
without_august,COM_1094,1,1
without_august,COM_1245,1,1
without_august,COM_1377,1,1
without_august,COM_1380,1,1
without_august,COM_1407,1,1
without_august,COM_1439,1,1
without_august,COM_1465,1,1
without_august,COM_1466,1,1
without_august,COM_1473,1,1
without_august,COM_1485,1,1
without_august,COM_1487,1,1
without_august,COM_1488,1,1
without_august,COM_1489,1,1
without_august,COM_1502,1,1
without_august,COM_1506,1,1
without_august,COM_1517,1,1
without_august,COM_1540,1,1
without_august,COM_1541,1,1
without_august,COM_1543,1,1
without_august,COM_1551,1,1
without_august,COM_1553,1,1
without_august,COM_1554,1,1
without_august,COM_1558,1,1
without_august,COM_1559,1,1
without_august,COM_1564,1,1
without_august,COM_1568,1,1
without_august,COM_1571,1,1
without_august,COM_1578,1,1
without_august,COM_1584,1,1
without_august,COM_1590,1,1
without_august,COM_1596,1,1
without_august,COM_1601,1,1
without_august,COM_1608,1,1
without_august,COM_1609,1,1
without_august,COM_1624,1,1
without_august,COM_1629,1,1
without_august,COM_1640,1,1
without_august,COM_1642,1,1
without_august,COM_1646,1,1
without_august,COM_1647,1,1
without_august,COM_1654,1,1
without_august,COM_1658,1,1
without_august,COM_1661,1,1
without_august,COM_1678,1,1
without_august,COM_1679,1,1
without_august,COM_1680,1,1
without_august,COM_1701,1,1
without_august,COM_1714,1,1
without_august,COM_1715,1,1
without_august,COM_1720,1,1
without_august,COM_1722,1,1
without_august,COM_1723,1,1
without_august,COM_1724,1,1
without_august,COM_1730,1,1
without_august,COM_1740,1,1
without_august,COM_1742,1,1
without_august,COM_1746,1,0
without_august,COM_1750,1,1
without_august,COM_1755,1,1
without_august,COM_1761,1,1
without_august,COM_1763,1,1
without_august,COM_1764,1,1
without_august,COM_1777,1,1
without_august,COM_1779,1,1
without_august,COM_1788,1,1
without_august,COM_1808,1,1
without_august,COM_1812,1,1
without_august,COM_1816,1,1
without_august,COM_1818,1,1
without_august,COM_1820,1,1
without_august,COM_1826,1,1
without_august,COM_1833,1,1
without_august,COM_1835,1,1
without_august,COM_1836,1,1
without_august,COM_1839,1,1
without_august,COM_1853,1,1
without_august,COM_1854,1,1
without_august,COM_1867,1,1
without_august,COM_1873,1,1
without_august,COM_1874,1,1
without_august,COM_1882,1,1
without_august,COM_1886,1,1
without_august,COM_1890,1,1
without_august,COM_1905,1,1
without_august,COM_1910,1,1
without_august,COM_1916,1,1
without_august,COM_1918,1,1
without_august,COM_1919,1,1
without_august,COM_1942,1,1
without_august,COM_1948,1,1
without_august,COM_1949,1,1
without_august,COM_1950,1,1
without_august,COM_1952,1,1
without_august,COM_1953,1,1
without_august,COM_1956,1,1
without_august,COM_1958,1,1
without_august,COM_1963,1,1
without_august,COM_1971,1,1
without_august,COM_1992,1,1
without_august,COM_2007,1,1
without_august,COM_2010,1,1
without_august,COM_2018,1,1
without_august,COM_2019,1,1
without_august,COM_2023,1,1
without_august,COM_2026,1,0
without_august,COM_2050,1,1
without_august,COM_2056,1,1
without_august,COM_2058,1,1
without_august,COM_2060,1,1
without_august,COM_2066,1,1
without_august,COM_2067,1,1
without_august,COM_2071,1,1
without_august,COM_2076,1,1
without_august,COM_2078,1,1
forward_august,COM_2355,0,0
forward_august,COM_2356,0,0
forward_august,COM_2357,0,0
forward_august,COM_2358,0,0
forward_august,COM_2359,0,0
forward_august,COM_2360,0,0
forward_august,COM_2361,0,0
forward_august,COM_2362,0,0
forward_august,COM_2366,0,0
forward_august,COM_2367,0,0
forward_august,COM_2368,0,0
forward_august,COM_2369,0,0
forward_august,COM_2370,0,0
forward_august,COM_2382,0,0
forward_august,COM_2383,0,0
forward_august,COM_2384,0,0
forward_august,COM_2385,0,0
forward_august,COM_2386,0,0
forward_august,COM_2387,0,0
forward_august,COM_2392,0,0
forward_august,COM_2393,0,0
forward_august,COM_2394,0,1
forward_august,COM_2395,0,0
forward_august,COM_2396,0,0
forward_august,COM_2397,0,0
forward_august,COM_2398,0,0
forward_august,COM_2399,0,0
forward_august,COM_2400,0,0
forward_august,COM_2401,0,0
forward_august,COM_2404,0,0
forward_august,COM_2405,0,0
forward_august,COM_2406,0,0
forward_august,COM_2407,0,1
forward_august,COM_2410,0,1
forward_august,COM_2412,0,1
forward_august,COM_2413,0,0
forward_august,COM_2414,0,1
forward_august,COM_2415,0,0
forward_august,COM_2416,0,0
forward_august,COM_2417,0,0
forward_august,COM_2418,0,0
forward_august,COM_2419,0,0
forward_august,COM_2420,0,0
forward_august,COM_2423,0,0
forward_august,COM_2425,0,0
forward_august,COM_2426,0,0
forward_august,COM_2427,0,0
forward_august,COM_2428,0,1
forward_august,COM_2429,0,1
forward_august,COM_2430,0,0
forward_august,COM_2431,0,0
forward_august,COM_2432,0,1
forward_august,COM_2433,0,1
forward_august,COM_2434,0,1
forward_august,COM_2435,0,0
forward_august,COM_2436,0,0
forward_august,COM_2437,0,0
forward_august,COM_2438,0,0
forward_august,COM_2439,0,0
forward_august,COM_2440,0,0
forward_august,COM_2441,0,0
forward_august,COM_2442,0,0
forward_august,COM_2443,0,0
forward_august,COM_2444,0,0
forward_august,COM_2445,0,0
forward_august,COM_2446,0,0
forward_august,COM_2447,0,0
forward_august,COM_2448,0,0
forward_august,COM_2449,0,0
forward_august,COM_2450,0,0
forward_august,COM_2451,0,0
forward_august,COM_2452,0,0
forward_august,COM_2453,0,0
forward_august,COM_2454,0,0
forward_august,COM_2455,0,0
forward_august,COM_2456,0,1
forward_august,COM_2457,0,0
forward_august,COM_2458,0,0
forward_august,COM_2460,0,0
forward_august,COM_2461,0,0
forward_august,COM_2462,0,0
forward_august,COM_2463,0,0
forward_august,COM_2464,0,0
forward_august,COM_2465,0,0
forward_august,COM_2466,0,0
forward_august,COM_2467,0,0
forward_august,COM_2468,0,0
forward_august,COM_2470,0,0
forward_august,COM_2472,0,0
forward_august,COM_2473,0,0
forward_august,COM_2474,0,0
forward_august,COM_2475,0,0
forward_august,COM_2476,0,0
forward_august,COM_2477,0,0
forward_august,COM_2478,0,0
forward_august,COM_2479,0,1
forward_august,COM_2480,0,0
forward_august,COM_2481,0,0
forward_august,COM_2482,0,0
forward_august,COM_2483,0,0
forward_august,COM_2484,0,1
forward_august,COM_2485,0,1
forward_august,COM_2486,0,0
forward_august,COM_2487,0,0
forward_august,COM_2488,0,1
forward_august,COM_2489,0,0
forward_august,COM_2490,0,0
forward_august,COM_2491,0,0
forward_august,COM_2492,0,0
forward_august,COM_2493,0,1
forward_august,COM_2494,0,0
forward_august,COM_2495,0,0
forward_august,COM_2496,0,0
forward_august,COM_2497,0,0
forward_august,COM_2498,0,0
forward_august,COM_2499,0,0
forward_august,COM_2501,0,1
forward_august,COM_2502,0,0
forward_august,COM_2503,0,0
forward_august,COM_2504,0,0
forward_august,COM_2505,0,0
forward_august,COM_2506,0,0
forward_august,COM_2507,0,0
forward_august,COM_2508,0,0
forward_august,COM_2509,0,0
forward_august,COM_2510,0,0
forward_august,COM_2511,0,0
forward_august,COM_2512,0,0
forward_august,COM_2513,0,0
forward_august,COM_2514,0,0
forward_august,COM_2515,0,0
forward_august,COM_2516,0,0
forward_august,COM_2517,0,0
forward_august,COM_2518,0,0
forward_august,COM_2519,0,0
forward_august,COM_2520,0,0
forward_august,COM_2521,0,0
forward_august,COM_2522,0,1
forward_august,COM_2523,0,0
forward_august,COM_2524,0,0
forward_august,COM_2525,0,0
forward_august,COM_2526,0,0
forward_august,COM_2527,0,0
forward_august,COM_2528,0,0
forward_august,COM_2529,0,0
forward_august,COM_2530,0,0
forward_august,COM_2531,0,0
forward_august,COM_2532,0,0
forward_august,COM_2533,0,0
forward_august,COM_2534,0,0
forward_august,COM_2535,0,0
forward_august,COM_2536,0,0
forward_august,COM_2537,0,0
forward_august,COM_2538,0,0
forward_august,COM_2539,0,0
forward_august,COM_2540,0,0
forward_august,COM_2541,0,0
forward_august,COM_2542,0,0
forward_august,COM_2543,0,0
forward_august,COM_2544,0,0
forward_august,COM_2545,0,0
forward_august,COM_2546,0,0
forward_august,COM_2547,0,0
forward_august,COM_2548,0,0
forward_august,COM_2549,0,0
forward_august,COM_2550,0,0
forward_august,COM_2551,0,0
forward_august,COM_2552,0,0
forward_august,COM_2553,0,0
forward_august,COM_2554,0,0
forward_august,COM_2555,0,0
forward_august,COM_2556,0,0
forward_august,COM_2557,0,0
forward_august,COM_2558,0,0
forward_august,COM_2559,0,0
forward_august,COM_2560,0,0
forward_august,COM_2561,0,0
forward_august,COM_2562,0,0
forward_august,COM_2563,0,0
forward_august,COM_2564,0,0
forward_august,COM_2565,0,0
forward_august,COM_2566,0,0
forward_august,COM_2567,0,0
forward_august,COM_2568,0,0
forward_august,COM_2569,0,0
forward_august,COM_2570,0,0
forward_august,COM_2571,0,0
forward_august,COM_2572,0,0
forward_august,COM_2573,0,1
forward_august,COM_2574,0,0
forward_august,COM_2575,0,0
forward_august,COM_2576,0,0
forward_august,COM_2577,0,0
forward_august,COM_2578,0,0
forward_august,COM_2579,0,1
forward_august,COM_2580,0,0
forward_august,COM_2581,0,0
forward_august,COM_2582,0,0
forward_august,COM_2583,0,0
forward_august,COM_2584,0,0
forward_august,COM_2585,0,0
forward_august,COM_2586,0,0
forward_august,COM_2587,0,0
forward_august,COM_2588,0,0
forward_august,COM_2589,0,0
forward_august,COM_2590,0,0
forward_august,COM_2591,0,0
forward_august,COM_2592,0,0
forward_august,COM_2593,0,0
forward_august,COM_2594,0,0
forward_august,COM_2595,0,0
forward_august,COM_2596,0,0
forward_august,COM_2597,0,0
forward_august,COM_2598,0,0
forward_august,COM_2599,0,0
forward_august,COM_2600,0,0
forward_august,COM_2601,0,1
forward_august,COM_2602,0,1
forward_august,COM_2603,0,1
forward_august,COM_2604,0,0
forward_august,COM_2605,0,0
forward_august,COM_2606,0,1
forward_august,COM_2607,0,0
forward_august,COM_2608,0,0
forward_august,COM_2609,0,0
forward_august,COM_2611,0,0
forward_august,COM_2613,0,0
forward_august,COM_2614,0,0
forward_august,COM_2615,0,1
forward_august,COM_2616,0,0
forward_august,COM_2617,0,0
forward_august,COM_2618,0,0
forward_august,COM_2619,0,0
forward_august,COM_2620,0,1
forward_august,COM_2621,0,0
forward_august,COM_2622,0,0
forward_august,COM_2623,0,0
forward_august,COM_2624,0,0
forward_august,COM_2625,0,0
forward_august,COM_2626,0,0
forward_august,COM_2627,0,0
forward_august,COM_2628,0,0
forward_august,COM_2629,0,0
forward_august,COM_2630,0,0
forward_august,COM_2631,0,1
forward_august,COM_2632,0,1
forward_august,COM_2633,0,0
forward_august,COM_2634,0,0
forward_august,COM_2635,0,0
forward_august,COM_2636,0,0
forward_august,COM_2637,0,0
forward_august,COM_2638,0,0
forward_august,COM_2639,0,0
forward_august,COM_2640,0,0
forward_august,COM_2641,0,0
forward_august,COM_2642,0,0
forward_august,COM_2643,0,0
forward_august,COM_2644,0,0
forward_august,COM_2645,0,0
forward_august,COM_2646,0,0
forward_august,COM_2647,0,0
forward_august,COM_2648,0,0
forward_august,COM_2649,0,0
forward_august,COM_2650,0,0
forward_august,COM_2651,0,0
forward_august,COM_2652,0,1
forward_august,COM_2653,0,1
forward_august,COM_2654,0,0
forward_august,COM_2655,0,0
forward_august,COM_2656,0,0
forward_august,COM_2657,0,0
forward_august,COM_2658,0,0
forward_august,COM_2659,0,0
forward_august,COM_2660,0,0
forward_august,COM_2661,0,0
forward_august,COM_2662,0,0
forward_august,COM_2663,0,0
forward_august,COM_2664,0,0
forward_august,COM_2665,0,0
forward_august,COM_2666,0,0
forward_august,COM_2667,0,0
forward_august,COM_2668,0,0
forward_august,COM_2669,0,0
forward_august,COM_2670,0,0
forward_august,COM_2671,0,0
forward_august,COM_2672,0,0
forward_august,COM_2673,0,0
forward_august,COM_2674,0,0
forward_august,COM_2675,0,1
forward_august,COM_2676,0,0
forward_august,COM_2677,0,0
forward_august,COM_2678,0,0
forward_august,COM_2679,0,0
forward_august,COM_2680,0,0
forward_august,COM_2681,0,0
forward_august,COM_2682,0,0
forward_august,COM_2683,0,0
forward_august,COM_2684,0,1
forward_august,COM_2685,0,1
forward_august,COM_2686,0,0
forward_august,COM_2687,0,0
forward_august,COM_2688,0,0
forward_august,COM_2689,0,0
forward_august,COM_2690,0,0
forward_august,COM_2691,0,0
forward_august,COM_2692,0,0
forward_august,COM_2693,0,0
forward_august,COM_2694,0,0
forward_august,COM_2695,0,0
forward_august,COM_2696,0,1
forward_august,COM_2698,0,0
forward_august,COM_2699,0,0
forward_august,COM_2700,0,0
forward_august,COM_2701,0,0
forward_august,COM_2702,0,0
forward_august,COM_2703,0,0
forward_august,COM_2704,0,0
forward_august,COM_2705,0,0
forward_august,COM_2706,0,0
forward_august,COM_2707,0,0
forward_august,COM_2708,0,0
forward_august,COM_2709,0,0
forward_august,COM_2710,0,0
forward_august,COM_2711,0,0
forward_august,COM_2712,0,0
forward_august,COM_2713,0,0
forward_august,COM_2714,0,0
forward_august,COM_2715,0,0
forward_august,COM_2716,0,0
forward_august,COM_2717,0,0
forward_august,COM_2718,0,0
forward_august,COM_2719,0,0
forward_august,COM_2720,0,0
forward_august,COM_2721,0,0
forward_august,COM_2722,0,0
forward_august,COM_2723,0,0
forward_august,COM_2724,0,0
forward_august,COM_2725,0,0
forward_august,COM_2726,0,0
forward_august,COM_2727,0,0
forward_august,COM_2728,0,0
forward_august,COM_2729,0,0
forward_august,COM_2730,0,0
forward_august,COM_2731,0,0
forward_august,COM_2732,0,0
forward_august,COM_2733,0,0
forward_august,COM_2734,0,0
forward_august,COM_2735,0,0
forward_august,COM_2736,0,0
forward_august,COM_2737,0,0
forward_august,COM_2738,0,0
forward_august,COM_2739,0,0
forward_august,COM_2740,0,0
forward_august,COM_2741,0,0
forward_august,COM_2742,0,0
forward_august,COM_2743,0,0
forward_august,COM_2744,0,0
forward_august,COM_2745,0,0
forward_august,COM_2746,0,0
forward_august,COM_2747,0,0
forward_august,COM_2748,0,0
forward_august,COM_2749,0,0
forward_august,COM_2750,0,0
forward_august,COM_2751,0,0
forward_august,COM_2752,0,0
forward_august,COM_2753,0,0
forward_august,COM_2754,0,0
forward_august,COM_2755,0,0
forward_august,COM_2756,0,0
forward_august,COM_2757,0,0
forward_august,COM_2758,0,0
forward_august,COM_2759,0,0
forward_august,COM_2760,0,0
forward_august,COM_2761,0,0
forward_august,COM_2762,0,0
forward_august,COM_2763,0,0
forward_august,COM_2764,0,0
forward_august,COM_2765,0,0
forward_august,COM_2766,0,0
forward_august,COM_2767,0,0
forward_august,COM_2768,0,0
forward_august,COM_2769,0,0
forward_august,COM_2770,0,0
forward_august,COM_2771,0,0
forward_august,COM_2772,0,0
forward_august,COM_2773,0,0
forward_august,COM_2774,0,0
forward_august,COM_2775,0,0
forward_august,COM_2776,0,0
forward_august,COM_2777,0,0
forward_august,COM_2778,0,0
forward_august,COM_2779,0,0
forward_august,COM_2780,0,0
forward_august,COM_2781,0,0
forward_august,COM_2782,0,0
forward_august,COM_2783,0,0
forward_august,COM_2784,0,0
forward_august,COM_2785,0,0
forward_august,COM_2786,0,0
forward_august,COM_2787,0,0
forward_august,COM_2788,0,0
forward_august,COM_2789,0,0
forward_august,COM_2790,0,0
forward_august,COM_2791,0,0
forward_august,COM_2792,0,0
forward_august,COM_2793,0,0
forward_august,COM_2794,0,0
forward_august,COM_2795,0,0
forward_august,COM_2796,0,0
forward_august,COM_2797,0,0
forward_august,COM_2798,0,0
forward_august,COM_2799,0,0
forward_august,COM_2800,0,0
forward_august,COM_2801,0,0
forward_august,COM_2802,0,0
forward_august,COM_2803,0,0
forward_august,COM_2804,0,0
forward_august,COM_2805,0,0
forward_august,COM_2806,0,0
forward_august,COM_2807,0,0
forward_august,COM_2808,0,0
forward_august,COM_2809,0,0
forward_august,COM_2810,0,0
forward_august,COM_2811,0,0
forward_august,COM_2812,0,0
forward_august,COM_2813,0,0
forward_august,COM_2814,0,0
forward_august,COM_2815,0,0
forward_august,COM_2816,0,0
forward_august,COM_2817,0,0
forward_august,COM_2818,0,0
forward_august,COM_2819,0,0
forward_august,COM_2820,0,0
forward_august,COM_2821,0,0
forward_august,COM_2822,0,0
forward_august,COM_2823,0,0
forward_august,COM_2824,0,0
forward_august,COM_2825,0,0
forward_august,COM_2826,0,0
forward_august,COM_2827,0,0
forward_august,COM_2828,0,0
forward_august,COM_2829,0,0
forward_august,COM_2830,0,0
forward_august,COM_2831,0,0
forward_august,COM_2832,0,0
forward_august,COM_2833,0,0
forward_august,COM_2834,0,0
forward_august,COM_2835,0,0
forward_august,COM_2836,0,0
forward_august,COM_2837,0,0
forward_august,COM_2838,0,0
forward_august,COM_2839,0,0
forward_august,COM_2840,0,0
forward_august,COM_2841,0,0
forward_august,COM_2842,0,0
forward_august,COM_2843,0,0
forward_august,COM_2844,0,0
forward_august,COM_2845,0,1
forward_august,COM_2846,0,0
forward_august,COM_2847,0,0
forward_august,COM_2848,0,0
forward_august,COM_2849,0,0
forward_august,COM_2850,0,0
forward_august,COM_2851,0,0
forward_august,COM_2852,0,0
forward_august,COM_2853,0,0
forward_august,COM_2854,0,0
forward_august,COM_2855,0,0
forward_august,COM_2856,0,0
forward_august,COM_2857,0,0
forward_august,COM_2858,0,0
forward_august,COM_2859,0,0
forward_august,COM_2860,0,0
forward_august,COM_2861,0,0
forward_august,COM_2862,0,0
forward_august,COM_2863,0,0
forward_august,COM_2864,0,0
forward_august,COM_2865,0,0
forward_august,COM_2866,0,0
forward_august,COM_2867,0,0
forward_august,COM_2868,0,0
forward_august,COM_2869,0,0
forward_august,COM_2870,0,0
forward_august,COM_2871,0,0
forward_august,COM_2872,0,0
forward_august,COM_2873,0,0
forward_august,COM_2874,0,0
forward_august,COM_2875,0,0
forward_august,COM_2876,0,0
forward_august,COM_2877,0,0
forward_august,COM_2878,0,0
forward_august,COM_2879,0,0
forward_august,COM_2880,0,0
forward_august,COM_2881,0,1
forward_august,COM_2882,0,0
forward_august,COM_2883,0,0
forward_august,COM_2884,0,0
forward_august,COM_2885,0,0
forward_august,COM_2886,0,0
forward_august,COM_2887,0,0
forward_august,COM_2888,0,0
forward_august,COM_2889,0,0
forward_august,COM_2890,0,0
forward_august,COM_2891,0,0
forward_august,COM_2892,0,1
forward_august,COM_2893,0,0
forward_august,COM_2894,0,1
forward_august,COM_2895,0,1
forward_august,COM_2896,0,0
forward_august,COM_2897,0,0
forward_august,COM_2898,0,0
forward_august,COM_2899,0,0
forward_august,COM_2900,0,0
forward_august,COM_2901,0,0
forward_august,COM_2902,0,0
forward_august,COM_2903,0,0
forward_august,COM_2904,0,0
forward_august,COM_2905,0,1
forward_august,COM_2906,0,0
forward_august,COM_2907,0,0
forward_august,COM_2908,0,0
forward_august,COM_2909,0,0
forward_august,COM_2910,0,0
forward_august,COM_2911,0,0
forward_august,COM_2912,0,0
forward_august,COM_2913,0,0
forward_august,COM_2914,0,0
forward_august,COM_2915,0,0
forward_august,COM_2916,0,0
forward_august,COM_2917,0,0
forward_august,COM_2918,0,0
forward_august,COM_2919,0,0
forward_august,COM_2920,0,1
forward_august,COM_2921,0,0
forward_august,COM_2922,0,0
forward_august,COM_2923,0,0
forward_august,COM_2924,0,0
forward_august,COM_2925,0,0
forward_august,COM_2926,0,0
forward_august,COM_2927,0,0
forward_august,COM_2928,0,1
forward_august,COM_2929,0,1
forward_august,COM_2930,0,0
forward_august,COM_2931,0,0
forward_august,COM_2932,0,0
forward_august,COM_2933,0,1
forward_august,COM_2934,0,0
forward_august,COM_2935,0,0
forward_august,COM_2936,0,0
forward_august,COM_2937,0,0
forward_august,COM_2938,0,0
forward_august,COM_2939,0,0
forward_august,COM_2940,0,1
forward_august,COM_2941,0,1
forward_august,COM_2942,0,0
forward_august,COM_2943,0,1
forward_august,COM_2944,0,1
forward_august,COM_2945,0,1
forward_august,COM_2946,0,1
forward_august,COM_2947,0,0
forward_august,COM_2948,0,0
forward_august,COM_2949,0,0
forward_august,COM_2950,0,1
forward_august,COM_2951,0,0
forward_august,COM_2952,0,0
forward_august,COM_2953,0,1
forward_august,COM_2954,0,0
forward_august,COM_2955,0,0
forward_august,COM_2956,0,0
forward_august,COM_2957,0,0
forward_august,COM_2958,0,0
forward_august,COM_2959,0,0
forward_august,COM_2960,0,0
forward_august,COM_2961,0,0
forward_august,COM_2963,0,0
forward_august,COM_2964,0,0
forward_august,COM_2965,0,0
forward_august,COM_2966,0,0
forward_august,COM_2967,0,0
forward_august,COM_2968,0,0
forward_august,COM_2970,0,1
forward_august,COM_2971,0,0
forward_august,COM_2972,0,0
forward_august,COM_2973,0,1
forward_august,COM_2974,0,0
forward_august,COM_2975,0,0
forward_august,COM_2976,0,0
forward_august,COM_2977,0,0
forward_august,COM_2978,0,0
forward_august,COM_2979,0,0
forward_august,COM_2980,0,0
forward_august,COM_2981,0,0
